id,ccr,1,2,3,4,5,6,7,8,9,10,11,12,13,14,15,16,17,18,19,20,21,22,23,24,25,26,27,28,31,32,33,34,35,37,38,39,40,41,42,43,44,45,46,48,49,50,51,52,53,64,65,66,67,68,69,78,79
2,UFT.2015(L)8501,,+,+,-,-,+,+,-,-,-,+,-,-,+,+,+,+,+,+,+,+,+,-,+,+,+,-,,,,,,,,,,,,,,,,,,,,,,,,,,,,,,
4,UFT.2015(L)8503,,+,+,+w,+,+,-+,-,+w,+w,-+,-c,-c,+,+,-+,+w,-c,+,+,-,+w,+w,-+,-+,+,+,,,,,,,,,,,,,,,,,,,,,,,,,,,,,,
6,UFT.2015(L)8505,,-+,+,-+,-+,-,+,-+,-,-,+,-,-,+,+,-+,-+,-,+,+,-,+,-,+,+,+,-,,,,,,,,,,,,,,,,,,,,,,,,,,,,,,
7,UFT.2015(L)8506,,-c,-c,-,-,+,-,-,-,-,-,-,c,-,-,-,-,-,-,-c,-,-,-,-,-c,-,+,,,,,,,,,,,,,,,,,,,,,,,,,,,,,,
8,UFT.2015(L)8507,,+,+,+,+,+,+,-,-,-,+,-,-,+,-,-,+,c,+,+,+,+,-,+,+,+,+,,,,,,,,,,,,,,,,,,,,,,,,,,,,,,
10,UFT.2015(L)8509,,+,+,+w,+,+,-+,-,+w,+w,-+,-c,-c,+,+,-+,+w,-c,+,+,-,+w,+w,-+,-+,+,+,,,,,,,,,,,,,,,,,,,,,,,,,,,,,,
11,UFT.2015(L)8510,,+,+,+w,+,+,-+,-,+w,+w,-+,-c,-c,+,+,-+,+w,-c,+,+,-,+w,+w,-+,-+,+,+,,,,,,,,,,,,,,,,,,,,,,,,,,,,,,
12,UFT.2015(L)8511,,+,+,+,c,c,+,-,-,c,+,-,+,+,c,c,-,-,d,+,c,+,-,c,+,-,+,,,,,,,,,,,,,,,,,,,,,,,,,,,,,,
13,UFT.2015(L)8512,,-c,-c,-,-,+,-,-,-,-,-,-,c,-,-,-,-,-,-,-c,-,-,-,-,-c,-,+,,,,,,,,,,,,,,,,,,,,,,,,,,,,,,
15,UFT.2015(L)8514,,-c,-c,-,-,+,-,-,-,-,-,-,c,-,-,-,-,-,-,-c,-,-,-,-,-c,-,+,,,,,,,,,,,,,,,,,,,,,,,,,,,,,,
16,UFT.2015(L)8515,,+,+,+w,+,+,-+,-,+w,+w,-+,-c,-c,+,+,-+,+w,-c,+,+,-,+w,+w,-+,-+,+,+,,,,,,,,,,,,,,,,,,,,,,,,,,,,,,
17,UFT.2015(L)8516,,-c,-c,-,-,+,-,-,-,-,-,-,c,-,-,-,-,-,-,-c,-,-,-,-,-c,-,+,,,,,,,,,,,,,,,,,,,,,,,,,,,,,,
18,UFT.2015(L)8517,,-c,+,+,+,+,+,+,-,-,+,-,-,+,+,-,+,-,+,+,+,+,-,+,+,+,+,,,,,,,,,,,,,,,,,,,,,,,,,,,,,,
20,UFT.2015(L)8519,,-c,-c,-,-,+,-,-,-,-,-,-,c,-,-,-,-,-,-,-c,-,-,-,-,-c,-,+,,,,,,,,,,,,,,,,,,,,,,,,,,,,,,
22,UFT.2015(L)8521,,-c,-c,-,-,+,-,-,-,-,-,-,c,-,-,-,-,-,-,-c,-,-,-,-,-c,-,+,,,,,,,,,,,,,,,,,,,,,,,,,,,,,,
23,UFT.2015(L)8522,,-w,+w,+,+,-+,+,-,-,+,+,+,-,+,-,d,-w,+,+,+,-,+,-,+,+,+,+,+,-,+,+,-,-,+,+w,,,-,+,+,,,,,,,,,,,,,,,,,
24,UFT.2015(L)8523,,+,+,+,+,+,-,-,-,-,+,-,-,+,-,-+,-+,-,+,+,-,+,-,+,+,-+,+,,,,,,,,,,,,,,,,,,,,,,,,,,,,,,
25,UFT.2015(L)8524,,-c,-c,-,-,+,-,-,-,-,-,-,c,-,-,-,-,-,-,-c,-,-,-,-,-c,-,+,,,,,,,,,,,,,,,,,,,,,,,,,,,,,,
26,UFT.2015(L)8525,,+,+,+,c,c,+,-,-,c,+,-,+,+,c,c,-,-,d,+,c,+,-,c,+,-,+,,,,,,,,,,,,,,,,,,,,,,,,,,,,,,
30,UFT.2015(L)8529,,+,+,+w,+,+,-+,-,+w,+w,-+,-c,-c,+,+,-+,+w,-c,+,+,-,+w,+w,-+,-+,+,+,,,,,,,,,,,,,,,,,,,,,,,,,,,,,,
31,UFT.2015(L)8530,,+,+,+w,+,+,-+,-,+w,+w,-+,-c,-c,+,+,-+,+w,-c,+,+,-,+w,+w,-+,-+,+,+,,,,,,,,,,,,,,,,,,,,,,,,,,,,,,
32,UFT.2015(L)8531,,+,-+,+,+,+,+,-,-c,c,-,-,+,+,c,-+,+w,-,-+,-c,-,+,-c,-c,+,+,-,,,,,,,,,,,,,,,,,,,,,,,,,,,,,,
33,UFT.2015(L)8532,,+,+,+w,+,+,-+,-,+w,+w,-+,-c,-c,+,+,-+,+w,-c,+,+,-,+w,+w,-+,-+,+,+,,,,,,,,,,,,,,,,,,,,,,,,,,,,,,
36,UFT.2015(L)8535,,-c,-c,-,-,+,-,-,-,-,-,-,c,-,-,-,-,-,-,-c,-,-,-,-,-c,-,+,,,,,,,,,,,,,,,,,,,,,,,,,,,,,,
37,UFT.2015(L)8536,,+w,-,+,+,+w,+w,-,-,+w,+w,-,+w,+w,-,-,-,-,+,+,+w,-,-,+w,+w,+w,+w,-,+,+,-,-,-,-,+w,,,+w,-,-,,,,,,,,,,,,,,,,,
39,UFT.2015(L)8538,,-c,-c,-,-,+,-,-,-,-,-,-,c,-,-,-,-,-,-,-c,-,-,-,-,-c,-,+,,,,,,,,,,,,,,,,,,,,,,,,,,,,,,
40,UFT.2015(L)8539,,-c,-c,-,-,+,-,-,-,-,-,-,c,-,-,-,-,-,-,-c,-,-,-,-,-c,-,+,,,,,,,,,,,,,,,,,,,,,,,,,,,,,,
41,UFT.2015(L)8540,,+w,-,+,+,+w,+w,-,-,+w,+w,-,+w,+w,-,-,-,-,+,+,+w,-,-,+w,+w,+w,+w,-,+,+,-,-,-,-,+w,,,+w,-,-,,,,,,,,,,,,,,,,,
42,UFT.2015(L)8541,,-c,-c,-,-,+,-,-,-,-,-,-,c,-,-,-,-,-,-,-c,-,-,-,-,-c,-,+,,,,,,,,,,,,,,,,,,,,,,,,,,,,,,
43,UFT.2015(L)8542,,-c,-c,-,-,+,-,-,-,-,-,-,c,-,-,-,-,-,-,-c,-,-,-,-,-c,-,+,,,,,,,,,,,,,,,,,,,,,,,,,,,,,,
44,UFT.2015(L)8543,,+,+,+,c,c,+,-,-,c,+,-,+,+,c,c,-,-,d,+,c,+,-,c,+,-,+,,,,,,,,,,,,,,,,,,,,,,,,,,,,,,
45,UFT.2015(L)8544,,+,+,+,+,+,+,-+,+,+,+,+,+,+,+,+,+,+,+,+,+,+,-+,+,+,-+,-+,+,-+,+,+,+,-,+,,,,,,,,,,,,,,,,,,,,,,,
46,UFT.2015(L)8545,,+,+,+,c,c,+,-,-,c,+,-,+,+,c,c,-,-,d,+,c,+,-,c,+,-,+,,,,,,,,,,,,,,,,,,,,,,,,,,,,,,
47,UFT.2015(L)8546,,+,+,+,c,c,+,-,-,c,+,-,+,+,c,c,-,-,d,+,c,+,-,c,+,-,+,,,,,,,,,,,,,,,,,,,,,,,,,,,,,,
48,UFT.2015(L)8547,,-,-,-,+,+,+,-,-,+,+,,,,,,,,,,,,,,,,,,,,,,,,,,,,,,,,,,,,,,,,,,,,,,
49,UFT.2015(L)8548,,+,+,+w,+,+,-+,-,+w,+w,-+,-c,-c,+,+,-+,+w,-c,+,+,-,+w,+w,-+,-+,+,+,,,,,,,,,,,,,,,,,,,,,,,,,,,,,,
50,UFT.2015(L)8549,,+,-+,-+,+,+,+,-,-,-,+,-,-,+,+,+,+,-,+,+,+,+,-,+,+,+,+,+,-,+,+,-,-,,,,,,,,,,,,,,,,,,,,,,,,
51,UFT.2015(L)8550,,+,+w,+,+,+w,+,-,-+,+,+,+w,-c,+,+,+w,+w,-c,+,+w,-+,+,-+,+w,-+,+,+w,,,,,,,,,,,,,,,,,,,,,,,,,,,,,,
52,UFT.2015(L)8551,,+,+,+w,+,+,-+,-,+w,+w,-+,-c,-c,+,+,-+,+w,-c,+,+w,-,+w,+w,-+,-+,+,+,,,,,,,,,,,,,,,,,,,,,,,,,,,,,,
54,UFT.2015(L)8553,,+,+,+,c,c,+,-,-,c,+,-,+,+,c,c,-,-,d,+,c,+,-,c,+,-,+,,,,,,,,,,,,,,,,,,,,,,,,,,,,,,
55,UFT.2015(L)8554,,+,+,+,+,c,+,-,-,-,+,-,-,+,-,-,-,-,+,+,-,+,-,+,+,+,,,,,,,,,,,,,,,,,,,,,,,,,,,,,,,
56,UFT.2015(L)8555,,+,+,+w,+,+,-+,-,+w,+w,-+,-c,-c,+,+,-+,+w,-c,+,+,-,+w,+w,-+,-+,+,+,,,,,,,,,,,,,,,,,,,,,,,,,,,,,,
58,UFT.2015(L)8557,,+,+,+w,+,+,-+,-,+w,+w,-+,-c,-c,+,+,-+,+w,-c,+,+,-,+w,+w,-+,-+,+,+,,,,,,,,,,,,,,,,,,,,,,,,,,,,,,
59,UFT.2015(L)8558,,+,+,+w,+,+,-+,-,+w,+w,-+,-c,-c,+,+,-+,+w,-c,+,+,-,+w,+w,-+,-+,+,+,,,,,,,,,,,,,,,,,,,,,,,,,,,,,,
60,UFT.2015(L)8559,,+,+,+w,+,+,-+,-,+w,+w,-+,-c,-c,+,+,-+,+w,-c,+,+,-,+w,+w,-+,-+,+,+,,,,,,,,,,,,,,,,,,,,,,,,,,,,,,
61,UFT.2015(L)8560,,+,+,+,c,c,+,-,-,c,+,-,+,+,c,c,-,-,d,+,c,+,-,c,+,-,+,,,,,,,,,,,,,,,,,,,,,,,,,,,,,,
62,UFT.2015(L)8561,,-,-,-,-,+,-,-,-,-,-,-,-,-,-,-,-,-,-,-,-,-,-,-,-+,-,+,-+,-,-,-,-,-,,,,,,,,,,,,,,,,,,,,,,,,
63,UFT.2015(L)8562,,-c,-c,-,-,+,-,-,-,-,-,-,c,-,-,-,-,-,-,-c,-,-,-,-,-c,-,+,,,,,,,,,,,,,,,,,,,,,,,,,,,,,,
64,UFT.2015(L)8563,,+,+w,+,+,+w,+,-,-+,+,+,+w,-c,+,+,+w,+w,-c,+,+w,-+,+,-+,+w,-+,+,+w,,,,,,,,,,,,,,,,,,,,,,,,,,,,,,
66,UFT.2015(L)8565,,-c,-c,-,-,+,-,-,-,-,-,-,c,-,-,-,-,-,-,-c,-,-,-,-,-c,-,+,,,,,,,,,,,,,,,,,,,,,,,,,,,,,,
67,UFT.2015(L)8566,,-c,-c,-,-,+,-,-,-,-,-,-,c,-,-,-,-,-,-,-c,-,-,-,-,-c,-,+,,,,,,,,,,,,,,,,,,,,,,,,,,,,,,
68,UFT.2015(L)8567,,+w,-,+,+,+w,+w,-,-,+w,+w,-,+w,+w,-,-,-,-,+,+,+w,-,-,+w,+w,+w,+w,-,+,+,-,-,-,-,+w,,,+w,-,-,,,,,,,,,,,,,,,,,
70,UFT.2015(L)8569,,+,+,+w,+,+,-+,-,+w,+w,-+,-c,-c,+,+,-+,+w,-c,+,+,-,+w,+w,-+,-+,+,+,,,,,,,,,,,,,,,,,,,,,,,,,,,,,,
71,UFT.2015(L)8570,,+,+,+w,+,+,-+,-,+w,+w,-+,-c,-c,+,+,-+,+w,-c,+,+,-,+w,+w,-+,-+,+,+,,,,,,,,,,,,,,,,,,,,,,,,,,,,,,
72,UFT.2015(L)8571,,+,+,+w,+,+,-+,-,+w,+w,-+,-c,-c,+,+,-+,+w,-c,+,+,-,+w,+w,-+,-+,+,+,,,,,,,,,,,,,,,,,,,,,,,,,,,,,,
73,UFT.2015(L)8572,,+,+,+w,+,+,-+,-,+w,+w,-+,-c,-c,+,+,-+,+w,-c,+,+,-,+w,+w,-+,-+,+,+,,,,,,,,,,,,,,,,,,,,,,,,,,,,,,
74,UFT.2015(L)8573,,+,-c,+,+,+,+,-,-,-,+w,-,-,+,-,-,+w,-,+,+,+,+,-,+,+,d,+,,,,,,,,,,,,,,,,,,,,,,,,,,,,,,
75,UFT.2015(L)8574,,-,-,-,-,-,-,-,-,-,-,-,-,-+,-,-,-,-,+,+,-,-,-,-,-,-,-,-,,,,,,,,,,,,,,,,,,,,,,,,,,,,,
77,UFT.2015(L)8576,,+,+,+w,+,+,-+,-,+w,+w,-+,-c,-c,+,+,-+,+w,-c,+,+,-,+w,+w,-+,-+,+,+,,,,,,,,,,,,,,,,,,,,,,,,,,,,,,
78,UFT.2015(L)8577,,+,+,+w,+,+,-+,-,+w,+w,-+,-c,-c,+,+,-+,+w,-c,+,+,-,+w,+w,-+,-+,+,+,,,,,,,,,,,,,,,,,,,,,,,,,,,,,,
79,UFT.2015(L)8578,,-,-,-,-,-,-,-,-,-,-,-,-,-+,-,-,-,-,+,+,-,-,-,-,-,-,-,-,,,,,,,,,,,,,,,,,,,,,,,,,,,,,
80,UFT.2015(L)8579,,+,+,+w,+,+,-+,-,+w,+w,-+,-c,-c,+,+,-+,+w,-c,+,+,-,+w,+w,-+,-+,+,+,,,,,,,,,,,,,,,,,,,,,,,,,,,,,,
81,UFT.2015(L)8580,,+,+,+w,+,+,-+,-,+w,+w,-+,-c,-c,+,+,-+,+w,-c,+,+,-,+w,+w,-+,-+,+,+,,,,,,,,,,,,,,,,,,,,,,,,,,,,,,
82,UFT.2014(L)6555,,+,+,+,+,+,+,-,+,-,+,-,-,+,+,+,-,-,-,-,-,+,w,+,+,+,+,+,-,+,+,-,-,-,-,-,-,-,+,+,+,+,,,-,-,+,+,-,-,+,+,+,+,+,+,+
83,UFT.2014(L)6817,,-,-,-,-,-,-,-,-,-,-,-,-,-,-,-,-,-,+,+,-,-,-,-,-,+,-,+,+,+,+,+,-,+,-,-,-,-,+,-,+,+,,,+,-,+,+,-,-,-,-,-,-,+,+,+
84,UFT.2014(L)6948,,+,+,+,+,+,+,-,-,+,+,-,-,+,+,,-,+,+,-,-,-,-,+,+,-,+,-,+,+,+,-,-,-,+,-,-,-,-,+,-,+,,,-,-,+,+,+,-,-,-,+,-,+,+,
85,UFT.2014(L)6648,,+,-,+,+,+,+,-,-,+,+,+,-,+,-,-,-,+,+,+,-,+,,+,+,,+,+,-,+,+,-,-,+,+,-,-,-,-,-,-,+,,,-,-,+,+,+,-,+,-,-,+,+,-,-
86,UFT.2014(L)6650,,+,+,+,+,+,+,-,-,+,+,-,-,+,+,+,-,-,+,+,-,+,+,+,+,+,+,-,-,+,+,-,-,-,-,-,-,-,-,+,+,+,,,-,-,+,+,+,-,+,+,-,+,+,+,+
87,UFT.2014(L)7799,,+,-,+,+,+,+,-,-,+,+,-,-,+,-,,-,+,+,-,-,+,-,+,+,+,+,-,-,+,+,-,-,-,-,-,-,-,-,+,-,+,,,-,-,+,+,+,-,+,-,-,+,+,-,
88,UFT.2014(L)7943,,-,+,-,+,-,-,-,-,-,-,-,-,-,-,-,-,-,+,-,-,-,-,-,-,-,-,-,+,+,-,-,-,-,-,-,-,-,-,+,-,+,,,,,,,,,,,,,,,
89,UFT.2014(L)7945,,+,-,+,+,+,+,-,-,+,+,-,-,+,-,,-,+,+,-,-,+,-,+,+,+,+,-,-,+,+,-,-,-,-,-,-,-,-,+,+,+,,,-,-,+,+,+,-,-,-,-,+,+,-,
90,UFT.2014(L)7263,,+,+,+,+,+,+,-,-,-,+,-,-,+,-,-,-,+,-,-,-,+,-,+,+,+,+,+,-,+,+,-,-,-,+,-,+,-,+,+,-,+,,,-,-,+,+,-,-,-,+,+,-,+,-,+
91,UFT.2014(L)7195,,-,+,-,-,-,-,-,-,-,-,-,-,+,-,-,-,-,+,+,-,-,-,-,-,-,-,-,+,+,+,-,-,-,-,-,-,-,-,-,-,+,,,-,-,+,+,-,-,-,-,-,+,+,-,-
92,UFT.2014(L)7389,,-,-,-,-,+,-,-,-,-,-,-,-,-,-,-,-,-,,-,-,-,-,-,-,-,+,+,-,-,-,-,-,-,-,,,,-,-,-,-,,,-,-,+,+,-,,-,-,,,,,
93,UFT.2014(L)7390,,-,+,-,+,+,-,-,-,-,-,-,-,+,-,,-,-,+,-,-,-,-,-,-,-,+,-,+,+,+,-,-,-,-,+,-,-,-,-,-,+,,,-,-,+,+,+,-,-,-,+,-,+,-,
94,UFT.2014(L)7391,,-,-,-,-,+,-,-,-,-,-,-,-,-,-,-,-,-,-,-,-,-,-,-,-,-,-,-,-,-,-,-,-,-,-,-,-,-,-,-,-,+,,,-,-,+,+,-,-,-,-,-,+,+,,
95,UFT.2014(L)7392,,-,-,-,+,-,-,-,-,-,-,-,-,+,-,,-,-,+,-,-,-,-,-,-,-,-,-,+,+,+,-,-,-,-,-,-,-,-,-,-,+,,,-,-,+,+,+,-,-,-,+,-,+,-,
96,UFT.2014(L)7393,,-,-,-,-,-,-,-,-,-,-,w,-,-,-,-,-,-,-,-,-,-,,-,-,,w,w,-,-,-,-,-,-,-,-,-,-,-,-,+,+,,,-,-,+,+,+,-,-,-,-,-,+,-,-
97,UFT.2014(L)7394,,+,+,+,-,+,+,+,-,-,+,-,+,+,+,+,+,-,+,+,-,w,w,+,+,-,w,+,+,,,-,-,-,,-,-,-,+,+,+,+,,,-,-,,,,,,,,,,,
98,UFT.2014(L)7802,,-,-,-,-,-,-,-,-,-,-,-,-,-,-,,-,-,-,-,-,-,-,-,-,-,+,-,-,-,-,-,-,-,-,-,-,-,-,-,+,+,,,-,-,+,+,+,-,-,-,-,-,+,-,
99,UFT.2014(L)7803,,-,+,-,-,-,-,-,-,-,-,-,-,+,-,-,-,-,+,w,-,-,,-,-,,w,+,+,+,+,-,-,-,+,-,+,-,-,-,-,+,,,-,-,+,+,+,-,-,-,+,-,+,-,-
100,UFT.2014(L)7804,,+,+,+,+,+,+,+,+,+,+,+,+,+,+,+,+,+,+,+,+,+,+,+,+,+,+,+,+,+,+,+,+,+,+,-,-,-,+,+,+,+,,,+,+,+,+,-,-,-,-,-,-,+,,
101,UFT.2014(L)6556,,-,-,-,-,-,-,-,-,-,-,-,-,-,-,-,-,-,+,-,-,+,-,+,+,+,+,-,-,w,-,-,-,-,+,-,-,-,-,-,-,+,,,-,-,+,+,-,-,-,-,-,-,+,,
102,UFT.2014(L)6891,,+,+,-,-,+,-,-,-,-,-,-,-,-,-,-,-,-,+,+,-,-,-,+,+,-,+,+,+,+,+,-,-,-,-,-,-,-,+,+,+,+,,,-,-,+,+,-,-,-,-,-,+,+,+,-
103,UFT.2014(L)7774,,+,+,+,+,+,+,-,-,+,+,-,-,+,+,+,+,-,+,+,+,+,,+,+,,+,+,+,+,+,-,-,+,+,-,-,-,-,-,+,+,,,+,+,+,+,+,-,+,+,+,+,+,+,-
104,UFT.2014(L)7777,,+,-,+,-,+,+,-,-,-,+,-,-,+,-,-,+,+,-,+,+,+,-,+,+,+,+,+,+,+,+,-,+,-,+,-,-,-,-,+,+,+,,,+,+,+,+,-,-,-,-,+,-,+,-,-
105,UFT.2014(L)7833,,+,-,+,+,+,+,-,-,+,+,-,-,+,,,,,,,,,,,,,,,,,,,,,,,,,,,,,,,-,-,,,,,,,,,,,
106,UFT.2014(L)7845,,+,-,+,+,+,-,-,-,-,+,-,-,+,+,w,-,-,,+,+,+,+,+,+,-,w,+,+,+,+,-,-,-,-,,,,+,+,+,+,,,+,+,+,+,-,,+,+,,,,,
107,UFT.2014(L)7271,,+,-,+,+,+,+,-,-,-,+,-,-,+,-,-,-,+,-,-,-,+,-,+,+,+,+,+,-,+,-,-,-,-,+,-,+,-,-,+,-,+,,,-,-,+,+,-,-,-,+,+,-,+,-,+
108,UFT.2014(L)7535,,-,-,-,-,-,-,-,-,-,-,-,-,-,-,-,-,-,+,+,-,-,-,+,+,-,-,-,+,+,-,-,-,-,-,-,-,-,-,+,-,+,,,-,-,+,+,-,,-,,,,,,
109,UFT.2014(L)7536,,+,-,-,-,+,-,-,-,-,-,-,-,-,-,-,w,+,-,-,-,-,-,-,-,-,+,+,-,-,-,-,-,-,+,-,-,-,+,-,+,+,,,-,-,+,+,-,-,-,-,+,+,+,+,+
110,UFT.2014(L)7537,,-,+,-,+,-,-,-,-,+,-,+,-,+,+,-,-,-,-,-,-,-,-,-,-,-,-,-,+,+,-,-,-,-,-,-,+,-,-,+,-,+,,,,,,,,,,,,,,,
111,UFT.2014(L)7823,,+,-,+,+,+,+,-,-,-,+,-,-,+,-,+,-,+,-,+,+,+,-,+,+,+,+,+,+,+,+,-,-,-,-,-,+,-,-,+,-,+,,,-,-,+,+,-,-,-,-,+,-,+,-,+
112,UFT.2014(L)7824,,+,+,+,+,+,+,-,-,-,+,-,-,+,-,-,+,+,-,+,+,+,-,+,+,+,+,+,-,+,+,-,-,-,-,-,-,-,+,+,-,+,,,-,-,+,+,-,-,-,-,+,-,+,-,-
113,UFT.2014(L)7825,,+,+,+,+,+,+,w,+,+,+,-,-,+,+,w,-,w,,+,-,+,+,+,+,+,+,w,-,+,+,-,-,w,+,-,+,-,+,+,+,+,,,-,-,+,+,-,-,-,-,-,-,+,+,-
114,UFT.2014(L)7826,,+,-,+,+,+,+,-,-,+,+,+,-,+,+,-,+,+,+,+,-,+,-,+,+,+,-,+,-,+,+,-,-,+,+,-,-,-,+,+,+,+,,,-,-,+,+,-,-,-,-,-,+,+,+,+
115,UFT.2014(L)7934,,-,-,-,-,+,-,-,-,-,-,-,-,-,-,-,-,-,-,-,-,-,-,-,-,-,-,-,-,-,-,-,-,-,-,-,-,-,+,-,-,+,,,-,-,+,+,-,-,-,-,-,-,+,+,-
116,UFT.2014(L)7935,,+,-,+,+,+,+,-,-,-,+,-,-,+,-,-,+,+,+,+,+,+,-,+,+,+,+,+,-,+,+,-,-,+,+,-,-,-,+,+,-,+,,,-,-,+,+,-,-,-,-,-,+,+,+,-
117,UFT.2014(L)6515,,-,-,-,-,-,-,-,-,-,-,-,-,-,-,-,-,-,-,-,-,-,-,-,-,-,+,-,-,-,-,-,-,-,-,-,-,-,-,-,-,+,,,-,-,+,+,-,-,-,-,-,+,+,,
118,UFT.2014(L)6545,,+,-,+,+,+,+,-,+,+,+,+,-,+,+,+,+,+,+,+,-,+,-,+,+,+,+,+,-,+,+,-,-,+,+,-,-,-,-,+,-,+,,,-,-,+,+,-,-,-,-,-,+,+,,
119,UFT.2014(L)6809,,+,-,+,+,+,+,-,-,+,+,+,-,+,-,-,+,+,+,+,-,+,-,+,+,+,+,+,-,+,+,-,-,+,-,-,-,-,-,+,-,+,,,-,-,+,+,-,,-,,,,,,
120,UFT.2014(L)6889,,-,+,-,-,+,-,-,-,-,-,-,-,+,-,-,-,-,+,+,-,+,-,-,-,-,-,+,+,+,+,-,-,-,+,-,-,-,-,-,-,+,,,-,+,+,+,-,-,-,-,-,-,+,+,+
121,UFT.2014(L)6944,,-,-,-,-,w,-,-,-,-,-,-,-,-,-,-,-,-,-,-,-,-,-,-,-,-,w,-,-,-,-,-,-,-,-,-,-,-,-,-,+,+,,,-,-,+,+,+,-,-,-,-,-,-,-,-
122,UFT.2014(L)7779,,+,-,+,-,+,+,-,-,-,+,-,-,+,-,w,-,+,-,-,-,+,-,+,+,+,+,+,w,+,+,-,-,+,+,-,-,-,-,+,-,+,,,-,-,+,+,-,-,+,-,+,-,+,-,-
123,UFT.2014(L)7988,,+,-,+,+,+,+,-,-,+,+,+,-,+,+,-,-,+,+,+,-,+,+,+,+,+,+,+,+,+,+,-,-,+,-,-,-,-,-,+,-,+,,,-,-,+,+,-,-,-,-,-,+,+,-,-
124,UFT.2014(L)7188,,-,+,-,-,-,-,-,-,-,-,-,-,-,-,-,-,-,-,+,-,-,-,-,-,-,-,-,+,+,+,-,-,-,-,-,+,-,-,+,-,+,,,-,-,+,+,-,-,-,-,+,-,+,+,+
125,UFT.2014(L)7538,,+,+,+,+,+,+,-,-,-,+,-,-,+,+,-,+,+,-,+,+,+,-,+,+,+,+,+,-,+,+,-,-,+,+,-,-,-,+,+,-,+,,,-,-,+,+,-,,-,,,,,,
126,UFT.2014(L)7539,,+,+,+,+,+,+,-,+,+,+,-,-,+,+,+,+,-,+,+,-,+,+,+,+,+,-,+,-,-,+,-,-,-,+,-,-,-,-,+,+,+,,,+,-,+,+,-,-,+,-,-,-,w,+,+
127,UFT.2014(L)7827,,+,+,+,+,+,+,-,-,-,+,-,-,+,-,-,+,+,-,+,+,+,-,+,+,+,+,+,-,+,+,-,-,+,+,-,-,-,+,+,-,+,,,-,-,+,+,-,,-,,,,,,
128,UFT.2014(L)7847,,-,+,-,+,-,-,-,-,-,-,-,-,+,-,-,-,-,+,+,-,-,-,-,-,-,-,-,+,+,+,-,-,-,+,-,-,-,-,+,-,+,,,-,-,+,+,-,,-,,,,,,
129,UFT.2014(L)7848,,+,+,+,-,+,+,-,-,-,+,-,-,+,+,-,-,-,-,+,-,,-,+,+,+,+,+,,+,+,-,-,+,+,-,-,-,+,+,+,+,,,-,-,+,+,-,-,+,+,+,+,+,+,-
130,UFT.2014(L)7936,,-,+,-,-,-,-,-,-,-,-,-,-,+,-,-,-,-,+,+,-,-,-,-,-,-,-,w,+,+,+,-,-,-,+,-,+,-,-,-,-,+,,,-,-,+,+,-,-,+,-,-,+,-,-,-
131,UFT.2014(L)8023,,+,-,+,+,+,+,-,-,-,+,-,-,+,-,-,-,+,-,-,-,+,-,+,+,-,+,+,-,+,+,-,-,+,-,-,-,-,-,+,-,+,,,-,-,+,+,-,-,-,-,+,+,+,-,-
132,UFT.2014(L)7818,,-,-,-,-,-,-,-,-,-,-,-,-,-,-,-,-,-,-,+,-,-,-,-,-,-,-,-,-,+,+,-,-,-,-,-,-,-,-,-,-,+,,,-,-,+,+,+,-,-,-,-,-,+,-,-
133,UFT.2014(L)7870,,-,-,-,-,+,-,-,-,-,-,-,-,-,-,-,-,-,-,-,-,-,-,-,-,-,+,+,-,-,-,-,-,-,-,-,-,-,-,-,+,+,,,-,-,+,+,-,,-,,,,,,
134,UFT.2014(L)6716,,+,-,+,+,+,+,-,-,-,+,-,-,+,-,-,-,+,-,-,-,+,-,+,+,+,+,+,-,+,+,-,-,+,-,-,-,-,-,+,-,+,,,-,-,+,+,-,-,+,-,+,+,+,-,-
135,UFT.2014(L)6717,,-,-,-,-,-,-,-,-,-,-,-,-,-,-,-,-,-,-,-,-,-,-,-,-,-,-,-,-,-,-,-,-,-,-,-,-,-,-,-,-,+,,,-,-,+,+,-,-,-,-,-,+,+,,
136,UFT.2014(L)6723,,+,+,+,-,+,+,-,-,-,+,-,-,+,w,w,-,w,-,+,-,,+,+,+,+,+,+,,+,+,-,-,+,+,-,-,-,+,+,+,+,,,-,-,+,+,-,-,+,+,+,-,+,-,-
137,UFT.2014(L)6888,,-,-,-,-,-,-,-,-,-,-,-,-,-,-,-,-,-,+,-,-,-,-,-,-,-,-,+,+,+,+,-,-,+,-,-,-,-,-,-,-,+,,,-,-,+,+,-,+,-,-,-,-,+,-,-
138,UFT.2014(L)6890,,-,+,-,-,+,-,-,-,-,-,-,-,+,-,-,-,-,+,-,-,-,-,-,-,-,+,-,+,+,+,-,-,-,+,-,-,-,-,-,+,+,,,-,-,+,+,+,-,-,-,+,-,+,-,-
139,UFT.2014(L)6893,,+,+,+,+,+,+,-,-,-,+,-,-,+,+,+,+,-,-,+,-,+,+,+,+,+,+,-,-,+,-,-,-,-,+,-,+,-,+,+,+,+,,,-,-,+,+,-,-,+,-,+,+,+,+,+
140,UFT.2014(L)7052,,+,+,-,-,w,-,-,-,w,-,-,w,+,-,-,w,-,+,-,-,-,+,-,-,-,+,+,+,+,+,-,-,+,+,+,-,-,-,+,-,+,,,-,-,+,+,+,-,-,-,+,+,+,-,-
141,UFT.2014(L)7862,,-,-,-,-,+,-,-,-,-,-,-,+,-,-,w,-,-,-,-,-,-,-,-,-,-,-,+,-,-,-,-,-,-,-,-,-,-,-,+,+,+,,,-,-,+,+,+,-,-,-,-,+,+,-,-
142,UFT.2014(L)7865,,+,+,+,-,+,+,-,-,-,+,-,-,+,+,-,-,-,-,+,-,,+,+,+,+,+,+,,+,+,-,-,+,+,-,-,-,+,+,+,+,,,-,-,+,+,-,-,+,-,+,+,+,+,+
143,UFT.2014(L)7031,,+,+,+,+,+,+,-,-,-,+,-,-,+,+,+,-,-,-,-,-,+,+,+,+,+,+,-,-,+,+,-,-,-,+,-,+,-,+,+,+,+,,,-,-,+,+,-,-,+,+,+,+,+,+,+
144,UFT.2014(L)7842,,+,-,+,-,+,+,-,-,-,+,-,-,+,-,-,-,+,-,-,-,,-,+,+,+,+,+,,+,+,-,-,+,+,-,-,-,+,+,-,+,,,-,-,+,+,-,-,+,-,+,-,+,-,-
145,UFT.2014(L)7242,,-,+,-,+,+,-,-,-,w,-,+,+,+,-,+,-,-,+,+,w,-,-,-,-,-,-,+,+,+,+,-,+,+,+,-,-,-,-,+,-,+,,,-,-,+,+,+,-,-,-,+,-,+,-,-
146,UFT.2014(L)7358,,+,+,+,+,+,+,+,+,+,+,-,+,+,+,+,+,-,-,-,+,+,-,w,+,+,-,+,-,+,+,+,-,+,+,-,-,-,+,+,+,+,,,+,+,+,+,+,-,-,-,-,-,+,-,-
147,UFT.2014(L)7049,,-,-,-,-,+,-,-,-,-,-,-,-,-,-,-,-,-,-,-,-,-,-,-,-,-,+,+,-,-,-,-,-,-,-,-,-,-,-,-,+,+,,,-,-,+,+,-,,-,,,,,,
148,UFT.2014(L)7540,,-,-,-,-,-,-,-,-,-,-,-,-,w,-,-,-,-,+,+,-,-,-,-,-,-,-,-,-,+,+,-,-,-,-,-,-,-,-,-,-,+,,,-,-,+,+,+,-,-,-,+,-,w,-,-
149,UFT.2014(L)7541,,+,-,+,-,+,+,-,-,-,+,-,-,+,-,-,+,+,-,+,+,+,-,+,+,+,+,+,+,+,+,-,+,-,+,-,-,-,-,+,+,+,,,+,+,+,+,-,-,-,-,+,-,+,-,-
150,UFT.2014(L)7542,,-,-,-,-,+,-,-,-,-,-,-,-,-,-,-,-,-,+,-,-,-,-,-,-,-,+,+,-,+,+,-,-,-,-,-,-,-,+,-,-,+,,,-,-,+,+,-,-,-,-,-,+,+,+,+
151,UFT.2014(L)7543,,+,+,+,+,+,+,-,-,-,+,-,-,+,+,-,+,+,-,+,+,+,+,+,+,+,+,+,+,+,+,+,-,-,+,-,+,-,+,+,-,+,,,-,-,+,+,-,-,+,-,+,+,+,+,+
152,UFT.2014(L)7546,,-,-,-,-,-,-,-,-,-,-,-,-,-,-,-,-,-,+,+,-,-,-,-,-,-,-,-,+,+,+,-,-,-,-,-,-,-,-,+,-,+,,,-,-,+,+,-,-,-,-,-,+,+,+,+
153,UFT.2014(L)7849,,+,w,+,-,+,+,-,-,-,+,-,-,+,-,-,-,+,-,+,-,+,+,+,+,+,+,+,-,+,+,+,-,-,+,-,-,-,-,+,+,+,,,-,-,+,+,-,-,+,-,+,-,+,+,-
154,UFT.2014(L)7850,,-,-,-,-,+,-,-,+,-,-,-,-,+,+,+,+,-,+,-,-,+,+,+,+,+,-,+,-,+,+,-,-,-,+,-,-,-,+,+,+,+,,,-,-,+,+,-,-,-,-,-,-,+,+,+
155,UFT.2014(L)7937,,-,-,-,-,+,-,-,-,-,-,+,-,-,-,-,-,-,+,-,-,-,-,-,-,-,+,+,-,-,-,-,-,-,-,-,-,-,-,-,+,+,,,-,-,+,+,-,,-,,,,,,
156,UFT.2014(L)7938,,-,-,-,-,+,-,-,-,-,-,-,-,-,-,-,-,-,-,-,-,-,-,-,-,-,+,+,+,-,-,-,-,-,-,-,-,-,-,-,+,+,,,-,-,+,+,-,,-,,,,,,
157,UFT.2014(L)6577,,-,-,-,w,-,-,-,-,-,-,-,-,-,-,-,-,-,-,+,-,-,-,-,-,-,-,+,+,+,+,w,-,-,-,-,+,-,-,+,-,+,,,+,-,+,+,-,-,-,-,+,-,+,+,+
158,UFT.2014(L)7769,,-,-,-,+,-,-,-,-,+,-,-,+,+,+,+,+,-,+,+,+,+,-,+,+,+,-,+,+,+,+,+,+,-,+,-,-,-,-,+,+,+,,,+,+,+,+,+,-,-,-,+,-,w,+,+
159,UFT.2014(L)7776,,-,+,-,-,-,-,-,-,-,-,-,-,+,-,-,-,-,-,+,-,-,-,-,-,-,-,+,+,+,-,-,-,-,+,-,-,-,-,+,-,+,,,-,-,+,+,-,-,-,-,+,+,+,-,+
160,UFT.2014(L)6800,,+,-,+,+,+,+,-,-,-,+,-,-,+,-,-,-,+,-,-,-,+,-,+,+,+,+,+,+,+,+,-,-,-,-,-,-,-,-,+,-,+,,,-,-,+,+,-,-,-,-,+,-,+,-,-
161,UFT.2014(L)7156,,-,+,-,-,+,-,-,-,-,-,-,-,+,-,-,-,-,+,+,-,-,-,-,-,-,-,-,+,+,+,-,-,-,-,-,-,-,-,-,-,+,,,-,-,+,+,-,-,-,-,-,+,+,+,-
162,UFT.2014(L)7266,,+,+,+,+,+,+,-,-,-,+,-,-,+,-,-,-,+,-,-,-,-,-,+,+,-,+,+,-,+,-,-,-,-,+,-,-,-,-,+,-,+,,,-,-,+,+,-,+,-,-,+,-,+,-,+
163,UFT.2014(L)7356,,+,+,+,-,+,+,-,-,-,+,-,-,+,-,-,+,+,-,+,+,,+,+,+,+,+,+,,+,+,-,-,-,+,-,-,-,-,+,-,+,,,-,-,+,+,+,-,-,-,-,+,+,-,+
164,UFT.2014(L)7547,,+,-,+,-,+,+,-,-,-,+,-,-,+,-,-,+,+,-,+,+,+,+,+,+,+,+,+,+,+,+,-,+,+,+,-,-,-,+,+,+,+,,,+,+,+,+,-,-,-,-,+,-,+,-,-
165,UFT.2014(L)7548,,+,-,+,+,+,+,+,-,-,+,-,-,+,w,-,-,+,,-,-,+,-,+,+,-,+,+,-,+,+,-,-,-,-,,,,-,+,-,+,,,-,-,+,+,-,,-,-,,,,,
166,UFT.2014(L)7549,,-,+,+,+,+,+,-,-,-,+,-,-,+,-,-,+,+,-,+,+,+,-,+,+,+,+,+,-,+,+,-,-,-,+,-,-,-,+,+,-,+,,,-,-,+,+,+,-,-,-,-,-,w,-,-
167,UFT.2014(L)7939,,-,-,-,-,-,-,-,-,-,-,-,-,-,-,-,-,-,-,-,-,-,-,-,-,-,+,+,-,+,+,-,-,-,-,-,-,-,-,-,+,+,,,-,-,+,+,+,-,-,-,-,-,+,-,-
168,UFT.2014(L)7940,,-,-,-,-,-,-,-,-,-,-,-,-,+,-,-,+,-,-,+,+,+,-,+,+,+,-,+,+,+,-,-,+,-,+,-,+,-,-,+,+,+,,,+,-,+,+,-,-,-,-,+,+,+,-,-
169,UFT.2014(L)8024,,-,-,-,-,+,-,-,-,-,-,-,,+,-,-,+,-,-,+,+,+,-,+,+,-,+,+,+,+,+,-,-,-,+,-,-,-,-,+,+,+,,,+,+,+,+,+,-,-,-,+,+,+,-,-
170,UFT.2014(L)6576,,-,-,-,,-,-,-,-,-,-,,-,+,-,-,+,-,-,-,+,+,-,,-,-,-,w,+,+,-,w,+,-,-,-,-,-,-,w,+,-,,,+,+,+,+,+,,-,-,,,,,
171,UFT.2014(L)7766,,-,+,-,-,-,-,-,-,-,-,-,-,+,-,-,-,-,-,-,-,-,-,-,-,-,-,-,+,+,+,-,-,-,+,-,-,-,-,-,-,+,,,-,-,+,+,+,-,-,-,+,+,+,-,-
172,UFT.2014(L)7782,,+,+,+,+,+,+,-,-,-,+,-,-,+,-,-,+,+,-,-,+,+,-,+,+,+,+,+,+,+,+,-,+,-,+,-,+,-,+,+,+,+,,,+,+,+,+,-,-,-,+,+,-,+,-,+
173,UFT.2014(L)7946,,-,-,-,-,-,-,-,-,-,-,-,-,+,-,-,+,-,-,,+,+,-,+,+,-,-,+,,+,-,-,-,-,+,-,-,-,-,-,+,+,,,+,+,+,+,+,-,-,-,+,+,+,-,-
174,UFT.2014(L)7959,,-,+,+,-,+,+,-,-,-,+,-,-,+,-,-,+,-,-,-,+,+,-,+,+,-,-,-,+,+,+,-,-,-,+,-,-,-,+,+,+,+,,,+,+,+,+,+,-,-,-,+,+,+,-,-
175,UFT.2014(L)7366,,-,-,-,-,-,-,-,-,-,-,-,,-,-,-,-,-,-,-,-,-,-,-,-,-,-,-,-,-,-,-,-,-,-,-,-,-,-,-,+,+,,,-,-,+,+,+,-,-,-,+,+,+,-,-
176,UFT.2014(L)7196,,-,+,+,-,w,+,-,-,+,+,+,,+,-,-,-,-,-,+,-,-,-,+,-,+,-,+,+,+,+,-,-,+,+,-,-,-,-,-,+,+,,,-,-,+,+,+,-,-,-,+,-,+,-,-
177,UFT.2014(L)7198,,w,-,-,-,-,-,-,-,-,-,-,-,-,-,-,-,-,-,+,-,-,-,-,-,-,-,-,+,+,+,-,-,-,-,-,-,-,-,+,-,+,,,-,-,+,+,-,-,-,-,+,-,+,+,+
178,UFT.2014(L)7550,,-,-,-,-,+,-,-,-,-,-,,-,-,-,-,-,-,-,-,-,-,-,,-,-,+,+,-,-,-,-,-,-,-,-,-,-,-,,-,-,,,-,-,+,+,-,,-,-,,,,,
179,UFT.2014(L)7551,,+,+,+,+,+,+,-,-,-,+,-,-,+,-,-,-,-,+,+,-,+,-,+,+,+,+,+,-,+,+,-,+,-,+,-,-,-,+,+,-,+,,,-,-,+,+,-,-,-,-,-,-,+,-,-
180,UFT.2014(L)7941,,+,+,+,+,+,+,-,-,-,+,-,-,+,+,+,-,-,-,+,-,+,+,+,+,+,+,+,-,+,+,-,-,-,-,-,+,-,+,+,+,+,,,-,-,+,+,-,-,+,+,+,+,+,+,-
181,UFT.2014(L)6575,,w,-,-,-,-,-,-,-,-,-,-,-,-,-,-,-,-,-,+,-,-,-,-,-,-,-,-,+,+,+,-,-,-,-,-,-,-,-,+,-,+,,,-,-,+,+,-,-,-,-,+,-,+,+,+
182,UFT.2014(L)6725,,+,+,+,+,+,+,-,-,-,+,-,-,+,+,+,-,-,-,+,-,+,+,+,+,+,+,+,+,+,+,-,-,-,-,-,-,-,+,+,+,+,,,-,-,+,+,-,-,+,+,+,+,+,-,-
183,UFT.2014(L)6881,,+,-,+,-,+,+,-,-,-,+,-,-,+,+,-,-,-,-,+,-,,-,+,+,+,+,+,,+,+,-,-,-,+,-,-,-,-,-,-,+,,,-,-,+,+,-,-,-,-,+,-,+,+,-
184,UFT.2014(L)7835,,+,+,+,+,+,+,-,+,-,+,-,-,+,+,+,-,-,-,+,-,+,+,+,+,-,+,+,-,+,+,-,-,+,-,-,-,-,+,+,+,+,,,-,-,+,+,-,-,+,+,+,+,+,+,-
185,UFT.2014(L)7836,,+,-,+,-,+,+,-,-,-,+,-,-,+,+,-,+,-,-,+,+,+,-,+,+,+,+,+,+,+,+,-,+,-,+,-,-,-,+,+,+,+,,,+,+,+,+,-,-,-,-,+,-,+,+,+
186,UFT.2014(L)6978,,+,+,+,+,+,+,-,+,-,+,-,-,+,-,-,-,-,-,+,+,+,+,+,+,+,+,+,+,+,+,-,-,-,+,-,+,-,+,+,-,+,,,-,-,+,+,-,-,-,-,+,+,+,+,-
187,UFT.2014(L)7281,,+,+,+,+,+,+,-,-,-,+,-,-,+,+,+,-,-,-,+,-,+,+,+,+,+,+,+,-,+,+,-,-,+,-,-,-,-,w,+,+,+,,,-,-,+,+,-,-,+,+,+,+,+,+,-
188,UFT.2014(L)7363,,+,+,+,+,+,+,-,+,-,+,-,-,+,+,-,+,-,-,+,-,+,+,+,+,+,+,+,-,+,+,-,-,+,-,-,+,-,-,+,+,+,,,-,-,+,+,-,-,+,+,+,+,+,+,-
189,UFT.2014(L)7381,,-,+,-,-,+,+,-,-,-,+,-,-,+,-,-,-,-,-,-,-,-,-,-,-,-,-,+,+,+,+,-,-,-,+,-,-,-,-,+,-,+,,,-,-,+,+,+,-,-,-,+,-,+,-,-
190,UFT.2014(L)6950,,+,+,+,+,+,+,-,-,-,+,-,-,+,+,+,-,-,-,+,-,+,+,+,+,+,+,+,+,+,+,-,-,-,-,-,-,-,+,+,+,+,,,-,-,+,+,-,-,+,+,+,+,+,-,-
191,UFT.2014(L)6957,,+,+,+,+,+,+,-,+,-,+,-,-,+,+,+,+,-,-,+,-,+,+,+,+,+,+,-,-,+,-,-,-,-,+,-,+,-,+,+,+,+,,,-,-,+,+,-,-,+,-,+,-,+,+,+
192,UFT.2014(L)7552,,+,+,+,+,+,+,-,+,-,+,-,-,+,+,+,-,-,-,+,-,+,-,+,+,+,+,+,-,+,+,-,-,-,-,-,+,-,+,+,+,+,,,-,-,+,+,-,-,+,+,+,+,+,+,-
193,UFT.2014(L)7553,,w,-,+,+,+,+,-,-,-,+,-,-,+,+,-,-,-,-,+,-,+,-,+,+,-,+,+,+,+,+,-,-,-,-,-,+,-,+,+,-,+,,,-,-,+,+,-,-,-,-,+,-,+,+,-
194,UFT.2014(L)7554,,-,-,-,,w,-,-,-,-,-,,-,-,-,-,-,-,-,-,-,-,-,,-,-,+,w,-,+,-,-,-,-,-,-,-,-,-,-,+,-,,,-,-,+,+,+,-,-,-,-,+,+,-,-
195,UFT.2014(L)7555,,+,+,+,+,+,+,-,-,-,+,-,-,+,+,+,-,-,-,+,+,+,+,+,+,+,+,+,+,+,+,-,-,-,+,-,+,-,+,+,+,+,,,-,-,+,+,-,-,-,-,+,+,+,+,+
196,UFT.2014(L)7556,,+,+,+,+,+,+,-,-,-,+,-,-,+,+,+,+,-,-,+,-,+,+,+,+,+,+,+,-,+,-,-,-,-,+,-,+,-,+,+,+,+,,,-,-,+,+,-,-,+,+,+,+,+,+,-
197,UFT.2014(L)7557,,,-,-,-,+,-,-,-,-,-,-,-,-,-,-,-,-,,-,-,-,-,-,-,-,+,+,-,-,-,-,-,-,-,,,,-,-,-,-,,,-,-,+,+,-,,-,-,,,,,
198,UFT.2014(L)7851,,+,-,+,+,+,+,-,-,-,+,-,-,+,-,-,-,+,-,+,+,+,-,+,+,+,+,+,+,+,+,-,-,-,+,-,+,-,-,+,-,+,,,-,-,+,+,-,-,+,-,+,+,+,-,+
199,UFT.2014(L)7852,,-,-,-,-,-,-,-,-,-,-,-,,+,-,-,-,-,-,+,-,-,-,-,-,-,-,-,-,+,+,-,-,-,-,-,-,-,-,-,-,+,,,-,-,+,+,+,-,-,-,+,-,+,-,+
200,UFT.2014(L)7853,,-,-,-,-,-,-,-,-,-,-,-,,+,-,-,-,-,-,+,-,-,-,-,-,-,-,-,+,+,+,-,-,-,-,-,+,+,-,+,-,+,,,-,-,+,+,+,-,-,-,+,-,+,+,+
201,UFT.2014(L)7942,,-,-,-,-,-,-,-,-,-,-,-,-,w,-,-,+,-,,-,+,+,-,+,+,-,-,+,+,+,+,-,-,-,-,,,,-,+,+,+,,,+,+,+,+,-,,-,-,,,,,
202,UFT.2014(L)7956,,w,-,-,-,-,-,-,-,-,-,-,-,+,-,-,+,-,-,-,+,+,-,+,+,+,+,+,+,+,+,-,+,-,-,-,-,-,+,+,+,+,,,+,+,+,+,-,-,-,-,+,-,+,-,-
203,UFT.2014(L)7957,,-,+,-,-,-,+,-,-,-,-,-,-,+,-,-,+,-,-,-,+,+,-,+,+,+,-,+,+,+,-,-,+,-,+,-,-,-,-,+,+,+,,,+,+,+,+,-,-,-,-,+,-,+,-,+
204,UFT.2014(L)6594,,+,+,+,+,+,+,-,+,+,+,-,+,+,+,+,-,-,-,+,-,+,+,+,+,+,+,+,-,+,+,-,-,+,+,-,-,-,+,+,+,+,,,-,-,+,+,-,+,+,-,-,-,+,,
205,UFT.2014(L)7846,,-,-,-,,-,-,-,-,+,-,,-,-,-,-,-,-,-,+,-,-,-,,+,-,+,+,+,+,+,-,+,-,-,-,-,-,-,-,-,-,,,+,-,+,+,+,,-,-,,,,,
206,UFT.2014(L)7989,,-,-,-,-,-,-,-,-,-,-,-,,+,-,-,-,-,-,+,-,-,-,-,-,-,-,-,-,+,+,-,-,-,-,-,-,-,-,-,-,+,,,-,-,+,+,+,-,-,-,+,-,+,+,+
207,UFT.2014(L)7006,,-,-,-,-,-,-,-,-,-,-,-,,+,-,-,-,-,-,+,-,-,-,-,-,-,-,-,-,+,+,-,-,-,-,-,-,-,-,-,-,+,,,-,-,+,+,+,-,-,-,+,-,+,+,+
208,UFT.2014(L)7021,,+,w,+,+,+,+,-,-,-,+,-,+,+,-,-,+,+,+,+,+,+,-,+,+,+,+,+,-,+,+,-,-,-,+,-,-,-,+,+,-,+,,,+,-,+,+,-,-,-,-,-,-,+,,
209,UFT.2014(L)7189,,-,-,-,+,-,-,-,-,-,-,-,-,+,-,-,+,-,-,+,+,+,-,+,+,+,-,+,+,+,-,w,+,-,+,-,-,-,-,+,+,+,,,+,+,+,+,-,-,-,-,+,+,+,-,+
210,UFT.2014(L)7364,,+,+,+,+,+,+,-,-,-,+,-,-,+,+,+,+,-,-,+,+,+,+,+,+,+,+,+,+,+,+,-,-,-,+,-,+,-,+,+,+,,,,+,-,+,+,-,-,+,-,+,+,+,+,+
211,UFT.2014(L)7382,,+,-,+,+,+,+,-,-,-,+,-,-,+,-,-,-,+,-,-,-,+,-,+,+,+,+,+,-,+,+,-,-,+,-,-,-,-,-,+,-,+,,,-,-,+,+,-,-,+,+,+,+,+,-,-
212,UFT.2014(L)7558,,+,+,+,+,+,+,-,-,-,+,-,-,+,+,+,-,-,-,+,+,+,+,+,+,+,+,+,+,+,+,+,-,-,+,-,+,-,+,+,+,+,,,-,-,+,+,-,-,+,-,+,+,+,+,+
213,UFT.2014(L)7587,,+,+,+,+,+,+,-,+,+,+,-,-,+,+,+,+,-,+,+,-,+,+,+,+,+,+,+,w,+,+,-,-,+,+,-,w,-,+,+,+,+,,,-,-,+,+,-,-,+,-,-,+,+,+,-
214,UFT.2014(L)7588,,-,-,-,-,-,-,-,-,-,-,-,-,-,-,-,-,-,+,-,-,-,-,+,+,-,-,-,+,+,+,-,-,-,-,-,+,-,-,-,-,+,,,-,-,+,+,+,-,-,-,+,-,w,-,-
215,UFT.2014(L)7854,,+,-,+,-,+,+,-,-,-,+,-,-,+,-,-,-,+,-,+,-,,+,+,+,+,+,+,,+,+,-,-,+,+,-,-,-,+,+,-,+,,,-,-,+,+,-,-,-,-,+,-,+,-,-
216,UFT.2014(L)7855,,-,-,-,-,-,-,-,-,-,-,-,-,-,-,-,-,-,-,,-,-,-,+,-,-,-,+,-,-,-,-,-,-,-,-,-,-,-,-,-,+,,,-,-,+,+,+,-,-,+,-,-,+,-,-
217,UFT.2014(L)7856,,+,+,+,+,+,+,-,-,-,+,-,-,+,+,+,-,-,-,+,-,+,+,+,+,+,+,+,+,+,+,-,-,-,-,-,-,-,+,+,+,+,,,-,-,+,+,-,-,+,+,+,+,+,-,-
218,UFT.2014(L)7857,,-,+,-,w,-,-,-,-,w,-,,-,+,-,w,-,-,-,+,-,-,-,,-,-,-,+,+,+,+,-,-,-,-,-,-,-,-,,-,-,,,-,-,+,+,+,-,-,-,+,+,+,-,-
219,UFT.2014(L)7858,,+,+,+,+,+,-,-,-,-,+,-,-,+,-,-,+,+,-,+,+,+,+,+,+,+,+,+,-,+,-,-,-,-,+,-,+,-,+,+,-,+,,,-,-,+,+,-,-,-,+,+,-,+,-,+
220,UFT.2014(L)7859,,-,-,-,-,+,-,-,-,-,-,,-,-,-,-,-,-,-,-,-,-,-,,-,-,+,+,-,-,-,-,-,-,-,-,-,-,-,,+,-,,,-,-,+,+,-,,-,-,,,,,
221,UFT.2014(L)7958,,+,+,+,+,+,+,-,-,-,+,-,-,+,+,w,+,-,-,+,+,+,+,+,+,+,+,+,+,+,+,-,+,-,-,-,+,-,+,+,+,+,,,+,+,+,+,-,-,-,+,+,+,+,+,-
222,UFT.2014(L)7961,,-,+,-,-,-,-,-,-,-,-,w,-,+,w,-,-,-,+,w,-,-,,-,-,,w,+,+,+,+,-,-,-,+,-,-,-,-,-,-,+,,,-,-,+,+,+,-,-,-,+,-,+,-,-
223,UFT.2014(L)6582,,-,-,-,-,w,-,-,-,-,-,-,-,-,-,-,-,-,-,-,-,-,,-,-,,w,+,-,-,-,-,-,-,-,-,-,-,w,-,+,+,,,-,-,+,+,+,-,-,-,-,-,+,+,+
224,UFT.2014(L)7844,,-,-,-,-,w,-,-,-,-,-,-,-,-,-,-,-,-,-,-,-,-,-,-,-,-,-,-,-,-,-,-,-,-,-,-,-,-,-,-,+,+,,,-,-,+,+,+,-,-,-,-,-,+,-,-
225,UFT.2014(L)6795,,+,+,+,+,+,+,-,+,+,+,w,+,+,+,+,+,-,+,+,-,+,,+,+,,+,+,-,+,+,+,+,+,+,-,-,-,+,+,+,+,,,-,-,+,+,+,-,+,+,-,-,+,+,+
226,UFT.2014(L)6887,,-,+,-,-,-,-,-,-,-,-,w,-,+,-,-,-,-,+,w,-,-,,-,-,,w,+,+,+,+,-,-,-,+,-,-,-,-,-,-,+,,,-,-,+,+,+,-,-,-,+,-,+,-,-
227,UFT.2014(L)7053,,-,+,-,-,-,-,-,-,+,w,w,+,+,-,+,-,-,+,+,+,-,-,+,-,-,+,+,+,+,+,+,+,+,+,-,-,-,-,+,-,+,,,-,-,+,+,+,-,-,-,+,-,+,-,-
228,UFT.2014(L)7765,,+,+,+,+,+,+,-,w,+,+,-,-,+,+,+,-,-,+,+,-,+,-,+,+,+,+,+,+,+,+,-,+,+,+,-,-,-,+,+,+,+,,,-,-,+,+,+,-,+,-,+,+,+,-,+
229,UFT.2014(L)7951,,-,-,-,-,-,-,-,-,-,-,-,-,-,-,-,-,-,-,+,-,-,-,-,-,-,-,-,-,+,+,-,-,-,-,-,-,-,-,-,-,+,,,-,-,+,+,+,-,-,-,+,-,w,-,+
230,UFT.2014(L)6996,,-,-,-,-,w,-,-,-,-,-,-,-,-,-,-,-,-,-,-,-,-,,-,-,,w,+,+,-,-,-,-,-,-,-,-,-,w,-,+,+,,,-,-,+,+,+,-,-,-,-,-,w,-,-
231,UFT.2014(L)7191,,-,+,-,-,-,-,-,-,-,-,-,-,+,w,-,-,-,+,w,-,-,,-,-,,+,+,+,+,+,-,-,-,+,-,-,-,-,-,-,+,,,-,-,+,+,+,-,-,-,+,-,+,-,-
232,UFT.2014(L)7275,,-,+,-,-,-,-,-,-,-,-,-,-,+,-,-,-,-,-,-,-,-,-,-,-,-,+,-,+,+,+,-,-,+,+,-,-,-,-,-,-,+,,,-,-,+,+,+,-,-,-,+,+,-,-,-
233,UFT.2014(L)7589,,+,-,+,+,+,+,+,-,-,+,-,-,+,-,-,-,+,,-,-,+,-,+,+,-,+,+,-,+,+,w,-,-,-,-,-,-,-,+,-,+,,,-,-,+,+,+,-,+,-,-,+,+,-,-
234,UFT.2014(L)7590,,+,+,+,+,+,+,-,w,-,+,,-,+,+,+,-,-,-,+,-,+,w,,+,w,+,+,-,+,+,+,w,w,-,-,-,-,-,,+,+,,,-,-,+,+,+,-,+,-,-,+,+,-,-
235,UFT.2014(L)7860,,+,+,+,+,+,+,-,-,-,+,-,-,+,-,-,+,+,-,+,+,+,-,+,+,+,+,+,-,+,+,-,-,-,-,-,-,-,+,+,-,+,,,-,-,+,+,+,-,-,-,-,+,+,-,-
236,UFT.2014(L)7861,,+,+,+,+,+,+,-,-,-,+,-,-,+,-,-,-,+,-,+,+,+,-,+,+,-,+,-,-,+,+,-,-,-,+,-,-,-,+,+,-,+,,,-,-,+,+,+,-,-,-,-,+,+,-,-
237,UFT.2014(L)7871,,-,-,-,-,w,-,-,-,-,-,-,-,-,-,-,-,-,-,-,-,-,-,-,-,-,-,-,-,-,-,-,-,-,-,-,-,-,-,-,+,+,,,-,-,+,+,+,-,-,-,-,+,+,-,-
238,UFT.2014(L)7963,,-,+,-,-,-,-,-,-,-,,-,-,+,-,-,-,-,-,-,-,-,-,-,-,-,-,-,+,+,+,-,-,-,+,-,-,-,-,-,-,+,,,-,-,+,+,+,-,-,-,+,-,+,-,-
239,UFT.2014(L)6584,,+,+,+,+,+,+,-,+,+,+,-,-,+,+,+,-,-,+,+,-,+,+,+,+,+,+,-,-,+,+,-,-,-,+,-,-,-,-,+,+,+,,,-,-,+,+,+,-,+,+,-,+,+,+,+
240,UFT.2014(L)6794,,-,+,-,-,-,-,-,-,,-,-,-,+,-,-,-,-,-,-,-,-,-,-,-,-,-,-,+,+,+,-,-,+,+,-,-,-,-,-,-,+,,,-,-,+,+,+,-,-,+,+,-,+,-,-
241,UFT.2014(L)7353,,-,-,-,-,-,-,-,-,-,,-,-,-,-,-,-,-,-,-,-,-,-,-,-,-,+,+,-,-,-,,-,-,-,-,-,-,+,-,+,+,,,-,-,+,+,+,-,-,-,-,-,+,-,-
242,UFT.2014(L)7719,,-,-,-,+,-,-,-,-,-,-,-,-,-,-,,-,-,+,-,-,-,-,-,-,-,-,-,+,+,+,-,-,-,-,-,-,-,-,+,-,+,,,-,-,+,+,+,-,-,-,+,+,-,-,
243,UFT.2014(L)7720,,-,-,-,-,-,-,-,-,-,-,-,-,-,-,-,-,-,+,-,-,-,+,-,-,-,-,-,+,+,w,-,+,-,-,-,-,-,w,+,-,+,,,-,-,+,+,+,-,-,-,+,-,-,-,-
244,UFT.2014(L)7965,,-,-,-,-,-,-,-,-,-,-,-,-,-,-,-,-,-,-,-,-,-,-,-,-,-,+,-,-,-,-,-,-,-,-,-,-,-,-,-,+,+,,,-,-,+,+,+,,-,-,,,,,
245,UFT.2014(L)6585,,-,-,-,-,-,-,-,-,-,-,w,w,-,-,w,-,-,-,-,-,-,-,-,-,-,+,+,-,-,-,+,-,-,-,-,-,-,-,+,+,+,,,-,-,+,+,+,-,-,-,-,-,+,-,-
246,UFT.2014(L)6606,,-,-,-,-,+,-,-,-,-,-,-,-,-,-,-,-,-,-,-,-,-,-,-,-,-,+,-,-,-,-,-,-,-,-,-,-,-,-,-,+,+,,,-,-,+,+,+,-,-,-,-,-,+,-,-
247,UFT.2014(L)6607,,-,-,-,-,+,-,+,-,w,-,-,-,-,-,w,-,-,-,-,-,-,-,-,-,-,w,+,-,-,+,-,-,-,-,-,-,-,-,-,+,+,,,-,-,+,+,+,-,-,-,-,-,+,-,-
248,UFT.2014(L)6737,,-,+,-,-,-,+,+,-,+,-,+,+,+,-,+,+,-,+,+,+,+,-,+,+,+,+,+,+,+,+,+,+,+,+,+,-,-,-,+,+,+,,,+,+,+,+,+,-,-,-,+,+,+,-,-
249,UFT.2014(L)6782,,-,-,-,-,-,-,-,-,-,-,-,-,-,-,-,-,-,-,-,-,-,-,-,-,-,w,-,-,-,-,-,-,-,-,-,-,-,-,-,+,+,,,-,-,+,+,+,-,-,-,-,-,+,-,-
250,UFT.2014(L)6793,,-,-,-,-,-,-,-,-,-,-,-,-,-,-,-,-,-,-,-,-,+,-,-,-,-,-,w,-,+,-,-,-,-,-,-,-,-,+,-,+,-,,,-,-,+,+,+,-,-,-,+,+,+,-,-
251,UFT.2014(L)6796,,+,+,-,-,+,-,-,-,-,-,-,-,+,-,-,-,-,+,-,-,+,+,-,-,-,-,+,+,+,-,-,+,+,+,-,-,-,+,+,+,+,,,-,-,+,+,+,-,-,-,+,-,+,-,-
252,UFT.2014(L)6797,,-,-,-,-,-,-,-,-,-,-,-,-,+,-,-,+,-,-,-,+,+,-,+,+,-,-,-,+,+,-,-,-,-,+,-,-,-,-,+,+,+,,,+,+,+,+,+,-,-,-,-,+,+,-,-
253,UFT.2014(L)6867,,+,-,+,+,+,+,-,-,+,+,+,-,+,-,-,-,+,-,-,-,+,-,+,+,+,+,-,-,+,+,-,-,+,+,-,-,-,-,+,-,+,,,-,-,+,+,+,-,+,-,-,+,+,-,-
254,UFT.2014(L)6990,,+,-,+,+,+,+,-,-,+,+,+,-,+,-,-,+,+,+,+,+,+,-,+,+,+,+,-,+,+,+,+,+,+,+,-,-,-,-,+,+,+,,,,,,,,,,,,,,,
255,UFT.2014(L)7254,,-,+,-,+,-,-,-,-,w,-,+,+,+,-,+,-,-,+,+,w,-,-,-,-,-,-,+,+,+,+,-,+,+,+,-,-,-,-,+,-,+,,,-,-,+,+,+,-,-,-,+,-,+,-,-
256,UFT.2014(L)7355,,+,-,+,+,+,+,-,-,+,+,+,-,+,-,-,-,+,-,-,-,+,-,+,+,+,+,-,+,+,+,-,-,+,+,-,-,-,-,+,-,+,,,-,-,+,+,+,-,+,-,-,+,+,-,-
257,UFT.2014(L)7365,,+,+,+,+,+,+,+,-,+,+,+,+,+,+,+,-,+,+,+,+,+,w,+,+,+,+,+,-,+,+,+,+,+,+,-,-,-,-,+,+,+,,,-,-,+,+,+,-,+,-,-,+,+,-,-
258,UFT.2014(L)7921,,-,+,-,+,+,+,+,-,+,+,+,+,+,+,+,+,+,+,+,+,+,+,+,+,+,+,+,+,+,+,+,+,+,+,-,-,-,-,+,-,+,,,-,-,+,+,+,-,-,-,+,+,+,+,+
259,UFT.2014(L)7724,,-,+,-,-,-,-,-,-,-,-,+,+,+,-,+,-,-,+,+,-,-,-,-,-,-,-,+,+,+,+,-,-,-,+,-,-,-,-,+,-,+,,,-,-,+,+,+,-,-,-,+,+,+,-,-
260,UFT.2014(L)7725,,+,+,+,+,+,+,-,-,-,+,-,-,+,+,+,+,-,-,+,+,+,+,+,+,+,+,+,+,+,+,-,-,-,+,-,+,-,+,+,+,+,,,-,-,,,,,,,,,,,
261,UFT.2014(L)7726,,+,+,+,+,+,+,-,-,-,+,-,-,+,+,+,-,-,-,+,+,+,+,+,+,+,+,+,-,+,+,-,+,+,-,-,-,-,+,+,+,+,,,+,-,+,+,-,-,+,+,+,+,+,+,-
262,UFT.2014(L)7967,,+,-,+,+,+,+,+,-,-,+,-,-,+,+,-,-,+,-,+,+,+,+,+,+,+,+,+,+,+,-,-,-,-,+,-,-,-,-,+,-,+,,,-,-,+,+,-,-,+,-,+,+,+,+,+
263,UFT.2014(L)7969,,-,-,-,-,w,-,-,-,-,-,-,-,-,-,+,-,-,-,-,-,-,-,-,-,-,+,-,-,-,-,-,-,-,-,-,-,-,-,-,+,+,,,-,-,+,+,+,-,+,-,-,+,w,-,-
264,UFT.2014(L)7970,,+,+,+,+,+,+,-,-,-,+,-,-,+,+,+,-,-,-,+,-,+,+,+,+,+,+,+,-,+,+,-,-,-,-,-,-,-,+,+,+,+,,,-,-,+,+,-,-,+,+,+,+,+,+,-
265,UFT.2014(L)7971,,-,-,-,,+,-,-,-,-,-,,-,+,+,-,-,-,-,-,-,-,-,,-,-,+,+,-,-,-,-,-,-,-,-,-,-,-,-,+,+,,,+,-,+,+,+,,+,+,,,,,
266,UFT.2014(L)7972,,-,+,-,-,-,-,-,-,-,-,,-,+,-,-,-,-,-,+,-,-,-,,-,-,-,w,+,+,+,+,-,-,-,-,-,-,-,,-,-,,,-,-,+,+,-,,-,-,,,,,
267,UFT.2014(L)8026,,+,w,w,,w,-,-,-,-,-,,-,+,w,-,-,-,-,+,-,+,-,,w,-,w,-,+,+,+,-,-,-,-,-,-,-,-,w,-,+,,,+,-,+,+,+,,-,+,,,,,
268,UFT.2014(L)6808,,+,+,+,+,+,+,-,+,-,+,,-,+,+,+,-,-,-,+,-,+,+,,+,w,+,+,-,+,+,+,w,w,-,-,-,-,-,,+,+,,,-,-,+,+,-,,+,+,,,,,
269,UFT.2014(L)6568,,-,-,-,-,-,-,-,-,-,-,-,-,-,-,,-,-,-,-,-,-,-,-,-,-,+,-,-,-,-,-,-,-,-,-,-,-,-,-,+,+,,,-,-,+,+,+,-,-,-,-,+,+,-,
270,UFT.2014(L)6644,,-,-,-,-,-,-,-,-,-,-,-,-,-,-,-,-,-,-,-,-,-,-,-,-,-,+,-,-,-,-,-,-,-,-,-,-,-,+,-,+,+,,,-,-,+,+,+,+,-,-,-,-,+,-,-
271,UFT.2014(L)6645,,+,+,+,+,+,+,-,+,-,+,,-,+,+,+,-,-,-,+,-,+,+,,+,w,+,+,-,+,+,+,w,-,-,-,-,-,-,,+,+,,,-,-,+,+,-,,+,+,,,,,
272,UFT.2014(L)6705,,-,-,-,-,-,-,-,-,-,-,-,,-,-,-,-,-,-,+,-,-,-,-,-,-,-,-,+,+,+,-,-,-,-,-,+,+,-,+,-,+,,,-,-,+,+,+,-,-,-,+,-,w,+,+
273,UFT.2014(L)7840,,+,+,+,+,+,+,-,+,-,+,,-,+,+,+,-,-,-,+,-,+,-,,+,w,+,+,-,+,+,+,w,w,-,-,-,-,-,,+,+,,,,,,,,,,,,,,,
274,UFT.2014(L)6622,,+,+,+,+,+,-,-,-,-,+,-,-,+,+,w,-,-,,+,-,+,w,+,+,-,+,-,-,+,+,-,-,-,-,,,,w,+,+,+,,,-,-,+,+,-,,+,+,,,,,
275,UFT.2014(L)7192,,+,+,+,+,+,+,+,+,-,+,-,-,+,+,w,-,-,,+,-,+,-,+,+,-,+,+,-,+,+,-,-,-,-,,,,w,+,+,+,,,-,-,+,+,-,,-,+,,,,,
276,UFT.2014(L)7395,,+,-,+,+,+,-,-,-,-,+,-,-,+,-,-,-,+,,-,-,+,-,+,+,-,+,-,-,+,+,-,-,-,-,,,,-,+,-,+,,,-,-,+,+,-,,-,-,,,,,
277,UFT.2014(L)7397,,w,+,-,-,+,-,,-,-,-,-,-,+,-,-,-,-,,w,-,-,-,-,-,-,-,w,+,+,+,-,-,-,-,,,,-,-,-,-,,,-,-,+,+,-,,-,-,,,,,
278,UFT.2014(L)7398,,+,+,+,+,+,+,+,w,-,+,,-,+,+,+,-,-,-,+,-,+,w,,+,w,+,+,-,+,+,+,w,-,-,-,-,-,+,,+,+,,,-,-,+,+,-,,+,+,,,,,
279,UFT.2014(L)7805,,+,+,+,,+,+,-,+,+,+,,-,+,+,-,-,-,-,+,w,+,-,,+,-,+,+,+,+,+,+,-,-,-,-,-,-,-,+,+,+,,,+,-,+,+,+,,+,+,,,,,
280,UFT.2014(L)7806,,+,+,+,+,+,+,-,-,-,+,-,-,+,+,+,-,-,-,+,-,+,+,+,+,+,-,-,-,+,-,-,-,-,+,-,-,-,-,+,+,+,,,-,-,+,+,-,-,+,+,+,+,+,+,+
281,UFT.2014(L)6595,,+,-,+,+,+,+,-,-,+,+,-,-,+,,,,,,,,,,,,,,,,,,,,,,,,,,,,,,,-,-,,,,,,,,,,,
282,UFT.2014(L)6700,,+,+,w,,+,+,-,-,-,+,,-,+,-,-,-,-,-,+,-,+,-,,+,-,+,+,+,+,w,+,+,-,-,-,-,-,-,+,-,+,,,-,-,+,+,+,,+,-,,,,,
283,UFT.2014(L)6702,,+,+,+,+,+,+,-,+,+,+,-,-,+,+,w,w,-,,+,-,+,+,+,+,+,+,w,-,+,+,-,-,+,+,w,+,-,w,+,+,+,,,-,-,+,+,-,-,-,-,-,-,+,+,-
284,UFT.2014(L)6746,,+,+,+,+,+,+,-,,+,+,-,+,+,w,-,-,-,,+,-,+,w,+,+,+,+,+,w,+,+,-,-,+,+,-,+,-,w,+,-,+,,,-,-,+,+,-,-,-,-,-,-,-,-,-
285,UFT.2014(L)6768,,+,+,+,+,+,+,-,+,+,+,-,-,+,,,,,,,,,,,,,,,,,,,,,,,,,,,,,,,-,-,,,,,,,,,,,
286,UFT.2014(L)6790,,+,+,+,+,+,+,-,+,+,+,-,-,+,+,+,+,-,+,+,-,+,+,+,+,+,+,+,-,+,+,-,-,+,+,-,w,-,+,+,+,+,,,-,-,+,+,-,-,+,+,-,+,-,+,+
287,UFT.2014(L)6792,,+,+,+,+,+,+,-,w,+,+,-,-,+,+,+,+,-,+,+,-,+,w,+,+,+,+,+,-,+,+,-,-,+,+,-,w,-,+,+,+,+,,,-,-,+,+,-,-,+,+,-,+,+,-,-
288,UFT.2014(L)6870,,+,+,+,,+,+,-,+,-,+,,-,+,+,w,-,+,-,+,w,+,w,,+,-,+,+,-,+,w,+,-,-,-,-,-,-,-,+,+,+,,,-,-,+,+,+,,+,+,,,,,
289,UFT.2014(L)7098,,+,+,+,+,+,+,-,-,+,+,-,-,+,+,+,+,-,+,+,-,+,w,+,+,+,+,+,-,+,+,-,-,+,+,-,w,-,+,+,+,+,,,-,-,+,+,-,-,+,+,-,+,+,+,-
290,UFT.2014(L)7153,,-,-,+,+,+,+,-,-,-,+,-,-,+,+,-,-,+,-,+,-,-,+,+,+,+,+,+,+,+,+,+,-,-,+,-,-,-,+,-,-,+,,,-,-,+,+,-,-,-,-,+,+,+,-,-
291,UFT.2014(L)7158,,+,+,+,+,+,+,-,w,+,+,-,-,+,+,w,w,w,,+,-,+,+,+,+,+,+,+,+,+,+,-,-,+,+,-,+,-,+,+,+,+,,,,,,,,,,,,,,,
292,UFT.2014(L)7268,,+,+,+,+,+,+,-,+,+,+,-,-,+,,,,,,,,,,,,,,,,,,,,,,,,,,,,,,,-,-,,,,,,,,,,,
293,UFT.2014(L)7729,,+,+,+,+,+,+,-,-,+,+,-,-,+,,,,,,,,,,,,,,,,,,,,,,,,,,,,,,,-,-,,,,,,,,,,,
294,UFT.2014(L)7730,,+,+,+,+,+,+,-,,+,+,-,w,+,+,w,w,-,,+,-,+,+,+,+,+,+,w,+,+,+,-,-,+,+,-,+,-,+,+,+,+,,,-,-,+,+,-,-,-,-,-,-,+,+,-
295,UFT.2014(L)7973,,+,+,+,+,+,+,-,,+,+,-,w,+,+,w,w,-,,+,-,+,w,+,+,+,+,w,w,+,+,-,-,w,+,-,+,-,+,+,+,+,,,-,-,+,+,-,-,-,-,-,-,+,+,-
296,UFT.2014(L)7974,,-,-,-,-,-,-,-,-,-,-,-,-,+,-,-,+,-,,-,+,+,-,+,+,-,-,-,+,+,-,-,-,-,-,,,,-,+,+,-,,,+,+,+,+,-,,-,+,,,,,
297,UFT.2014(L)6591,,+,+,+,+,+,+,-,+,+,+,-,-,+,+,w,w,-,,+,-,+,+,+,+,+,+,+,w,+,+,-,-,+,+,-,+,-,w,+,+,+,,,-,-,+,+,-,-,-,-,-,+,+,+,-
298,UFT.2014(L)6720,,+,+,+,+,+,+,-,+,+,+,-,-,+,+,w,w,-,,+,-,+,+,+,+,+,+,+,-,+,+,-,-,+,+,-,+,-,w,+,+,+,,,-,-,+,+,-,-,-,-,-,-,+,+,-
299,UFT.2014(L)6745,,+,+,+,+,+,+,-,-,+,+,-,-,+,+,+,+,-,+,+,-,+,w,+,+,+,+,+,-,+,+,-,-,+,+,-,w,-,+,+,+,+,,,-,-,+,+,-,-,+,+,-,+,+,+,-
300,UFT.2014(L)6753,,+,+,+,+,+,+,-,w,-,+,,-,+,+,+,-,-,-,+,-,+,+,,+,w,+,+,+,+,+,+,w,-,-,-,-,-,,,+,+,,,-,-,+,+,-,,+,+,,,,,
301,UFT.2014(L)7019,,-,-,-,+,-,-,-,-,-,-,-,-,-,,,,,,,,,,,,,,,,,,,,,,,,,,,,,,,-,-,,,,,,,,,,,
302,UFT.2014(L)7249,,+,+,+,+,+,+,-,+,+,+,-,-,+,,,,,,,,,,,,,,,,,,,,,,,,,,,,,,,-,-,,,,,,,,,,,
303,UFT.2014(L)7258,,w,+,+,+,+,+,+,-,-,+,-,-,w,+,+,+,+,,+,+,+,+,+,w,-,w,+,-,+,-,+,-,-,-,,,,+,-,-,+,,,+,+,+,+,-,,-,-,,,,,
304,UFT.2014(L)7733,,+,+,+,+,+,+,-,-,-,+,-,-,+,w,-,-,-,,+,-,+,w,+,+,+,+,+,w,+,+,-,-,-,+,-,-,-,w,+,-,+,,,-,-,+,+,-,-,-,-,-,-,+,-,-
305,UFT.2014(L)7734,,+,-,-,-,-,-,-,-,-,-,-,-,-,-,-,-,-,,w,-,-,-,-,-,-,-,-,+,+,+,-,-,-,-,-,+,-,-,-,-,+,,,-,-,+,+,-,-,-,-,-,-,-,+,+
306,UFT.2014(L)7872,,w,-,w,+,-,-,+,-,-,-,-,-,+,+,-,+,-,,-,+,w,-,-,-,-,-,-,-,-,-,w,-,-,-,,,,-,w,-,+,,,-,-,+,+,-,,+,-,,,,,
307,UFT.2014(L)7873,,+,+,+,,+,+,-,+,w,+,,w,+,+,w,-,-,-,+,-,+,w,,+,-,+,w,-,+,+,-,-,-,-,-,-,-,-,+,+,+,,,+,-,+,+,+,,+,+,,,,,
308,UFT.2014(L)7876,,-,+,-,-,-,-,-,-,-,-,,-,+,-,-,-,-,-,+,-,-,-,,-,-,-,w,+,+,+,+,-,-,-,-,-,-,-,,-,-,,,-,-,+,+,-,,-,-,,,,,
309,UFT.2014(L)7877,,+,+,+,,+,+,-,-,-,+,,-,+,-,-,-,-,-,+,w,+,-,,+,-,+,+,+,+,+,+,-,-,-,-,-,-,-,+,-,+,,,+,-,+,+,+,,-,-,,,,,
310,UFT.2014(L)7878,,+,+,+,+,+,+,-,+,+,+,-,-,+,,,,,,,,,,,,,,,,,,,,,,,,,,,,,,,-,-,,,,,,,,,,,
311,UFT.2014(L)7977,,+,+,+,,+,+,-,-,w,+,,-,+,-,-,+,-,-,+,-,+,-,,+,-,+,+,-,+,+,-,+,-,-,-,-,-,-,+,+,+,,,+,+,+,+,+,,-,-,,,,,
312,UFT.2014(L)7910,,+,+,-,+,-,-,-,-,-,-,-,-,-,w,-,+,-,,w,-,-,w,-,-,-,-,-,+,+,-,-,-,-,-,-,+,-,-,+,-,+,,,-,-,+,+,-,-,-,-,+,-,-,-,-
313,UFT.2014(L)6732,,+,+,+,+,+,+,-,w,-,+,,-,+,+,+,-,-,-,+,-,+,w,,+,w,+,+,-,+,+,+,w,w,-,-,-,-,-,,+,+,,,-,-,+,+,-,,+,+,,,,,
314,UFT.2014(L)6754,,+,+,+,+,+,+,-,w,+,+,w,w,+,+,-,+,+,,+,+,+,+,+,+,+,+,+,+,+,+,-,-,+,+,+,+,-,w,+,-,+,,,-,-,+,+,-,-,-,-,-,-,+,-,-
315,UFT.2014(L)6761,,-,-,-,,-,-,-,-,-,-,,-,+,+,-,-,-,-,+,-,+,-,,+,-,-,+,+,+,-,+,+,-,-,-,-,-,-,w,+,+,,,-,-,+,+,+,,+,+,,,,,
316,UFT.2014(L)6784,,+,+,+,+,-,-,,-,-,+,-,-,+,+,w,-,-,,+,-,+,w,+,+,-,+,+,-,+,+,-,-,-,-,,,,-,+,+,+,,,-,-,+,+,-,,+,+,,,,,
317,UFT.2014(L)6872,,+,+,+,+,+,+,-,+,+,+,-,w,+,+,w,+,w,,+,-,+,+,+,+,+,+,-,w,+,+,-,-,w,+,w,+,-,+,+,+,+,,,-,-,+,+,-,-,-,-,-,-,+,+,-
318,UFT.2014(L)7159,,w,+,+,+,+,+,-,-,-,+,,-,+,-,-,-,-,-,+,-,+,-,,+,w,+,+,-,+,+,+,w,-,-,-,-,-,+,,-,+,,,-,-,+,+,-,,-,-,,,,,
319,UFT.2014(L)7248,,+,+,+,+,+,-,+,-,-,+,-,-,+,+,w,-,-,,+,-,+,-,+,+,w,+,+,-,+,+,-,-,-,-,,,,w,+,-,+,,,-,-,+,+,-,,-,-,,,,,
320,UFT.2014(L)7272,,+,+,+,+,+,+,-,,+,+,-,w,+,+,w,-,w,,+,-,+,w,+,+,+,+,w,w,+,+,-,-,+,+,-,+,-,+,+,+,+,,,-,-,+,+,-,-,-,-,-,-,+,+,-
321,UFT.2014(L)7359,,+,+,+,+,+,+,-,-,-,+,-,-,+,-,-,-,-,,+,-,+,-,+,+,-,+,+,-,+,+,-,-,-,-,,,,w,+,-,+,,,-,-,+,+,-,-,-,-,+,+,-,-,-
322,UFT.2014(L)7735,,-,-,-,-,-,-,-,-,-,-,,-,-,-,-,-,-,-,-,-,-,-,,-,-,-,w,+,+,+,+,-,-,-,-,-,-,,,-,-,,,-,-,+,+,-,,-,-,,,,,
323,UFT.2014(L)7737,,+,+,+,+,+,+,-,-,w,+,-,-,+,+,-,+,-,+,+,-,+,-,+,+,+,+,+,-,+,+,-,-,w,+,-,-,-,+,+,+,+,,,-,-,+,+,-,-,+,-,-,+,-,-,-
324,UFT.2014(L)7738,,+,+,+,+,+,+,-,-,-,+,w,-,+,w,-,-,-,,+,-,+,w,+,+,+,+,+,w,+,+,-,-,w,+,-,-,-,+,+,-,+,,,-,-,+,+,-,-,-,-,-,-,+,-,-
325,UFT.2014(L)7980,,+,-,-,+,-,w,-,-,w,-,-,-,+,+,-,w,-,,+,-,-,w,-,-,-,-,+,+,+,+,-,-,+,-,-,+,-,-,+,-,+,,,-,-,+,+,-,-,-,-,-,+,+,-,-
326,UFT.2014(L)8027,,-,-,-,+,-,-,-,-,-,-,-,-,-,,,,,,,,,,,,,,,,,,,,,,,,,,,,,,,-,-,,,,,,,,,,,
327,UFT.2014(L)7880,,-,+,-,,-,-,-,-,-,-,,-,w,-,-,-,+,-,w,-,-,-,,-,-,+,-,-,+,w,-,-,-,-,-,-,-,-,w,-,+,,,-,-,+,+,+,,-,-,,,,,
328,UFT.2014(L)7881,,+,+,+,,+,+,w,-,w,+,,-,+,+,+,+,-,-,+,w,+,+,,+,-,-,+,-,+,+,+,-,-,-,-,-,-,+,w,-,+,,,+,+,+,+,+,,+,-,,,,,
329,UFT.2014(L)7882,,+,+,+,+,+,+,-,+,+,+,-,-,+,+,w,w,-,,+,-,+,+,+,+,+,+,+,w,+,+,-,-,+,+,-,+,-,w,+,+,+,,,-,-,+,+,-,-,-,-,-,+,-,+,-
330,UFT.2014(L)6578,,+,+,+,+,+,-,+,-,-,+,-,-,+,+,w,-,+,,w,-,+,-,+,-,-,+,+,-,+,+,-,-,-,-,,,,-,+,-,+,,,-,-,+,+,-,,-,-,,,,,
331,UFT.2014(L)6581,,+,+,+,+,+,+,-,-,+,+,,-,+,+,+,-,-,-,+,-,+,-,,+,w,+,+,-,+,+,+,w,-,-,-,-,-,+,,-,+,,,-,-,+,+,-,,-,-,,,,,
332,UFT.2014(L)6706,,+,-,-,-,-,-,-,-,-,-,-,-,-,-,-,-,-,,w,-,-,-,-,-,-,-,-,+,+,+,-,-,-,-,-,+,-,-,-,-,+,,,-,-,+,+,-,-,-,-,-,-,-,+,+
333,UFT.2014(L)7784,,+,+,+,+,+,+,-,-,+,+,-,-,+,,,,,,,,,,,,,,,,,,,,,,,,,,,,,,,-,-,,,,,,,,,,,
334,UFT.2014(L)6742,,+,+,+,+,+,+,-,-,+,+,-,-,+,+,+,+,-,+,+,-,+,+,+,+,+,+,+,-,+,+,-,-,+,+,-,w,-,+,+,+,+,,,-,-,+,+,-,-,+,+,-,+,+,+,-
335,UFT.2014(L)6837,,+,+,+,+,+,+,-,,,+,-,w,+,w,-,-,-,,+,-,+,-,+,+,+,+,+,w,+,+,-,-,-,+,-,w,-,w,+,-,+,,,-,-,+,+,-,-,-,-,-,-,+,-,-
336,UFT.2014(L)6849,,+,+,+,+,+,+,+,+,+,+,-,+,+,+,+,+,+,,+,+,+,+,+,+,+,+,+,-,+,-,+,+,w,+,+,-,-,+,+,-,+,,,+,+,+,+,-,+,-,-,-,+,-,-,-
337,UFT.2014(L)7236,,+,+,+,+,+,+,-,w,+,+,-,-,+,+,w,+,-,,+,-,+,+,+,+,+,+,w,w,+,+,-,-,-,+,-,+,-,w,+,+,+,,,-,-,+,+,-,-,-,-,-,-,+,+,-
338,UFT.2014(L)7384,,+,+,+,+,+,+,-,-,-,+,w,-,+,,,,,,,,,,,,,,,,,,,,,,,,,,,,,,,-,-,,,,,,,,,,,
339,UFT.2014(L)7739,,+,+,+,+,+,+,-,w,+,+,,-,+,+,+,w,-,-,+,-,+,+,,+,+,+,+,-,+,+,+,w,+,-,-,-,-,,,+,+,,,-,-,+,+,-,,+,-,,,,,
340,UFT.2014(L)7883,,-,-,-,+,-,-,-,-,+,-,,-,-,-,w,-,-,-,+,-,-,-,,-,-,-,+,+,+,+,+,-,-,-,-,-,-,,,-,-,,,-,-,+,+,-,,-,-,,,,,
341,UFT.2014(L)7887,,+,+,+,+,+,+,-,+,+,+,-,-,+,,,,,,,,,,,,,,,,,,,,,,,,,,,,,,,-,-,,,,,,,,,,,
342,UFT.2014(L)7888,,+,+,+,+,+,+,-,w,+,+,-,-,+,,,,,,,,,,,,,,,,,,,,,,,,,,,,,,,-,-,,,,,,,,,,,
343,UFT.2014(L)7889,,+,+,+,+,+,+,-,+,+,+,-,-,+,,,,,,,,,,,,,,,,,,,,,,,,,,,,,,,-,-,,,,,,,,,,,
344,UFT.2014(L)7982,,+,w,+,+,+,+,-,+,+,+,,-,+,+,w,w,-,-,w,-,+,+,,+,+,+,+,-,+,+,+,w,-,-,-,-,-,,,+,+,,,-,-,+,+,-,,+,+,,,,,
345,UFT.2014(L)7983,,+,+,+,+,+,+,-,+,+,+,-,-,+,,,,,,,,,,,,,,,,,,,,,,,,,,,,,,,-,-,,,,,,,,,,,
346,UFT.2014(L)7984,,w,+,+,+,+,+,-,-,+,+,,-,+,+,+,+,+,-,+,+,+,+,,+,-,+,+,-,+,-,+,-,-,-,-,-,-,-,,-,+,,,-,-,+,+,-,,-,-,,,,,
347,UFT.2014(L)6571,,-,-,-,-,-,-,-,-,-,-,,-,-,-,-,-,-,-,-,-,-,-,,-,-,-,-,-,-,-,-,-,-,-,-,-,-,,,-,-,,,-,-,-,-,-,,-,-,,,,,
348,UFT.2014(L)6610,,+,-,+,,+,+,-,-,-,+,,-,+,-,-,-,-,-,-,-,+,-,,+,-,+,+,-,+,w,+,-,-,-,-,-,-,-,+,-,+,,,-,-,+,+,+,,-,-,,,,,
349,UFT.2014(L)6846,,+,-,+,,+,-,-,-,-,+,,+,+,-,-,-,+,-,-,-,+,-,,+,-,+,-,-,+,+,-,-,-,-,-,-,-,-,+,-,+,,,-,-,+,+,+,,-,-,,,,,
350,UFT.2014(L)6986,,+,w,+,,+,+,-,-,+,+,,+,+,+,-,-,-,-,w,-,+,w,,+,-,+,w,-,+,+,-,-,-,-,-,-,-,-,+,+,+,,,-,-,+,+,+,,+,+,,,,,
351,UFT.2014(L)7154,,+,+,+,+,+,-,-,-,-,+,-,-,+,+,w,-,-,,+,-,+,-,+,+,-,+,-,-,+,+,-,-,-,-,,,,w,+,+,+,,,-,-,+,+,-,,+,+,,,,,
352,UFT.2014(L)7157,,w,-,w,-,-,-,+,-,-,-,-,-,-,-,-,-,-,,+,-,-,-,-,-,-,+,+,+,+,+,-,-,+,-,,,,-,-,-,+,,,-,-,+,+,-,,-,-,,,,,
353,UFT.2014(L)7240,,+,+,+,+,+,+,-,+,+,+,-,-,+,,,,,,,,,,,,,,,,,,,,,,,,,,,,,,,-,-,,,,,,,,,,,
354,UFT.2014(L)7387,,+,+,+,+,+,+,-,+,+,+,-,-,+,,,,,,,,,,,,,,,,,,,,,,,,,,,,,,,-,-,,,,,,,,,,,
355,UFT.2014(L)7920,,+,+,+,+,+,+,-,w,+,+,-,-,+,,,,,,,,,,,,,,,,,,,,,,,,,,,,,,,-,-,,,,,,,,,,,
356,UFT.2014(L)7954,,+,+,+,+,+,+,-,w,-,+,-,-,+,,,,,,,,,,,,,,,,,,,,,,,,,,,,,,,-,-,,,,,,,,,,,
357,UFT.2014(L)7742,,+,+,+,+,+,+,-,w,+,+,-,-,+,,,,,,,,,,,,,,,,,,,,,,,,,,,,,,,-,-,,,,,,,,,,,
358,UFT.2014(L)7743,,+,+,+,+,+,+,-,w,+,+,-,-,+,,,,,,,,,,,,,,,,,,,,,,,,,,,,,,,-,-,,,,,,,,,,,
359,UFT.2014(L)7744,,+,+,+,,+,+,-,-,+,+,,+,+,+,w,-,-,-,+,-,+,-,,+,-,+,w,-,+,+,-,-,-,-,-,-,-,-,+,+,+,,,-,-,+,+,+,,+,+,,,,,
360,UFT.2014(L)7985,,+,+,+,+,+,+,-,-,-,+,,-,+,+,+,w,-,-,+,-,+,w,,+,w,+,+,-,+,+,+,w,-,-,-,-,-,-,,+,+,,,-,-,+,+,-,,+,+,,,,,
361,UFT.2014(L)7987,,+,+,+,+,+,+,-,+,+,+,w,-,+,,,,,,,,,,,,,,,,,,,,,,,,,,,,,,,-,-,,,,,,,,,,,
362,UFT.2014(L)6982,,+,w,+,+,+,-,,-,-,+,-,-,+,+,w,-,-,,+,-,+,w,+,+,-,+,+,-,+,+,-,-,-,-,,,,-,+,+,+,,,-,-,+,+,-,,+,+,,,,,
363,UFT.2014(L)6588,,+,-,+,,+,-,-,-,-,-,,-,+,+,-,+,-,-,+,+,+,-,,+,-,w,+,-,w,-,-,-,-,-,-,-,-,-,+,-,+,,,-,-,+,+,+,,+,+,,,,,
364,UFT.2014(L)7949,,+,+,+,+,+,+,-,-,-,+,-,-,+,+,+,+,-,-,+,+,+,+,+,+,+,+,+,+,+,+,-,-,-,+,-,-,-,+,+,+,,,,+,-,+,+,-,-,+,-,+,+,+,+,+
365,UFT.2014(L)6608,,-,-,-,-,+,-,-,-,-,-,-,-,-,-,-,-,-,-,-,-,,-,-,-,-,+,+,,-,-,-,-,-,-,-,-,-,-,-,+,+,,,-,-,+,+,-,-,-,-,+,+,+,-,-
366,UFT.2014(L)6609,,+,+,+,+,+,-,-,-,-,+,-,-,+,-,-,-,+,-,+,+,+,+,+,+,+,+,+,-,+,-,-,-,-,+,-,+,-,+,+,-,+,,,-,-,+,+,-,-,-,+,+,-,+,-,+
367,UFT.2014(L)6759,,+,+,+,+,+,+,-,-,-,+,-,-,+,,,,,,,,,,,,,,,,,,,,,,,,,,,,,,,,,,,,,,,,,,,
368,UFT.2014(L)7160,,+,+,+,+,+,+,-,-,-,+,-,-,+,+,+,-,-,-,+,-,+,+,+,+,+,-,-,-,+,-,-,-,-,+,-,+,-,+,+,+,+,,,-,-,+,+,-,-,+,-,+,+,+,+,+
369,UFT.2014(L)7383,,+,+,+,+,+,+,-,-,-,+,-,-,+,+,+,+,-,-,+,+,+,+,+,+,+,+,+,+,+,+,-,-,-,+,-,+,-,+,+,+,+,,,-,-,,,,,,,,,,,
370,UFT.2014(L)7947,,+,+,+,+,+,+,-,w,-,+,,-,+,+,+,-,-,-,+,-,+,w,,+,w,+,+,-,+,+,+,w,w,-,-,-,-,-,,+,+,,,-,-,+,+,-,,+,+,,,,,
371,UFT.2014(L)7966,,+,+,+,,+,-,-,-,w,+,,+,+,+,-,-,-,-,+,-,+,-,,+,-,+,+,-,w,+,-,-,-,-,-,-,-,-,+,-,+,,,-,-,+,+,+,,+,+,,,,,
372,UFT.2014(L)7747,,+,+,+,+,+,+,+,-,-,+,-,-,+,-,-,-,+,,+,+,+,-,+,+,-,+,+,-,+,+,w,-,-,-,,,,w,+,-,+,,,-,-,+,+,-,,-,-,,,,,
373,UFT.2014(L)7748,,+,+,+,+,+,+,-,-,-,+,-,-,+,-,-,-,+,-,+,+,+,+,+,+,+,+,+,+,+,+,+,-,-,+,-,+,-,+,+,-,+,,,-,-,+,+,-,-,-,-,+,-,+,+,+
374,UFT.2014(L)7749,,+,+,+,+,+,-,-,-,-,+,-,-,+,+,w,w,-,,+,-,+,w,+,+,-,w,w,-,+,+,-,-,-,-,,,,-,+,+,+,,,-,-,+,+,-,,+,+,,,,,
375,UFT.2014(L)7750,,-,-,-,,+,-,-,-,-,-,,-,-,-,-,-,-,-,-,-,-,-,,-,-,+,+,-,-,-,-,-,-,-,-,-,-,-,-,+,-,,,+,-,+,+,+,,-,-,,,,,
376,UFT.2014(L)7890,,-,-,-,,+,-,-,-,-,-,,-,-,-,-,-,-,-,-,-,-,-,,-,-,w,+,-,-,-,-,-,-,-,-,-,-,-,-,+,-,,,-,-,+,+,+,,-,-,,,,,
377,UFT.2014(L)7891,,+,+,+,+,+,+,-,-,-,+,-,-,+,+,+,+,-,-,+,-,+,+,+,+,+,+,-,-,+,-,-,-,-,+,-,+,-,+,+,+,+,,,-,-,+,+,-,-,+,-,+,+,+,+,+
378,UFT.2014(L)7892,,+,+,+,+,+,+,-,-,-,+,-,-,+,+,+,-,-,-,+,+,+,+,+,+,+,+,+,+,+,+,w,-,-,+,-,+,-,+,+,+,,,,-,-,+,+,-,-,+,-,+,+,+,+,+
379,UFT.2014(L)7893,,+,+,+,+,+,+,-,-,-,+,-,-,+,+,+,+,-,-,+,-,+,+,+,+,+,+,-,-,+,-,-,-,-,+,-,+,-,+,+,+,+,,,-,-,+,+,-,-,+,-,+,+,+,+,+
380,UFT.2014(L)7761,,+,+,+,+,+,+,-,+,+,+,-,-,+,,,,,,,,,,,,,,,,,,,,,,,,,,,,,,,-,-,,,,,,,,,,,
381,UFT.2014(L)6615,,+,+,+,+,+,+,+,-,+,+,-,+,+,,,,,,,,,,,,,,,,,,,,,,,,,,,,,,,+,+,,,,,,,,,,,
382,UFT.2014(L)6762,,+,+,+,+,+,+,-,-,-,+,-,-,+,,,,,,,,,,,,,,,,,,,,,,,,,,,,,,,-,-,,,,,,,,,,,
383,UFT.2014(L)7328,,+,+,+,+,+,+,-,-,-,+,-,-,+,,,,,,,,,,,,,,,,,,,,,,,,,,,,,,,-,-,,,,,,,,,,,
384,UFT.2014(L)7333,,+,+,+,+,+,+,-,w,+,+,-,-,+,,,,,,,,,,,,,,,,,,,,,,,,,,,,,,,-,-,,,,,,,,,,,
385,UFT.2014(L)7953,,+,+,+,+,+,+,-,-,-,+,-,-,+,,,,,,,,,,,,,,,,,,,,,,,,,,,,,,,-,-,,,,,,,,,,,
386,UFT.2014(L)7238,,+,+,+,+,+,+,-,+,+,+,w,-,+,,,,,,,,,,,,,,,,,,,,,,,,,,,,,,,-,-,,,,,,,,,,,
387,UFT.2014(L)7251,,+,+,+,+,-,+,-,-,-,+,-,-,+,,,,,,,,,,,,,,,,,,,,,,,,,,,,,,,-,-,,,,,,,,,,,
388,UFT.2014(L)7252,,+,+,+,+,+,+,-,+,+,+,-,-,+,,,,,,,,,,,,,,,,,,,,,,,,,,,,,,,-,-,,,,,,,,,,,
389,UFT.2014(L)7962,,+,+,+,+,+,+,-,-,-,+,-,-,+,,,,,,,,,,,,,,,,,,,,,,,,,,,,,,,-,-,,,,,,,,,,,
390,UFT.2014(L)7751,,+,+,+,+,+,+,-,w,+,+,-,-,+,,,,,,,,,,,,,,,,,,,,,,,,,,,,,,,-,-,,,,,,,,,,,
391,UFT.2014(L)7752,,+,+,+,+,+,+,-,+,+,+,w,-,+,,,,,,,,,,,,,,,,,,,,,,,,,,,,,,,-,-,,,,,,,,,,,
392,UFT.2014(L)7894,,+,+,+,+,+,+,-,+,+,+,w,-,+,,,,,,,,,,,,,,,,,,,,,,,,,,,,,,,-,-,,,,,,,,,,,
393,UFT.2014(L)7896,,+,+,+,+,+,+,-,-,-,+,-,-,+,,,,,,,,,,,,,,,,,,,,,,,,,,,,,,,-,-,,,,,,,,,,,
394,UFT.2014(L)7897,,+,+,+,+,+,+,-,+,+,+,-,-,+,,,,,,,,,,,,,,,,,,,,,,,,,,,,,,,-,-,,,,,,,,,,,
395,UFT.2014(L)7991,,+,+,+,+,+,+,-,+,+,+,-,-,+,,,,,,,,,,,,,,,,,,,,,,,,,,,,,,,-,-,,,,,,,,,,,
396,UFT.2014(L)7332,,+,+,+,+,-,+,-,-,-,+,-,-,+,,,,,,,,,,,,,,,,,,,,,,,,,,,,,,,-,-,,,,,,,,,,,
397,UFT.2014(L)6740,,+,+,+,+,+,+,-,-,-,+,-,-,+,,,,,,,,,,,,,,,,,,,,,,,,,,,,,,,-,-,,,,,,,,,,,
398,UFT.2014(L)6614,,+,+,+,+,+,+,-,+,+,+,-,-,+,,,,,,,,,,,,,,,,,,,,,,,,,,,,,,,-,-,,,,,,,,,,,
399,UFT.2014(L)6750,,+,+,+,+,+,+,-,-,-,+,w,-,+,,,,,,,,,,,,,,,,,,,,,,,,,,,,,,,-,-,,,,,,,,,,,
400,UFT.2014(L)7917,,+,+,+,+,+,+,-,+,+,+,w,-,+,,,,,,,,,,,,,,,,,,,,,,,,,,,,,,,-,-,,,,,,,,,,,
401,UFT.2014(L)7919,,+,+,+,+,+,+,-,+,+,+,-,-,+,,,,,,,,,,,,,,,,,,,,,,,,,,,,,,,-,-,,,,,,,,,,,
402,UFT.2014(L)7950,,+,+,+,+,+,+,-,+,+,+,-,-,+,,,,,,,,,,,,,,,,,,,,,,,,,,,,,,,-,-,,,,,,,,,,,
403,UFT.2014(L)7964,,+,+,+,+,+,+,-,+,+,+,-,-,+,,,,,,,,,,,,,,,,,,,,,,,,,,,,,,,-,-,,,,,,,,,,,
404,UFT.2014(L)7992,,+,+,+,+,+,+,-,-,-,+,-,-,+,,,,,,,,,,,,,,,,,,,,,,,,,,,,,,,-,-,,,,,,,,,,,
405,UFT.2014(L)7993,,+,+,+,+,+,+,-,+,+,+,w,-,+,,,,,,,,,,,,,,,,,,,,,,,,,,,,,,,-,-,,,,,,,,,,,
406,UFT.2014(L)7995,,+,+,+,+,+,+,-,+,+,+,w,-,+,,,,,,,,,,,,,,,,,,,,,,,,,,,,,,,-,-,,,,,,,,,,,
407,UFT.2014(L)6564,,+,+,+,+,+,+,-,+,+,+,w,-,+,,,,,,,,,,,,,,,,,,,,,,,,,,,,,,,-,-,,,,,,,,,,,
408,UFT.2014(L)6598,,+,+,+,+,+,+,-,+,+,+,-,-,+,,,,,,,,,,,,,,,,,,,,,,,,,,,,,,,-,-,,,,,,,,,,,
409,UFT.2014(L)7838,,+,+,+,+,+,+,-,+,+,+,-,-,+,,,,,,,,,,,,,,,,,,,,,,,,,,,,,,,-,-,,,,,,,,,,,
410,UFT.2014(L)6747,,+,+,+,+,+,+,-,+,+,+,-,-,+,,,,,,,,,,,,,,,,,,,,,,,,,,,,,,,-,-,,,,,,,,,,,
411,UFT.2014(L)7054,,+,+,+,+,+,+,-,-,+,+,-,-,+,,,,,,,,,,,,,,,,,,,,,,,,,,,,,,,-,-,,,,,,,,,,,
412,UFT.2014(L)7756,,+,+,+,+,+,+,-,+,+,+,-,-,+,,,,,,,,,,,,,,,,,,,,,,,,,,,,,,,-,-,,,,,,,,,,,
413,UFT.2014(L)7760,,+,+,+,+,+,+,-,+,+,+,-,-,+,,,,,,,,,,,,,,,,,,,,,,,,,,,,,,,-,-,,,,,,,,,,,
414,UFT.2014(L)7770,,+,+,-,+,+,+,-,-,-,-,-,-,+,,,,,,,,,,,,,,,,,,,,,,,,,,,,,,,-,-,,,,,,,,,,,
415,UFT.2014(L)7898,,+,+,+,+,+,+,-,+,+,+,-,-,+,,,,,,,,,,,,,,,,,,,,,,,,,,,,,,,-,-,,,,,,,,,,,
416,UFT.2014(L)7899,,+,+,+,+,+,+,-,-,+,+,+,-,+,,,,,,,,,,,,,,,,,,,,,,,,,,,,,,,-,-,,,,,,,,,,,
417,UFT.2014(L)7900,,+,+,+,+,+,+,-,+,+,+,-,-,+,,,,,,,,,,,,,,,,,,,,,,,,,,,,,,,-,-,,,,,,,,,,,
418,UFT.2014(L)7901,,+,+,+,+,+,+,-,+,+,+,-,-,+,,,,,,,,,,,,,,,,,,,,,,,,,,,,,,,-,-,,,,,,,,,,,
419,UFT.2014(L)7996,,+,+,+,+,+,+,-,-,-,+,-,-,+,,,,,,,,,,,,,,,,,,,,,,,,,,,,,,,-,-,,,,,,,,,,,
420,UFT.2014(L)6586,,+,+,+,+,+,+,-,-,+,+,-,-,+,,,,,,,,,,,,,,,,,,,,,,,,,,,,,,,-,-,,,,,,,,,,,
421,UFT.2014(L)7843,,+,-,+,+,+,+,-,-,+,+,+,-,+,,,,,,,,,,,,,,,,,,,,,,,,,,,,,,,-,-,,,,,,,,,,,
422,UFT.2014(L)6760,,+,+,+,+,+,+,-,+,+,+,-,-,+,,,,,,,,,,,,,,,,,,,,,,,,,,,,,,,-,-,,,,,,,,,,,
423,UFT.2014(L)7179,,+,+,+,+,+,+,-,-,+,+,w,-,+,,,,,,,,,,,,,,,,,,,,,,,,,,,,,,,-,-,,,,,,,,,,,
424,UFT.2014(L)7299,,+,+,+,+,+,+,-,+,+,+,-,-,+,,,,,,,,,,,,,,,,,,,,,,,,,,,,,,,-,-,,,,,,,,,,,
425,UFT.2014(L)7301,,+,+,+,+,+,+,+,-,+,+,-,+,+,,,,,,,,,,,,,,,,,,,,,,,,,,,,,,,+,+,,,,,,,,,,,
426,UFT.2014(L)7194,,+,+,+,+,+,+,-,+,+,+,-,-,+,,,,,,,,,,,,,,,,,,,,,,,,,,,,,,,-,-,,,,,,,,,,,
427,UFT.2014(L)7200,,+,+,+,+,+,+,-,+,+,+,-,-,+,,,,,,,,,,,,,,,,,,,,,,,,,,,,,,,-,-,,,,,,,,,,,
428,UFT.2014(L)7771,,-,-,-,-,+,-,-,-,-,-,-,-,-,,,,,,,,,,,,,,,,,,,,,,,,,,,,,,,-,-,,,,,,,,,,,
429,UFT.2014(L)7772,,+,+,+,+,+,+,-,+,+,+,-,-,+,,,,,,,,,,,,,,,,,,,,,,,,,,,,,,,-,-,,,,,,,,,,,
430,UFT.2014(L)7773,,-,-,-,-,-,-,-,-,-,-,-,-,-,,,,,,,,,,,,,,,,,,,,,,,,,,,,,,,-,-,,,,,,,,,,,
431,UFT.2014(L)7902,,+,-,+,+,+,+,-,-,+,+,+,-,+,,,,,,,,,,,,,,,,,,,,,,,,,,,,,,,-,-,,,,,,,,,,,
432,UFT.2014(L)7905,,+,+,+,+,+,+,-,+,+,+,-,-,+,,,,,,,,,,,,,,,,,,,,,,,,,,,,,,,-,-,,,,,,,,,,,
433,UFT.2014(L)7997,,+,+,+,+,+,+,-,+,+,+,-,-,+,,,,,,,,,,,,,,,,,,,,,,,,,,,,,,,-,-,,,,,,,,,,,
434,UFT.2014(L)8028,,-,-,-,-,-,-,-,-,-,-,-,-,-,,,,,,,,,,,,,,,,,,,,,,,,,,,,,,,-,-,,,,,,,,,,,
435,UFT.2014(L)6536,,+,+,+,+,+,+,-,-,-,+,-,-,+,,,,,,,,,,,,,,,,,,,,,,,,,,,,,,,-,-,,,,,,,,,,,
436,UFT.2014(L)6822,,+,+,+,+,+,+,-,+,+,+,-,-,+,,,,,,,,,,,,,,,,,,,,,,,,,,,,,,,-,-,,,,,,,,,,,
437,UFT.2014(L)6828,,+,+,+,+,+,+,-,+,+,+,-,-,+,,,,,,,,,,,,,,,,,,,,,,,,,,,,,,,-,-,,,,,,,,,,,
438,UFT.2014(L)6566,,+,+,+,+,+,+,-,+,+,+,-,-,+,,,,,,,,,,,,,,,,,,,,,,,,,,,,,,,-,-,,,,,,,,,,,
439,UFT.2014(L)6580,,+,+,+,+,+,+,-,+,+,+,-,-,+,,,,,,,,,,,,,,,,,,,,,,,,,,,,,,,-,-,,,,,,,,,,,
440,UFT.2014(L)6587,,+,+,+,+,+,+,-,-,-,+,-,-,+,,,,,,,,,,,,,,,,,,,,,,,,,,,,,,,-,-,,,,,,,,,,,
441,UFT.2014(L)6593,,+,+,+,+,+,+,-,w,+,+,w,-,+,,,,,,,,,,,,,,,,,,,,,,,,,,,,,,,-,-,,,,,,,,,,,
442,UFT.2014(L)7783,,+,+,+,+,+,+,-,-,-,+,-,-,+,,,,,,,,,,,,,,,,,,,,,,,,,,,,,,,-,-,,,,,,,,,,,
443,UFT.2014(L)7867,,+,+,+,+,+,+,-,w,+,+,w,-,+,,,,,,,,,,,,,,,,,,,,,,,,,,,,,,,-,-,,,,,,,,,,,
444,UFT.2014(L)7099,,+,+,+,+,+,+,-,-,-,-,-,-,+,,,,,,,,,,,,,,,,,,,,,,,,,,,,,,,-,-,,,,,,,,,,,
445,UFT.2014(L)7255,,+,+,+,+,+,+,-,+,-,+,-,-,+,,,,,,,,,,,,,,,,,,,,,,,,,,,,,,,-,-,,,,,,,,,,,
446,UFT.2014(L)7399,,+,+,+,+,+,+,-,+,+,+,-,-,+,,,,,,,,,,,,,,,,,,,,,,,,,,,,,,,-,-,,,,,,,,,,,
447,UFT.2014(L)7500,,+,+,+,+,+,+,-,+,+,+,-,-,+,,,,,,,,,,,,,,,,,,,,,,,,,,,,,,,-,-,,,,,,,,,,,
448,UFT.2014(L)7501,,+,+,+,-,+,+,-,-,-,+,-,-,+,,,,,,,,,,,,,,,,,,,,,,,,,,,,,,,-,-,,,,,,,,,,,
449,UFT.2014(L)7503,,+,+,+,+,+,+,-,-,-,+,-,-,+,,,,,,,,,,,,,,,,,,,,,,,,,,,,,,,-,-,,,,,,,,,,,
450,UFT.2014(L)7807,,+,+,+,+,+,+,-,w,+,+,w,-,+,,,,,,,,,,,,,,,,,,,,,,,,,,,,,,,-,-,,,,,,,,,,,
451,UFT.2014(L)7808,,+,+,+,+,+,+,-,-,+,+,+,-,+,,,,,,,,,,,,,,,,,,,,,,,,,,,,,,,-,-,,,,,,,,,,,
452,UFT.2014(L)7809,,+,+,+,+,+,+,-,+,+,+,+,-,+,,,,,,,,,,,,,,,,,,,,,,,,,,,,,,,-,-,,,,,,,,,,,
453,UFT.2014(L)7908,,-,-,-,-,-,-,-,-,-,-,-,-,-,,,,,,,,,,,,,,,,,,,,,,,,,,,,,,,-,-,,,,,,,,,,,
454,UFT.2014(L)8002,,-,-,-,-,-,-,-,-,-,-,-,-,-,,,,,,,,,,,,,,,,,,,,,,,,,,,,,,,-,-,,,,,,,,,,,
455,UFT.2014(L)6647,,+,+,+,+,+,+,-,-,+,+,-,-,+,,,,,,,,,,,,,,,,,,,,,,,,,,,,,,,-,-,,,,,,,,,,,
456,UFT.2014(L)6726,,+,+,+,+,+,+,-,+,+,+,-,-,+,,,,,,,,,,,,,,,,,,,,,,,,,,,,,,,-,-,,,,,,,,,,,
457,UFT.2014(L)7798,,+,+,+,+,+,+,-,+,+,+,-,-,+,,,,,,,,,,,,,,,,,,,,,,,,,,,,,,,-,-,,,,,,,,,,,
458,UFT.2014(L)6623,,+,+,+,+,+,+,-,+,+,+,-,-,+,,,,,,,,,,,,,,,,,,,,,,,,,,,,,,,-,-,,,,,,,,,,,
459,UFT.2014(L)6624,,-,-,-,-,+,-,-,-,-,-,-,-,+,,,,,,,,,,,,,,,,,,,,,,,,,,,,,,,-,-,,,,,,,,,,,
460,UFT.2014(L)6757,,+,+,+,+,+,+,-,+,+,+,-,-,+,,,,,,,,,,,,,,,,,,,,,,,,,,,,,,,-,-,,,,,,,,,,,
461,UFT.2014(L)7916,,+,+,+,+,+,+,-,+,+,+,-,-,+,,,,,,,,,,,,,,,,,,,,,,,,,,,,,,,-,-,,,,,,,,,,,
462,UFT.2014(L)7918,,+,+,+,+,+,+,-,+,+,+,-,-,+,,,,,,,,,,,,,,,,,,,,,,,,,,,,,,,-,-,,,,,,,,,,,
463,UFT.2014(L)7952,,+,+,+,+,+,+,-,+,+,+,w,-,+,,,,,,,,,,,,,,,,,,,,,,,,,,,,,,,-,-,,,,,,,,,,,
464,UFT.2014(L)7787,,+,+,+,+,+,+,-,+,+,+,-,-,+,,,,,,,,,,,,,,,,,,,,,,,,,,,,,,,-,-,,,,,,,,,,,
465,UFT.2014(L)7788,,+,w,+,+,+,+,-,+,+,+,-,-,+,,,,,,,,,,,,,,,,,,,,,,,,,,,,,,,-,-,,,,,,,,,,,
466,UFT.2014(L)7789,,+,+,+,+,+,+,-,-,+,+,-,-,+,,,,,,,,,,,,,,,,,,,,,,,,,,,,,,,-,-,,,,,,,,,,,
467,UFT.2014(L)7801,,+,-,+,+,+,+,-,-,-,+,-,-,+,,,,,,,,,,,,,,,,,,,,,,,,,,,,,,,-,-,,,,,,,,,,,
468,UFT.2014(L)7906,,+,-,+,+,+,+,-,-,+,+,+,-,+,,,,,,,,,,,,,,,,,,,,,,,,,,,,,,,-,-,,,,,,,,,,,
469,UFT.2014(L)7907,,+,+,+,+,+,+,-,+,+,+,-,-,+,,,,,,,,,,,,,,,,,,,,,,,,,,,,,,,-,-,,,,,,,,,,,
470,UFT.2014(L)7999,,+,+,+,+,+,+,+,-,+,+,+,+,+,,,,,,,,,,,,,,,,,,,,,,,,,,,,,,,w,+,,,,,,,,,,,
471,UFT.2014(L)8000,,+,+,+,+,+,+,-,-,-,+,-,-,+,,,,,,,,,,,,,,,,,,,,,,,,,,,,,,,-,-,,,,,,,,,,,
472,UFT.2014(L)8001,,+,+,+,+,+,+,-,+,+,+,-,-,+,,,,,,,,,,,,,,,,,,,,,,,,,,,,,,,-,-,,,,,,,,,,,
473,UFT.2014(L)8029,,+,+,+,+,+,+,-,+,+,+,+,-,+,,,,,,,,,,,,,,,,,,,,,,,,,,,,,,,-,-,,,,,,,,,,,
474,UFT.2014(L)6626,,-,+,-,+,-,-,-,-,-,-,-,-,+,,,,,,,,,,,,,,,,,,,,,,,,,,,,,,,-,-,,,,,,,,,,,
475,UFT.2014(L)7800,,+,-,+,+,+,+,-,-,-,+,-,-,+,,,,,,,,,,,,,,,,,,,,,,,,,,,,,,,-,-,,,,,,,,,,,
476,UFT.2014(L)6819,,-,-,-,-,+,-,-,-,-,-,-,-,-,,,,,,,,,,,,,,,,,,,,,,,,,,,,,,,-,-,,,,,,,,,,,
477,UFT.2014(L)6567,,+,+,-,-,-,-,-,-,-,-,-,-,-,-,-,-,-,-,-,-,-,-,-,-,-,-,-,+,+,-,-,-,-,-,-,+,-,-,+,-,+,,,-,-,+,+,-,-,-,-,+,+,+,+,-
478,UFT.2014(L)6651,,-,-,-,+,-,-,-,-,-,-,-,-,-,,,,,,,,,,,,,,,,,,,,,,,,,,,,,,,-,-,,,,,,,,,,,
479,UFT.2014(L)7785,,-,+,-,+,-,-,-,-,-,-,-,-,+,,,,,,,,,,,,,,,,,,,,,,,,,,,,,,,-,-,,,,,,,,,,,
480,UFT.2014(L)7839,,+,+,+,+,+,+,-,+,+,+,-,-,+,,,,,,,,,,,,,,,,,,,,,,,,,,,,,,,-,-,,,,,,,,,,,
481,UFT.2014(L)7869,,+,+,+,+,+,+,-,+,+,+,-,-,+,,,,,,,,,,,,,,,,,,,,,,,,,,,,,,,-,-,,,,,,,,,,,
482,UFT.2014(L)7260,,+,+,+,+,+,+,-,+,+,+,-,-,+,,,,,,,,,,,,,,,,,,,,,,,,,,,,,,,-,-,,,,,,,,,,,
483,UFT.2014(L)7505,,-,-,-,-,+,-,-,-,-,-,-,-,-,,,,,,,,,,,,,,,,,,,,,,,,,,,,,,,-,-,,,,,,,,,,,
484,UFT.2014(L)7507,,-,-,-,-,+,-,-,-,-,-,-,-,-,,,,,,,,,,,,,,,,,,,,,,,,,,,,,,,-,-,,,,,,,,,,,
485,UFT.2014(L)7520,,+,+,+,+,+,+,-,-,+,+,-,-,+,,,,,,,,,,,,,,,,,,,,,,,,,,,,,,,-,-,,,,,,,,,,,
486,UFT.2014(L)7922,,-,-,-,-,+,+,-,-,-,+,-,-,+,,,,,,,,,,,,,,,,,,,,,,,,,,,,,,,-,-,,,,,,,,,,,
487,UFT.2014(L)8003,,+,+,+,+,+,+,-,+,+,+,-,-,+,,,,,,,,,,,,,,,,,,,,,,,,,,,,,,,-,-,,,,,,,,,,,
488,UFT.2014(L)6539,,+,+,+,+,+,+,-,+,+,+,-,-,+,,,,,,,,,,,,,,,,,,,,,,,,,,,,,,,-,-,,,,,,,,,,,
489,UFT.2014(L)6833,,+,+,+,+,+,+,-,+,+,+,-,-,+,,,,,,,,,,,,,,,,,,,,,,,,,,,,,,,-,-,,,,,,,,,,,
490,UFT.2014(L)7767,,-,-,-,-,-,-,-,-,-,-,-,-,-,,,,,,,,,,,,,,,,,,,,,,,,,,,,,,,-,-,,,,,,,,,,,
491,UFT.2014(L)6649,,-,+,-,-,-,-,-,-,-,-,-,-,+,,,,,,,,,,,,,,,,,,,,,,,,,,,,,,,-,-,,,,,,,,,,,
492,UFT.2014(L)6776,,+,+,+,+,+,+,-,+,+,+,-,-,+,,,,,,,,,,,,,,,,,,,,,,,,,,,,,,,-,-,,,,,,,,,,,
493,UFT.2014(L)6882,,+,+,+,+,+,+,-,+,+,+,-,-,+,,,,,,,,,,,,,,,,,,,,,,,,,,,,,,,-,-,,,,,,,,,,,
494,UFT.2014(L)6884,,-,-,-,-,+,-,-,-,-,-,-,-,-,,,,,,,,,,,,,,,,,,,,,,,,,,,,,,,-,-,,,,,,,,,,,
495,UFT.2014(L)6894,,-,-,-,-,+,-,-,-,w,-,-,-,-,,,,,,,,,,,,,,,,,,,,,,,,,,,,,,,-,-,,,,,,,,,,,
496,UFT.2014(L)6902,,+,+,+,+,+,+,-,+,+,+,-,-,+,,,,,,,,,,,,,,,,,,,,,,,,,,,,,,,-,-,,,,,,,,,,,
497,UFT.2014(L)6942,,+,+,+,+,+,+,-,-,+,+,-,-,+,,,,,,,,,,,,,,,,,,,,,,,,,,,,,,,-,-,,,,,,,,,,,
498,UFT.2014(L)7764,,+,+,+,+,+,+,-,+,+,+,-,-,+,,,,,,,,,,,,,,,,,,,,,,,,,,,,,,,-,-,,,,,,,,,,,
499,UFT.2014(L)7786,,-,-,-,-,+,-,-,-,-,-,-,-,+,,,,,,,,,,,,,,,,,,,,,,,,,,,,,,,-,-,,,,,,,,,,,
500,UFT.2014(L)7864,,+,+,+,+,+,+,-,+,+,+,-,-,+,,,,,,,,,,,,,,,,,,,,,,,,,,,,,,,-,-,,,,,,,,,,,
501,UFT.2014(L)7868,,+,+,+,+,+,+,w,-,-,+,-,+,+,,,,,,,,,,,,,,,,,,,,,,,,,,,,,,,-,-,,,,,,,,,,,
502,UFT.2014(L)7259,,+,+,+,+,+,+,-,-,+,+,-,-,+,,,,,,,,,,,,,,,,,,,,,,,,,,,,,,,-,-,,,,,,,,,,,
503,UFT.2014(L)7264,,+,+,+,+,+,+,-,-,-,+,-,-,+,,,,,,,,,,,,,,,,,,,,,,,,,,,,,,,-,-,,,,,,,,,,,
504,UFT.2014(L)7193,,+,+,+,+,+,+,-,+,+,+,-,-,+,,,,,,,,,,,,,,,,,,,,,,,,,,,,,,,-,-,,,,,,,,,,,
505,UFT.2014(L)7968,,+,-,+,+,+,+,-,-,-,-,-,-,+,,,,,,,,,,,,,,,,,,,,,,,,,,,,,,,-,-,,,,,,,,,,,
506,UFT.2014(L)7516,,-,-,-,-,+,-,-,-,-,-,-,-,+,,,,,,,,,,,,,,,,,,,,,,,,,,,,,,,-,-,,,,,,,,,,,
507,UFT.2014(L)7517,,+,+,+,+,+,+,+,-,+,+,-,+,+,,,,,,,,,,,,,,,,,,,,,,,,,,,,,,,-,+,,,,,,,,,,,
508,UFT.2014(L)7519,,+,+,+,+,+,+,-,+,+,+,-,-,+,,,,,,,,,,,,,,,,,,,,,,,,,,,,,,,-,-,,,,,,,,,,,
509,UFT.2014(L)7923,,+,+,+,+,+,+,-,+,+,+,-,-,+,,,,,,,,,,,,,,,,,,,,,,,,,,,,,,,-,-,,,,,,,,,,,
510,UFT.2014(L)7924,,+,+,+,+,+,+,-,-,-,+,-,-,+,,,,,,,,,,,,,,,,,,,,,,,,,,,,,,,-,-,,,,,,,,,,,
511,UFT.2014(L)6554,,-,+,-,+,-,-,-,-,-,-,-,-,+,,,,,,,,,,,,,,,,,,,,,,,,,,,,,,,-,-,,,,,,,,,,,
512,UFT.2014(L)6815,,+,+,+,+,+,+,-,+,+,+,-,-,+,,,,,,,,,,,,,,,,,,,,,,,,,,,,,,,-,-,,,,,,,,,,,
513,UFT.2014(L)6885,,+,+,+,+,+,+,-,w,+,+,-,-,+,,,,,,,,,,,,,,,,,,,,,,,,,,,,,,,-,-,,,,,,,,,,,
514,UFT.2014(L)6886,,-,+,-,+,-,-,-,-,-,-,-,-,+,,,,,,,,,,,,,,,,,,,,,,,,,,,,,,,-,-,,,,,,,,,,,
515,UFT.2014(L)6892,,+,+,+,+,+,+,-,w,+,+,-,-,+,,,,,,,,,,,,,,,,,,,,,,,,,,,,,,,-,-,,,,,,,,,,,
516,UFT.2014(L)6895,,+,+,+,+,+,+,-,+,+,+,w,-,+,,,,,,,,,,,,,,,,,,,,,,,,,,,,,,,-,-,,,,,,,,,,,
517,UFT.2014(L)7162,,+,+,+,+,+,+,-,+,+,+,w,-,+,,,,,,,,,,,,,,,,,,,,,,,,,,,,,,,-,-,,,,,,,,,,,
518,UFT.2014(L)7257,,+,+,+,+,+,+,-,+,+,+,-,-,+,,,,,,,,,,,,,,,,,,,,,,,,,,,,,,,-,-,,,,,,,,,,,
519,UFT.2014(L)7362,,+,+,+,+,+,+,-,+,+,+,-,-,+,,,,,,,,,,,,,,,,,,,,,,,,,,,,,,,-,-,,,,,,,,,,,
520,UFT.2014(L)7512,,-,-,-,-,+,-,-,-,-,-,-,-,-,,,,,,,,,,,,,,,,,,,,,,,,,,,,,,,-,-,,,,,,,,,,,
521,UFT.2014(L)7513,,-,-,-,+,-,-,-,-,-,-,-,-,w,,,,,,,,,,,,,,,,,,,,,,,,,,,,,,,-,-,,,,,,,,,,,
522,UFT.2014(L)7514,,+,+,+,+,+,+,-,+,+,+,-,-,+,,,,,,,,,,,,,,,,,,,,,,,,,,,,,,,-,-,,,,,,,,,,,
523,UFT.2014(L)7515,,-,+,-,-,-,-,-,-,-,-,-,-,+,,,,,,,,,,,,,,,,,,,,,,,,,,,,,,,-,-,,,,,,,,,,,
524,UFT.2014(L)7811,,+,+,+,+,+,+,-,+,+,+,-,-,+,,,,,,,,,,,,,,,,,,,,,,,,,,,,,,,-,-,,,,,,,,,,,
525,UFT.2014(L)7812,,+,+,+,+,+,+,-,w,+,+,w,-,+,,,,,,,,,,,,,,,,,,,,,,,,,,,,,,,-,-,,,,,,,,,,,
526,UFT.2014(L)7925,,+,+,+,+,+,+,-,+,+,+,-,-,+,,,,,,,,,,,,,,,,,,,,,,,,,,,,,,,-,-,,,,,,,,,,,
527,UFT.2014(L)6820,,+,+,+,+,+,+,-,+,+,+,-,-,+,,,,,,,,,,,,,,,,,,,,,,,,,,,,,,,-,-,,,,,,,,,,,
528,UFT.2014(L)6901,,-,+,-,-,-,-,-,-,-,-,-,-,+,,,,,,,,,,,,,,,,,,,,,,,,,,,,,,,-,-,,,,,,,,,,,
529,UFT.2014(L)7775,,-,+,-,w,-,-,-,-,-,-,-,-,+,,,,,,,,,,,,,,,,,,,,,,,,,,,,,,,-,-,,,,,,,,,,,
530,UFT.2014(L)7778,,-,-,-,-,+,-,-,-,-,-,-,-,-,,,,,,,,,,,,,,,,,,,,,,,,,,,,,,,-,-,,,,,,,,,,,
531,UFT.2014(L)7781,,+,+,+,+,+,+,-,+,+,+,-,-,+,,,,,,,,,,,,,,,,,,,,,,,,,,,,,,,-,-,,,,,,,,,,,
532,UFT.2014(L)7832,,+,+,+,+,+,+,-,+,+,+,-,-,+,,,,,,,,,,,,,,,,,,,,,,,,,,,,,,,-,-,,,,,,,,,,,
533,UFT.2014(L)7834,,-,+,-,-,-,-,-,-,-,-,-,-,+,,,,,,,,,,,,,,,,,,,,,,,,,,,,,,,-,-,,,,,,,,,,,
534,UFT.2014(L)7837,,+,+,+,+,+,+,-,+,+,+,-,-,+,,,,,,,,,,,,,,,,,,,,,,,,,,,,,,,-,-,,,,,,,,,,,
535,UFT.2014(L)7841,,-,+,-,-,-,-,-,-,-,-,-,-,+,,,,,,,,,,,,,,,,,,,,,,,,,,,,,,,-,-,,,,,,,,,,,
536,UFT.2014(L)7904,,+,+,+,+,+,+,-,+,+,+,w,-,+,,,,,,,,,,,,,,,,,,,,,,,,,,,,,,,-,-,,,,,,,,,,,
537,UFT.2014(L)7235,,+,+,+,+,+,+,-,+,+,+,-,-,+,,,,,,,,,,,,,,,,,,,,,,,,,,,,,,,-,-,,,,,,,,,,,
538,UFT.2014(L)7057,,+,+,+,+,+,+,-,+,+,+,-,-,+,,,,,,,,,,,,,,,,,,,,,,,,,,,,,,,-,-,,,,,,,,,,,
539,UFT.2014(L)7508,,-,-,-,-,-,-,-,-,-,-,-,-,+,,,,,,,,,,,,,,,,,,,,,,,,,,,,,,,-,-,,,,,,,,,,,
540,UFT.2014(L)7813,,+,+,+,-,+,+,-,+,+,+,-,-,+,,,,,,,,,,,,,,,,,,,,,,,,,,,,,,,-,-,,,,,,,,,,,
541,UFT.2014(L)816,,-,+,-,-,-,-,-,-,-,-,-,-,+,,,,,,,,,,,,,,,,,,,,,,,,,,,,,,,-,-,,,,,,,,,,,
542,UFT.2014(L)7817,,+,+,+,+,+,+,-,+,+,+,-,-,+,,,,,,,,,,,,,,,,,,,,,,,,,,,,,,,-,-,,,,,,,,,,,
543,UFT.2014(L)7928,,+,+,+,+,+,+,-,+,+,+,-,-,+,,,,,,,,,,,,,,,,,,,,,,,,,,,,,,,-,-,,,,,,,,,,,
544,UFT.2014(L)8004,,+,+,+,+,+,+,-,w,+,+,-,-,+,,,,,,,,,,,,,,,,,,,,,,,,,,,,,,,-,-,,,,,,,,,,,
545,UFT.2014(L)6807,,+,+,+,+,+,+,-,+,+,+,w,-,+,,,,,,,,,,,,,,,,,,,,,,,,,,,,,,,-,-,,,,,,,,,,,
546,UFT.2014(L)7768,,+,+,+,+,+,+,-,+,+,+,+,-,+,,,,,,,,,,,,,,,,,,,,,,,,,,,,,,,-,-,,,,,,,,,,,
547,UFT.2014(L)7780,,-,+,-,w,-,-,-,-,-,-,-,-,+,,,,,,,,,,,,,,,,,,,,,,,,,,,,,,,-,-,,,,,,,,,,,
548,UFT.2014(L)7909,,-,+,-,+,+,-,-,-,-,-,-,-,+,,,,,,,,,,,,,,,,,,,,,,,,,,,,,,,-,-,,,,,,,,,,,
549,UFT.2014(L)7269,,+,+,+,+,+,+,-,-,+,+,-,-,+,,,,,,,,,,,,,,,,,,,,,,,,,,,,,,,-,-,,,,,,,,,,,
550,UFT.2014(L)7277,,+,+,+,+,+,+,-,+,+,+,-,-,+,,,,,,,,,,,,,,,,,,,,,,,,,,,,,,,-,-,,,,,,,,,,,
551,UFT.2014(L)7197,,+,+,+,+,+,+,-,+,+,+,-,-,+,,,,,,,,,,,,,,,,,,,,,,,,,,,,,,,-,-,,,,,,,,,,,
552,UFT.2014(L)7199,,+,+,+,+,+,+,-,+,+,+,-,-,+,,,,,,,,,,,,,,,,,,,,,,,,,,,,,,,-,-,,,,,,,,,,,
553,UFT.2014(L)7524,,+,+,+,+,+,+,-,+,+,+,-,-,+,,,,,,,,,,,,,,,,,,,,,,,,,,,,,,,-,-,,,,,,,,,,,
554,UFT.2014(L)7525,,+,+,+,+,+,+,-,+,+,+,-,-,+,,,,,,,,,,,,,,,,,,,,,,,,,,,,,,,-,-,,,,,,,,,,,
555,UFT.2014(L)7526,,+,+,+,+,+,+,-,+,+,+,-,-,+,,,,,,,,,,,,,,,,,,,,,,,,,,,,,,,-,-,,,,,,,,,,,
556,UFT.2014(L)7527,,+,+,+,+,+,+,-,+,+,+,-,-,+,,,,,,,,,,,,,,,,,,,,,,,,,,,,,,,-,-,,,,,,,,,,,
557,UFT.2014(L)7528,,+,+,+,+,+,+,-,-,-,+,-,-,+,+,+,+,-,-,+,+,+,+,+,+,+,+,+,+,+,+,-,-,-,+,-,-,-,+,+,+,+,,,-,-,+,+,-,-,-,-,+,+,+,-,+
558,UFT.2014(L)7818b,,+,+,+,+,+,+,-,-,+,+,-,-,+,,,,,,,,,,,,,,,,,,,,,,,,,,,,,,,-,-,,,,,,,,,,,
559,UFT.2014(L)7819,,+,+,+,+,+,+,-,+,+,+,-,-,+,,,,,,,,,,,,,,,,,,,,,,,,,,,,,,,-,-,,,,,,,,,,,
560,UFT.2014(L)7821,,+,+,+,+,+,+,-,+,+,+,-,-,+,,,,,,,,,,,,,,,,,,,,,,,,,,,,,,,-,-,,,,,,,,,,,
561,UFT.2014(L)7930,,+,+,+,+,+,+,-,+,+,+,-,-,+,,,,,,,,,,,,,,,,,,,,,,,,,,,,,,,-,-,,,,,,,,,,,
562,UFT.2014(L)7931,,-,-,-,-,+,-,-,-,-,-,-,-,-,,,,,,,,,,,,,,,,,,,,,,,,,,,,,,,-,-,,,,,,,,,,,
563,UFT.2014(L)8022,,+,+,+,+,+,+,-,-,-,+,-,-,+,,,,,,,,,,,,,,,,,,,,,,,,,,,,,,,-,-,,,,,,,,,,,
564,UFT.2014(L)6811,,+,+,+,+,w,+,-,-,-,+,-,-,+,,,,,,,,,,,,,,,,,,,,,,,,,,,,,,,-,-,,,,,,,,,,,
565,UFT.2014(L)6824,,+,+,+,+,+,+,-,-,-,+,-,-,+,,,,,,,,,,,,,,,,,,,,,,,,,,,,,,,-,-,,,,,,,,,,,
566,UFT.2014(L)6831,,+,+,+,+,+,+,-,-,+,+,-,-,+,,,,,,,,,,,,,,,,,,,,,,,,,,,,,,,-,-,,,,,,,,,,,
567,UFT.2014(L)6883,,+,+,+,+,+,+,-,+,+,+,+,-,+,,,,,,,,,,,,,,,,,,,,,,,,,,,,,,,-,-,,,,,,,,,,,
568,UFT.2014(L)7944,,+,+,+,+,+,+,-,-,-,+,-,-,+,,,,,,,,,,,,,,,,,,,,,,,,,,,,,,,-,-,,,,,,,,,,,
569,UFT.2014(L)7278,,+,+,+,+,+,+,+,+,+,+,-,+,+,,,,,,,,,,,,,,,,,,,,,,,,,,,,,,,+,+,,,,,,,,,,,
570,UFT.2014(L)7529,,-,+,-,-,-,-,-,-,-,-,-,-,+,,,,,,,,,,,,,,,,,,,,,,,,,,,,,,,-,-,,,,,,,,,,,
571,UFT.2014(L)7531,,-,-,-,-,-,-,-,-,-,-,-,-,-,,,,,,,,,,,,,,,,,,,,,,,,,,,,,,,-,-,,,,,,,,,,,
572,UFT.2014(L)7532,,+,+,+,+,+,+,-,+,+,+,-,-,+,,,,,,,,,,,,,,,,,,,,,,,,,,,,,,,-,-,,,,,,,,,,,
573,UFT.2014(L)7533,,+,+,+,+,+,+,-,+,+,+,-,-,+,,,,,,,,,,,,,,,,,,,,,,,,,,,,,,,-,-,,,,,,,,,,,
574,UFT.2014(L)7534,,-,-,-,-,+,-,-,-,-,-,-,-,-,,,,,,,,,,,,,,,,,,,,,,,,,,,,,,,-,-,,,,,,,,,,,
575,UFT.2014(L)7932,,-,+,-,+,-,-,-,-,-,-,-,-,+,,,,,,,,,,,,,,,,,,,,,,,,,,,,,,,-,-,,,,,,,,,,,
576,UFT.2014(L)7933,,+,+,+,+,+,+,-,+,+,+,+,-,+,,,,,,,,,,,,,,,,,,,,,,,,,,,,,,,-,-,,,,,,,,,,,
579,UFT.2015(L)7561,,+,+,+,+,+,+,+,+,+,+,+,-,+,+,+,+,+,-,-,+,+,+,+,+,+,+,+,,+,+,-,-,+,+,-,-,-,+,-,-,,+,-,+,+,+,+,-,-,-,+,-,-,,-,-
580,UFT.2015(L)7562,+,+,+,+,+,+,+,+,+,+,+,-,-,+,+,+,+,+,-,+,+,+,+,+,+,-,+,+,-,+,-,-,-,-,+,-,-,-,+,-,-,,+,-,+,+,+,+,-,-,-,-,-,-,,-,-
588,UFT.2015(L)7570,,+,+,+,-,+,+,+,+,+,+,-,+,+,+,-,-,+,-,-,-,+,+,+,-,-,+,-,-,+,+,+,,-,+,-,-,-,+,-,-,,+,-,+,-,-,-,-,,-,-,-,-,,-,-
590,UFT.2015(L)7572,,-,-,-,-,-,-,-,-,-,-,-,-,-,-,-,-,-,-,-,-,-,-,-,-,-,-,-,-,-,-,-,-,-,-,-,-,-,-,+,-,,+,-,-,-,-,-,-,-,-,-,-,-,,-,-
592,UFT.2015(L)7574,-,+,+,+,+,+,+,+,+,+,+,-,-,-,-,+,-,-,-,-,+,+,+,+,+,+,+,+,,+,-,-,-,-,+,-,-,-,+,+,+,,+,-,-,-,-,-,-,-,-,-,-,-,,-,-
593,UFT.2015(L)7575,+,+,+,+,+,+,+,+,+,+,+,-,-,+,+,-,-,+,-,+,+,+,+,+,+,-,+,+,+,+,+,-,-,+,+,+,-,-,-,+,-,,+,-,-,-,+,+,-,-,-,-,-,-,,+,+
594,UFT.2015(L)7576,s,+,+,+,+,+,+,+,+,-,-,-,-,-,-,-,-,-,-,-,+,-,-,-,-,-,-,+,-,+,-,-,-,-,-,-,-,-,-,-,-,,-,-,-,-,-,-,-,-,-,-,-,-,,-,-
595,UFT.2015(L)7577,s,+,+,+,+,+,+,+,+,+,+,-,-,+,+,+,+,+,-,+,+,+,+,+,+,+,+,+,-,+,+,+,-,-,+,-,-,-,+,+,-,,+,-,+,-,+,+,-,-,+,+,-,-,,-,-
596,UFT.2015(L)7578,-,+,+,+,+,+,+,+,+,+,+,-,-,-,-,+,-,-,-,+,+,+,+,+,+,+,+,+,,+,-,-,-,-,+,-,-,-,+,+,+,,+,-,-,-,-,-,-,-,-,-,-,-,,-,-
597,UFT.2015(L)7579,-,+,+,+,+,+,+,+,+,+,+,-,-,-,-,+,-,-,-,-,-,+,+,+,+,+,+,+,,+,-,-,-,-,+,-,-,-,-,+,+,,+,-,-,-,-,-,-,-,-,-,-,-,,-,-
598,UFT.2015(L)7580,,+,+,-,+,+,+,-,-,+,-,-,-,+,+,-,-,-,-,-,-,+,+,+,+,-,+,+,-,+,,+,,-,+,-,-,-,+,-,+,,+,-,+,+,+,-,-,,-,-,-,-,,-,-
605,UFT.2015(L)7594,,+,-,+,+,+,+,+,+,+,+,-,-,+,+,+,+,+,-,-,+,-,+,+,+,-,-,+,-,+,,+,,+,+,-,-,-,+,+,-,,+,-,+,+,+,+,-,,-,-,-,-,,-,-
611,UFT.2015(L)7700,s,+,+,+,+,+,+,+,+,+,+,-,-,+,+,+,+,+,-,+,+,+,+,+,+,+,+,+,-,+,+,+,-,-,+,-,-,-,+,+,-,,+,-,+,-,+,+,-,-,+,+,-,-,,-,-
615,UFT.2015(L)7704,s,+,+,+,+,+,+,+,+,+,+,-,-,+,+,+,+,+,-,+,-,+,+,+,+,+,+,+,-,+,-,+,+,-,+,-,-,-,+,+,-,,+,-,+,+,+,+,-,+,+,+,-,+,,-,-
617,UFT.2015(L)7706,w,+,+,+,+,+,+,+,+,+,+,-,-,+,+,-,-,-,-,+,-,+,-,+,+,-,+,+,-,+,-,-,-,-,-,-,-,-,+,+,+,,+,-,-,-,+,+,-,-,-,-,-,-,,-,-
621,UFT.2015(L)7710,,+,+,+,+,+,+,+,+,+,+,-,-,+,+,+,+,-,-,-,+,+,+,+,+,+,-,+,-,+,,+,,-,+,-,-,-,+,-,-,,+,-,+,+,+,-,-,,-,-,-,-,,-,-
624,UFT.2015(L)7713,s,+,+,+,+,+,+,-,,+,,-,-,+,+,+,+,+,-,-,+,+,+,+,+,-,-,+,-,+,+,+,-,+,-,-,+,-,+,+,-,,+,-,-,+,+,+,-,-,-,-,-,-,,-,-
625,UFT.2015(L)7787,+,+,+,+,+,+,+,-,-,+,+,-,-,+,-,-,-,+,-,-,-,-,-,+,+,+,+,+,-,+,+,-,-,-,-,-,-,+,-,+,-,,+,-,-,-,+,+,-,-,+,+,-,-,,+,+
626,UFT.2015(L)7788,+,+,+,+,+,+,+,-,-,+,+,-,-,+,+,-,-,+,-,-,-,+,-,+,+,+,+,+,-,+,+,-,-,-,+,-,-,-,-,+,+,,+,-,-,-,+,+,-,-,+,+,-,+,,+,+
627,UFT.2015(L)7789,s,-,-,-,-,-,-,-,-,+,-,-,-,-,-,-,-,-,-,-,-,-,-,-,,-,-,-,-,+,+,-,-,-,-,-,-,+,-,+,-,,+,-,-,-,+,+,-,-,-,-,-,-,,+,+
629,UFT.2015(L)7791,s,+,+,+,+,+,+,-,+,+,+,-,-,+,+,+,+,+,-,-,+,+,+,+,+,-,+,+,-,+,+,+,-,+,+,-,-,-,+,+,-,,+,-,-,+,+,+,-,-,+,-,-,-,,-,-
630,UFT.2015(L)7792,+,-,-,-,+,-,-,-,-,+,-,-,-,-,-,-,-,-,-,-,-,-,-,-,-,-,-,-,-,+,+,-,-,-,-,-,-,+,+,+,-,,+,-,-,+,+,+,-,-,-,-,-,-,,+,+
631,UFT.2015(L)7793,w,+,+,+,+,+,+,+,+,+,+,-,-,+,+,+,+,+,-,+,+,+,-,+,+,+,+,+,-,+,+,+,-,-,+,-,-,-,+,+,-,,+,-,+,+,+,+,-,-,-,-,-,+,,-,-
632,UFT.2015(L)7794,s,+,+,+,+,+,+,+,+,+,+,-,-,+,+,+,+,+,-,+,+,+,+,+,+,+,+,+,-,+,-,+,+,+,+,-,-,-,+,+,-,,+,-,+,+,+,+,-,+,+,+,-,+,,-,-
633,UFT.2015(L)7795,w,+,+,+,+,+,+,+,+,+,+,-,-,+,+,+,+,+,-,+,+,+,+,+,+,+,+,+,-,+,+,+,-,-,+,-,-,-,+,+,-,,+,-,+,+,+,+,-,+,+,+,-,+,,-,-
634,UFT.2015(L)7796,+,+,+,+,+,+,+,+,+,+,+,-,+,+,+,+,+,+,-,-,+,+,+,+,+,+,+,+,-,+,-,+,+,-,+,-,-,-,+,+,-,,+,-,-,+,+,+,-,+,+,+,-,+,,-,-
636,UFT.2015(L)7874,,+,+,+,+,+,+,-,+,+,-,-,-,+,-,-,-,-,-,-,-,+,-,+,+,-,+,-,-,+,,+,,-,-,-,-,-,-,+,-,,+,-,-,-,+,+,-,,-,-,-,-,,+,-
642,UFT.2015(L)7913,,+,-,+,+,+,+,-,+,+,-,-,-,+,-,-,-,-,-,-,-,+,-,+,+,-,+,-,-,+,,+,,-,-,-,-,-,-,+,-,,+,-,-,-,+,+,-,,-,-,-,-,,+,-
643,UFT.2015(L)7914,,+,-,+,+,+,+,-,+,+,-,-,-,+,-,-,-,-,-,-,-,+,-,+,+,-,+,-,-,+,,+,,-,-,-,-,-,-,+,-,,+,-,-,-,+,+,-,,-,-,-,-,,+,-
699,UFT.2015(L)8007,+,-,+,-,-,-,-,-,-,+,-,-,-,-,-,-,+,-,-,+,-,-,-,+,+,-,-,+,-,+,-,-,-,-,+,-,-,-,-,+,-,,+,-,-,-,+,+,-,-,+,+,-,-,,-,-
704,UFT.2015(L)8012,+,+,+,+,+,+,+,+,+,+,-,-,-,+,+,+,-,+,-,-,-,-,+,+,+,-,-,+,-,+,+,-,-,+,-,-,-,-,+,+,-,,+,-,+,+,+,+,,-,+,+,-,-,,+,-
707,UFT.2015(L)8015,s,+,+,+,+,+,+,+,+,+,+,-,-,+,+,+,+,+,-,+,+,+,+,+,+,+,+,-,-,+,-,+,-,-,+,+,+,-,+,-,-,,+,-,-,-,+,+,-,-,-,-,-,-,,-,-
711,UFT.2015(L)8019,,+,-,+,+,+,+,+,+,+,+,-,-,+,+,+,+,+,-,-,+,+,+,+,+,,-,-,-,-,,+,,-,+,-,-,-,+,+,-,,+,-,-,-,+,-,-,,-,-,-,-,,-,-
730,UFT.2015(L)8046,,+,+,+,+,+,+,-,+,+,+,-,+,-,+,+,+,+,-,-,+,+,+,+,+,+,-,+,-,+,,-,,+,-,-,-,-,+,+,-,,+,-,-,+,+,+,-,,-,+,-,-,,+,-
736,UFT.2015(L)8057,,+,-,+,+,-,+,+,+,+,+,-,+,+,+,+,+,+,-,-,+,+,+,+,+,-,-,+,-,+,,+,,-,+,-,-,-,+,+,-,,+,-,-,+,+,+,-,,-,+,-,-,,-,-
744,UFT.2015(L)8065,+,+,+,+,+,+,+,+,+,+,-,-,-,+,+,-,-,-,-,-,-,+,-,+,+,+,-,-,-,+,-,-,-,-,-,-,-,-,+,+,+,,+,-,-,-,+,+,,-,-,+,-,+,,+,-
745,UFT.2015(L)8067,,+,+,+,+,,+,-,-,+,+,-,-,+,+,-,-,-,-,-,-,+,-,+,+,+,-,-,-,+,,-,,-,+,-,-,-,-,+,-,,+,-,-,+,+,+,-,,-,-,-,+,,+,-
754,UFT.2015(L)8079,,+,-,+,+,+,+,-,+,+,+,-,-,+,+,+,+,-,-,-,-,+,+,+,-,+,-,+,-,+,,-,,-,+,-,-,-,-,-,-,,+,-,+,+,+,+,-,,-,-,-,w,,+,-
757,UFT.2015(L)8082,,+,-,+,+,+,+,-,-,+,+,-,-,+,+,+,+,+,-,-,-,+,+,+,-,+,-,+,-,+,,-,,-,+,-,-,-,+,-,+,,+,-,+,+,+,+,-,,-,+,-,-,,-,-
758,UFT.2015(L)8083,+,+,+,+,+,+,+,+,+,+,-,-,-,+,+,-,-,-,-,-,-,-,-,+,+,+,-,+,-,+,-,-,,-,-,-,-,-,-,+,+,,+,-,-,-,+,+,,-,-,+,-,+,,+,-
761,UFT.2015(L)8085,,+,+,+,+,+,+,-,-,+,+,-,-,+,+,-,-,+,-,-,-,+,-,+,+,+,+,-,-,+,,+,,+,+,-,-,-,-,+,+,,+,-,-,-,+,+,-,,-,+,-,-,,+,-
762,UFT.2015(L)8086,-,+,-,-,-,-,-,+,-,-,-,-,-,-,-,-,-,-,-,-,-,-,-,-,-,-,-,-,-,-,-,-,-,-,-,-,-,-,-,-,-,,-,-,+,+,-,-,,-,-,-,-,-,,-,-
763,UFT.2015(L)8087,,+,-,+,+,-,+,-,-,-,+,-,-,-,+,-,-,-,-,-,-,+,+,+,+,-,-,+,-,+,,-,,+,+,-,-,-,+,+,-,,+,-,-,-,+,+,-,,-,+,-,-,,+,-
