id,ccr_codigo,amostra,substrato,cidade,uf,1,2,3,4,5,6,7,8,9,10,11,12,13,14,15,16,17,18,19,20,21,22,23,24,25,26,27,28,31,32,33,34,35,37,38,39,40,41,42,43,44,45,46,48,49,50,51,52,53,64,65,66,67,68,69,78,79
2,UFT.2015(L)8501,JHF.BU.001.002,Fruto de Buriti,Nova Xavantina,MT,,+,+,-,-,+,+,-,-,-,+,-,-,+,+,+,+,+,+,+,+,+,-,+,+,+,-,,,,,,,,,,,,,,,,,,,,,,,,,,,,,,
4,UFT.2015(L)8503,JHF.BU.003.001,Fruto de Buriti,Nova Xavantina,MT,,+,+,+w,+,+,-+,-,+w,+w,-+,-c,-c,+,+,-+,+w,-c,+,+,-,+w,+w,-+,-+,+,+,,,,,,,,,,,,,,,,,,,,,,,,,,,,,,
6,UFT.2015(L)8505,JHF.BU.003.003,Fruto de Buriti,Nova Xavantina,MT,,-+,+,-+,-+,-,+,-+,-,-,+,-,-,+,+,-+,-+,-,+,+,-,+,-,+,+,+,-,,,,,,,,,,,,,,,,,,,,,,,,,,,,,,
7,UFT.2015(L)8506,JHF.BU.003.003,Fruto de Buriti,Nova Xavantina,MT,,-c,-c,-,-,+,-,-,-,-,-,-,c,-,-,-,-,-,-,-c,-,-,-,-,-c,-,+,,,,,,,,,,,,,,,,,,,,,,,,,,,,,,
8,UFT.2015(L)8507,JHF.BU.003.004,Fruto de Buriti,Nova Xavantina,MT,,+,+,+,+,+,+,-,-,-,+,-,-,+,-,-,+,c,+,+,+,+,-,+,+,+,+,,,,,,,,,,,,,,,,,,,,,,,,,,,,,,
10,UFT.2015(L)8509,JHF.BU.004.001,Fruto de Buriti,Nova Xavantina,MT,,+,+,+w,+,+,-+,-,+w,+w,-+,-c,-c,+,+,-+,+w,-c,+,+,-,+w,+w,-+,-+,+,+,,,,,,,,,,,,,,,,,,,,,,,,,,,,,,
11,UFT.2015(L)8510,JHF.BU.004.001,Fruto de Buriti,Nova Xavantina,MT,,+,+,+w,+,+,-+,-,+w,+w,-+,-c,-c,+,+,-+,+w,-c,+,+,-,+w,+w,-+,-+,+,+,,,,,,,,,,,,,,,,,,,,,,,,,,,,,,
12,UFT.2015(L)8511,JHF.BU.005.001,Fruto de Buriti,Nova Xavantina,MT,,+,+,+,c,c,+,-,-,c,+,-,+,+,c,c,-,-,d,+,c,+,-,c,+,-,+,,,,,,,,,,,,,,,,,,,,,,,,,,,,,,
13,UFT.2015(L)8512,JHF.BU.005.001,Fruto de Buriti,Nova Xavantina,MT,,-c,-c,-,-,+,-,-,-,-,-,-,c,-,-,-,-,-,-,-c,-,-,-,-,-c,-,+,,,,,,,,,,,,,,,,,,,,,,,,,,,,,,
15,UFT.2015(L)8514,JHF.BU.005.002,Fruto de Buriti,Nova Xavantina,MT,,-c,-c,-,-,+,-,-,-,-,-,-,c,-,-,-,-,-,-,-c,-,-,-,-,-c,-,+,,,,,,,,,,,,,,,,,,,,,,,,,,,,,,
16,UFT.2015(L)8515,JHF.BU.006.001,Fruto de Buriti,Nova Xavantina,MT,,+,+,+w,+,+,-+,-,+w,+w,-+,-c,-c,+,+,-+,+w,-c,+,+,-,+w,+w,-+,-+,+,+,,,,,,,,,,,,,,,,,,,,,,,,,,,,,,
17,UFT.2015(L)8516,JHF.BU.006.001,Fruto de Buriti,Nova Xavantina,MT,,-c,-c,-,-,+,-,-,-,-,-,-,c,-,-,-,-,-,-,-c,-,-,-,-,-c,-,+,,,,,,,,,,,,,,,,,,,,,,,,,,,,,,
18,UFT.2015(L)8517,JHF.BU.006.002,Fruto de Buriti,Nova Xavantina,MT,,-c,+,+,+,+,+,+,-,-,+,-,-,+,+,-,+,-,+,+,+,+,-,+,+,+,+,,,,,,,,,,,,,,,,,,,,,,,,,,,,,,
20,UFT.2015(L)8519,JHF.BU.007.001,Fruto de Buriti,Nova Xavantina,MT,,-c,-c,-,-,+,-,-,-,-,-,-,c,-,-,-,-,-,-,-c,-,-,-,-,-c,-,+,,,,,,,,,,,,,,,,,,,,,,,,,,,,,,
22,UFT.2015(L)8521,JHF.BU.007.002,Fruto de Buriti,Nova Xavantina,MT,,-c,-c,-,-,+,-,-,-,-,-,-,c,-,-,-,-,-,-,-c,-,-,-,-,-c,-,+,,,,,,,,,,,,,,,,,,,,,,,,,,,,,,
23,UFT.2015(L)8522,JHF.BU.008.001,Fruto de Buriti,Nova Xavantina,MT,,-w,+w,+,+,-+,+,-,-,+,+,+,-,+,-,d,-w,+,+,+,-,+,-,+,+,+,+,+,-,+,+,-,-,+,+w,,,-,+,+,,,,,,,,,,,,,,,,,
24,UFT.2015(L)8523,JHF.BU.008.002,Fruto de Buriti,Nova Xavantina,MT,,+,+,+,+,+,-,-,-,-,+,-,-,+,-,-+,-+,-,+,+,-,+,-,+,+,-+,+,,,,,,,,,,,,,,,,,,,,,,,,,,,,,,
25,UFT.2015(L)8524,JHF.BU.008.002,Fruto de Buriti,Nova Xavantina,MT,,-c,-c,-,-,+,-,-,-,-,-,-,c,-,-,-,-,-,-,-c,-,-,-,-,-c,-,+,,,,,,,,,,,,,,,,,,,,,,,,,,,,,,
26,UFT.2015(L)8525,JHF.BU.008.002,Fruto de Buriti,Nova Xavantina,MT,,+,+,+,c,c,+,-,-,c,+,-,+,+,c,c,-,-,d,+,c,+,-,c,+,-,+,,,,,,,,,,,,,,,,,,,,,,,,,,,,,,
30,UFT.2015(L)8529,JHF.BU.002.001,Fruto de Buriti,Nova Xavantina,MT,,+,+,+w,+,+,-+,-,+w,+w,-+,-c,-c,+,+,-+,+w,-c,+,+,-,+w,+w,-+,-+,+,+,,,,,,,,,,,,,,,,,,,,,,,,,,,,,,
31,UFT.2015(L)8530,JHF.BU.002.001,Fruto de Buriti,Nova Xavantina,MT,,+,+,+w,+,+,-+,-,+w,+w,-+,-c,-c,+,+,-+,+w,-c,+,+,-,+w,+w,-+,-+,+,+,,,,,,,,,,,,,,,,,,,,,,,,,,,,,,
32,UFT.2015(L)8531,JHF.BU.002.001,Fruto de Buriti,Nova Xavantina,MT,,+,-+,+,+,+,+,-,-c,c,-,-,+,+,c,-+,+w,-,-+,-c,-,+,-c,-c,+,+,-,,,,,,,,,,,,,,,,,,,,,,,,,,,,,,
33,UFT.2015(L)8532,JHF.BU.002.002,Fruto de Buriti,Nova Xavantina,MT,,+,+,+w,+,+,-+,-,+w,+w,-+,-c,-c,+,+,-+,+w,-c,+,+,-,+w,+w,-+,-+,+,+,,,,,,,,,,,,,,,,,,,,,,,,,,,,,,
36,UFT.2015(L)8535,JHF.BU.002.003,Fruto de Buriti,Nova Xavantina,MT,,-c,-c,-,-,+,-,-,-,-,-,-,c,-,-,-,-,-,-,-c,-,-,-,-,-c,-,+,,,,,,,,,,,,,,,,,,,,,,,,,,,,,,
37,UFT.2015(L)8536,JHF.BU.002.004,Fruto de Buriti,Nova Xavantina,MT,,+w,-,+,+,+w,+w,-,-,+w,+w,-,+w,+w,-,-,-,-,+,+,+w,-,-,+w,+w,+w,+w,-,+,+,-,-,-,-,+w,,,+w,-,-,,,,,,,,,,,,,,,,,
39,UFT.2015(L)8538,JHF.BA.005.001,Fruto de Buriti,Nova Xavantina,MT,,-c,-c,-,-,+,-,-,-,-,-,-,c,-,-,-,-,-,-,-c,-,-,-,-,-c,-,+,,,,,,,,,,,,,,,,,,,,,,,,,,,,,,
40,UFT.2015(L)8539,JHF.BA.007.001,Fruto de Buriti,Nova Xavantina,MT,,-c,-c,-,-,+,-,-,-,-,-,-,c,-,-,-,-,-,-,-c,-,-,-,-,-c,-,+,,,,,,,,,,,,,,,,,,,,,,,,,,,,,,
41,UFT.2015(L)8540,JHF.BA.008.001,Fruto de Buriti,Nova Xavantina,MT,,+w,-,+,+,+w,+w,-,-,+w,+w,-,+w,+w,-,-,-,-,+,+,+w,-,-,+w,+w,+w,+w,-,+,+,-,-,-,-,+w,,,+w,-,-,,,,,,,,,,,,,,,,,
42,UFT.2015(L)8541,JHF.BA.008.002,Fruto de Buriti,Nova Xavantina,MT,,-c,-c,-,-,+,-,-,-,-,-,-,c,-,-,-,-,-,-,-c,-,-,-,-,-c,-,+,,,,,,,,,,,,,,,,,,,,,,,,,,,,,,
43,UFT.2015(L)8542,JHF.BA.008.003,Fruto de Buriti,Nova Xavantina,MT,,-c,-c,-,-,+,-,-,-,-,-,-,c,-,-,-,-,-,-,-c,-,-,-,-,-c,-,+,,,,,,,,,,,,,,,,,,,,,,,,,,,,,,
44,UFT.2015(L)8543,JHF.PB.003.001,Fruto de Buriti,Nova Xavantina,MT,,+,+,+,c,c,+,-,-,c,+,-,+,+,c,c,-,-,d,+,c,+,-,c,+,-,+,,,,,,,,,,,,,,,,,,,,,,,,,,,,,,
45,UFT.2015(L)8544,JHF.PB.004.001,Fruto de Buriti,Nova Xavantina,MT,,+,+,+,+,+,+,-+,+,+,+,+,+,+,+,+,+,+,+,+,+,+,-+,+,+,-+,-+,+,-+,+,+,+,-,+,,,,,,,,,,,,,,,,,,,,,,,
46,UFT.2015(L)8545,JHF.PB.004.001,Fruto de Buriti,Nova Xavantina,MT,,+,+,+,c,c,+,-,-,c,+,-,+,+,c,c,-,-,d,+,c,+,-,c,+,-,+,,,,,,,,,,,,,,,,,,,,,,,,,,,,,,
47,UFT.2015(L)8546,JHF.PB.004.002,Fruto de Buriti,Nova Xavantina,MT,,+,+,+,c,c,+,-,-,c,+,-,+,+,c,c,-,-,d,+,c,+,-,c,+,-,+,,,,,,,,,,,,,,,,,,,,,,,,,,,,,,
48,UFT.2015(L)8547,JHF.PB.004.002,Fruto de Buriti,Nova Xavantina,MT,,-,-,-,+,+,+,-,-,+,+,,,,,,,,,,,,,,,,,,,,,,,,,,,,,,,,,,,,,,,,,,,,,,
49,UFT.2015(L)8548,JHF.PB.004.003,Fruto de Buriti,Nova Xavantina,MT,,+,+,+w,+,+,-+,-,+w,+w,-+,-c,-c,+,+,-+,+w,-c,+,+,-,+w,+w,-+,-+,+,+,,,,,,,,,,,,,,,,,,,,,,,,,,,,,,
50,UFT.2015(L)8549,JHF.PB.004.004,Fruto de Buriti,Nova Xavantina,MT,,+,-+,-+,+,+,+,-,-,-,+,-,-,+,+,+,+,-,+,+,+,+,-,+,+,+,+,+,-,+,+,-,-,,,,,,,,,,,,,,,,,,,,,,,,
51,UFT.2015(L)8550,JHF.PB.001.001,Fruto de Buriti,Nova Xavantina,MT,,+,+w,+,+,+w,+,-,-+,+,+,+w,-c,+,+,+w,+w,-c,+,+w,-+,+,-+,+w,-+,+,+w,,,,,,,,,,,,,,,,,,,,,,,,,,,,,,
52,UFT.2015(L)8551,JHF.PB.001.002,Fruto de Buriti,Nova Xavantina,MT,,+,+,+w,+,+,-+,-,+w,+w,-+,-c,-c,+,+,-+,+w,-c,+,+w,-,+w,+w,-+,-+,+,+,,,,,,,,,,,,,,,,,,,,,,,,,,,,,,
54,UFT.2015(L)8553,JHF.BA.001.003,Fruto de Buriti,Nova Xavantina,MT,,+,+,+,c,c,+,-,-,c,+,-,+,+,c,c,-,-,d,+,c,+,-,c,+,-,+,,,,,,,,,,,,,,,,,,,,,,,,,,,,,,
55,UFT.2015(L)8554,JHF.BA.003.001,Fruto de Buriti,Nova Xavantina,MT,,+,+,+,+,c,+,-,-,-,+,-,-,+,-,-,-,-,+,+,-,+,-,+,+,+,,,,,,,,,,,,,,,,,,,,,,,,,,,,,,,
56,UFT.2015(L)8555,JHF.BA.003.001,Fruto de Buriti,Nova Xavantina,MT,,+,+,+w,+,+,-+,-,+w,+w,-+,-c,-c,+,+,-+,+w,-c,+,+,-,+w,+w,-+,-+,+,+,,,,,,,,,,,,,,,,,,,,,,,,,,,,,,
58,UFT.2015(L)8557,JHF.BA.006.001,Fruto de Buriti,Nova Xavantina,MT,,+,+,+w,+,+,-+,-,+w,+w,-+,-c,-c,+,+,-+,+w,-c,+,+,-,+w,+w,-+,-+,+,+,,,,,,,,,,,,,,,,,,,,,,,,,,,,,,
59,UFT.2015(L)8558,JHF.BA.001.001,Fruto de Buriti,Nova Xavantina,MT,,+,+,+w,+,+,-+,-,+w,+w,-+,-c,-c,+,+,-+,+w,-c,+,+,-,+w,+w,-+,-+,+,+,,,,,,,,,,,,,,,,,,,,,,,,,,,,,,
60,UFT.2015(L)8559,JHF.BA.001.001,Fruto de Buriti,Nova Xavantina,MT,,+,+,+w,+,+,-+,-,+w,+w,-+,-c,-c,+,+,-+,+w,-c,+,+,-,+w,+w,-+,-+,+,+,,,,,,,,,,,,,,,,,,,,,,,,,,,,,,
61,UFT.2015(L)8560,JHF.BA.001.002,Fruto de Buriti,Nova Xavantina,MT,,+,+,+,c,c,+,-,-,c,+,-,+,+,c,c,-,-,d,+,c,+,-,c,+,-,+,,,,,,,,,,,,,,,,,,,,,,,,,,,,,,
62,UFT.2015(L)8561,JHF.BA.002.001,Fruto de Buriti,Nova Xavantina,MT,,-,-,-,-,+,-,-,-,-,-,-,-,-,-,-,-,-,-,-,-,-,-,-,-+,-,+,-+,-,-,-,-,-,,,,,,,,,,,,,,,,,,,,,,,,
63,UFT.2015(L)8562,JHF.BA.002.001,Fruto de Buriti,Nova Xavantina,MT,,-c,-c,-,-,+,-,-,-,-,-,-,c,-,-,-,-,-,-,-c,-,-,-,-,-c,-,+,,,,,,,,,,,,,,,,,,,,,,,,,,,,,,
64,UFT.2015(L)8563,JHF.BA.002.002,Fruto de Buriti,Nova Xavantina,MT,,+,+w,+,+,+w,+,-,-+,+,+,+w,-c,+,+,+w,+w,-c,+,+w,-+,+,-+,+w,-+,+,+w,,,,,,,,,,,,,,,,,,,,,,,,,,,,,,
66,UFT.2015(L)8565,JHF.BA.002.004,Fruto de Buriti,Nova Xavantina,MT,,-c,-c,-,-,+,-,-,-,-,-,-,c,-,-,-,-,-,-,-c,-,-,-,-,-c,-,+,,,,,,,,,,,,,,,,,,,,,,,,,,,,,,
67,UFT.2015(L)8566,JHF.BA.003.003,Fruto de Buriti,Nova Xavantina,MT,,-c,-c,-,-,+,-,-,-,-,-,-,c,-,-,-,-,-,-,-c,-,-,-,-,-c,-,+,,,,,,,,,,,,,,,,,,,,,,,,,,,,,,
68,UFT.2015(L)8567,JHF.BA.003.003,Fruto de Buriti,Nova Xavantina,MT,,+w,-,+,+,+w,+w,-,-,+w,+w,-,+w,+w,-,-,-,-,+,+,+w,-,-,+w,+w,+w,+w,-,+,+,-,-,-,-,+w,,,+w,-,-,,,,,,,,,,,,,,,,,
70,UFT.2015(L)8569,JHF.BA.003.003,Fruto de Buriti,Nova Xavantina,MT,,+,+,+w,+,+,-+,-,+w,+w,-+,-c,-c,+,+,-+,+w,-c,+,+,-,+w,+w,-+,-+,+,+,,,,,,,,,,,,,,,,,,,,,,,,,,,,,,
71,UFT.2015(L)8570,JHF.BA.003.003,Fruto de Buriti,Nova Xavantina,MT,,+,+,+w,+,+,-+,-,+w,+w,-+,-c,-c,+,+,-+,+w,-c,+,+,-,+w,+w,-+,-+,+,+,,,,,,,,,,,,,,,,,,,,,,,,,,,,,,
72,UFT.2015(L)8571,JHF.BA.003.004,Fruto de Buriti,Nova Xavantina,MT,,+,+,+w,+,+,-+,-,+w,+w,-+,-c,-c,+,+,-+,+w,-c,+,+,-,+w,+w,-+,-+,+,+,,,,,,,,,,,,,,,,,,,,,,,,,,,,,,
73,UFT.2015(L)8572,JHF.BA.003.004,Fruto de Buriti,Nova Xavantina,MT,,+,+,+w,+,+,-+,-,+w,+w,-+,-c,-c,+,+,-+,+w,-c,+,+,-,+w,+w,-+,-+,+,+,,,,,,,,,,,,,,,,,,,,,,,,,,,,,,
74,UFT.2015(L)8573,JHF.PB.005.001,Fruto de Buriti,Nova Xavantina,MT,,+,-c,+,+,+,+,-,-,-,+w,-,-,+,-,-,+w,-,+,+,+,+,-,+,+,d,+,,,,,,,,,,,,,,,,,,,,,,,,,,,,,,
75,UFT.2015(L)8574,JHF.PB.002.001,Fruto de Buriti,Nova Xavantina,MT,,-,-,-,-,-,-,-,-,-,-,-,-,-+,-,-,-,-,+,+,-,-,-,-,-,-,-,-,,,,,,,,,,,,,,,,,,,,,,,,,,,,,
77,UFT.2015(L)8576,JHF.PB.007.001,Fruto de Buriti,Nova Xavantina,MT,,+,+,+w,+,+,-+,-,+w,+w,-+,-c,-c,+,+,-+,+w,-c,+,+,-,+w,+w,-+,-+,+,+,,,,,,,,,,,,,,,,,,,,,,,,,,,,,,
78,UFT.2015(L)8577,JHF.PB.007.001,Fruto de Buriti,Nova Xavantina,MT,,+,+,+w,+,+,-+,-,+w,+w,-+,-c,-c,+,+,-+,+w,-c,+,+,-,+w,+w,-+,-+,+,+,,,,,,,,,,,,,,,,,,,,,,,,,,,,,,
79,UFT.2015(L)8578,JHF.PB.006.001,Fruto de Buriti,Nova Xavantina,MT,,-,-,-,-,-,-,-,-,-,-,-,-,-+,-,-,-,-,+,+,-,-,-,-,-,-,-,-,,,,,,,,,,,,,,,,,,,,,,,,,,,,,
80,UFT.2015(L)8579,JHF.PB.006.001,Fruto de Buriti,Nova Xavantina,MT,,+,+,+w,+,+,-+,-,+w,+w,-+,-c,-c,+,+,-+,+w,-c,+,+,-,+w,+w,-+,-+,+,+,,,,,,,,,,,,,,,,,,,,,,,,,,,,,,
81,UFT.2015(L)8580,JHF.PB.006.002,Fruto de Buriti,Nova Xavantina,MT,,+,+,+w,+,+,-+,-,+w,+w,-+,-c,-c,+,+,-+,+w,-c,+,+,-,+w,+w,-+,-+,+,+,,,,,,,,,,,,,,,,,,,,,,,,,,,,,,
82,UFT.2014(L)6555,ANA.CAN.001.001,Fruto de Buriti,Pium,TO,,+,+,+,+,+,+,-,+,-,+,-,-,+,+,+,-,-,-,-,-,+,w,+,+,+,+,+,-,+,+,-,-,-,-,-,-,-,+,+,+,+,,,-,-,+,+,-,-,+,+,+,+,+,+,+
83,UFT.2014(L)6817,ANA.CAN.001.001,Fruto de Buriti,Pium,TO,,-,-,-,-,-,-,-,-,-,-,-,-,-,-,-,-,-,+,+,-,-,-,-,-,+,-,+,+,+,+,+,-,+,-,-,-,-,+,-,+,+,,,+,-,+,+,-,-,-,-,-,-,+,+,+
84,UFT.2014(L)6948,ANA.CAN.001.001,Fruto de Buriti,Pium,TO,,+,+,+,+,+,+,-,-,+,+,-,-,+,+,,-,+,+,-,-,-,-,+,+,-,+,-,+,+,+,-,-,-,+,-,-,-,-,+,-,+,,,-,-,+,+,+,-,-,-,+,-,+,+,
85,UFT.2014(L)6648,ANA.CAN.001.002,Fruto de Buriti,Pium,TO,,+,-,+,+,+,+,-,-,+,+,+,-,+,-,-,-,+,+,+,-,+,,+,+,,+,+,-,+,+,-,-,+,+,-,-,-,-,-,-,+,,,-,-,+,+,+,-,+,-,-,+,+,-,-
86,UFT.2014(L)6650,ANA.CAN.001.002,Fruto de Buriti,Pium,TO,,+,+,+,+,+,+,-,-,+,+,-,-,+,+,+,-,-,+,+,-,+,+,+,+,+,+,-,-,+,+,-,-,-,-,-,-,-,-,+,+,+,,,-,-,+,+,+,-,+,+,-,+,+,+,+
87,UFT.2014(L)7799,ANA.CAN.001.002,Fruto de Buriti,Pium,TO,,+,-,+,+,+,+,-,-,+,+,-,-,+,-,,-,+,+,-,-,+,-,+,+,+,+,-,-,+,+,-,-,-,-,-,-,-,-,+,-,+,,,-,-,+,+,+,-,+,-,-,+,+,-,
88,UFT.2014(L)7943,ANA.CAN.001.002,Fruto de Buriti,Pium,TO,,-,+,-,+,-,-,-,-,-,-,-,-,-,-,-,-,-,+,-,-,-,-,-,-,-,-,-,+,+,-,-,-,-,-,-,-,-,-,+,-,+,,,,,,,,,,,,,,,
89,UFT.2014(L)7945,ANA.CAN.001.002,Fruto de Buriti,Pium,TO,,+,-,+,+,+,+,-,-,+,+,-,-,+,-,,-,+,+,-,-,+,-,+,+,+,+,-,-,+,+,-,-,-,-,-,-,-,-,+,+,+,,,-,-,+,+,+,-,-,-,-,+,+,-,
90,UFT.2014(L)7263,ANA.TAG.001.001,Fruto de Buriti,Taguatinga,TO,,+,+,+,+,+,+,-,-,-,+,-,-,+,-,-,-,+,-,-,-,+,-,+,+,+,+,+,-,+,+,-,-,-,+,-,+,-,+,+,-,+,,,-,-,+,+,-,-,-,+,+,-,+,-,+
91,UFT.2014(L)7195,ANA.TAG.001.001,Fruto de Buriti,Taguatinga,TO,,-,+,-,-,-,-,-,-,-,-,-,-,+,-,-,-,-,+,+,-,-,-,-,-,-,-,-,+,+,+,-,-,-,-,-,-,-,-,-,-,+,,,-,-,+,+,-,-,-,-,-,+,+,-,-
92,UFT.2014(L)7389,ANA.TAQ.001.001,Fruto de Buriti,Palmas,TO,,-,-,-,-,+,-,-,-,-,-,-,-,-,-,-,-,-,,-,-,-,-,-,-,-,+,+,-,-,-,-,-,-,-,,,,-,-,-,-,,,-,-,+,+,-,,-,-,,,,,
93,UFT.2014(L)7390,ANA.TAQ.001.001,Fruto de Buriti,Palmas,TO,,-,+,-,+,+,-,-,-,-,-,-,-,+,-,,-,-,+,-,-,-,-,-,-,-,+,-,+,+,+,-,-,-,-,+,-,-,-,-,-,+,,,-,-,+,+,+,-,-,-,+,-,+,-,
94,UFT.2014(L)7391,ANA.TAQ.001.001,Fruto de Buriti,Palmas,TO,,-,-,-,-,+,-,-,-,-,-,-,-,-,-,-,-,-,-,-,-,-,-,-,-,-,-,-,-,-,-,-,-,-,-,-,-,-,-,-,-,+,,,-,-,+,+,-,-,-,-,-,+,+,,
95,UFT.2014(L)7392,ANA.TAQ.001.001,Fruto de Buriti,Palmas,TO,,-,-,-,+,-,-,-,-,-,-,-,-,+,-,,-,-,+,-,-,-,-,-,-,-,-,-,+,+,+,-,-,-,-,-,-,-,-,-,-,+,,,-,-,+,+,+,-,-,-,+,-,+,-,
96,UFT.2014(L)7393,ANA.TAQ.001.001,Fruto de Buriti,Palmas,TO,,-,-,-,-,-,-,-,-,-,-,w,-,-,-,-,-,-,-,-,-,-,,-,-,,w,w,-,-,-,-,-,-,-,-,-,-,-,-,+,+,,,-,-,+,+,+,-,-,-,-,-,+,-,-
97,UFT.2014(L)7394,ANA.TAQ.001.001,Fruto de Buriti,Palmas,TO,,+,+,+,-,+,+,+,-,-,+,-,+,+,+,+,+,-,+,+,-,w,w,+,+,-,w,+,+,,,-,-,-,,-,-,-,+,+,+,+,,,-,-,,,,,,,,,,,
98,UFT.2014(L)7802,ANA.TAQ.001.002,Fruto de Buriti,Palmas,TO,,-,-,-,-,-,-,-,-,-,-,-,-,-,-,,-,-,-,-,-,-,-,-,-,-,+,-,-,-,-,-,-,-,-,-,-,-,-,-,+,+,,,-,-,+,+,+,-,-,-,-,-,+,-,
99,UFT.2014(L)7803,ANA.TAQ.001.002,Fruto de Buriti,Palmas,TO,,-,+,-,-,-,-,-,-,-,-,-,-,+,-,-,-,-,+,w,-,-,,-,-,,w,+,+,+,+,-,-,-,+,-,+,-,-,-,-,+,,,-,-,+,+,+,-,-,-,+,-,+,-,-
100,UFT.2014(L)7804,ANA.TAQ.001.002,Fruto de Buriti,Palmas,TO,,+,+,+,+,+,+,+,+,+,+,+,+,+,+,+,+,+,+,+,+,+,+,+,+,+,+,+,+,+,+,+,+,+,+,-,-,-,+,+,+,+,,,+,+,+,+,-,-,-,-,-,-,+,,
101,UFT.2014(L)6556,ANA.CAN.001.003,Fruto de Buriti,Pium,TO,,-,-,-,-,-,-,-,-,-,-,-,-,-,-,-,-,-,+,-,-,+,-,+,+,+,+,-,-,w,-,-,-,-,+,-,-,-,-,-,-,+,,,-,-,+,+,-,-,-,-,-,-,+,,
102,UFT.2014(L)6891,ANA.CAN.001.004,Fruto de Buriti,Pium,TO,,+,+,-,-,+,-,-,-,-,-,-,-,-,-,-,-,-,+,+,-,-,-,+,+,-,+,+,+,+,+,-,-,-,-,-,-,-,+,+,+,+,,,-,-,+,+,-,-,-,-,-,+,+,+,-
103,UFT.2014(L)7774,ANA.CAN.001.004,Fruto de Buriti,Pium,TO,,+,+,+,+,+,+,-,-,+,+,-,-,+,+,+,+,-,+,+,+,+,,+,+,,+,+,+,+,+,-,-,+,+,-,-,-,-,-,+,+,,,+,+,+,+,+,-,+,+,+,+,+,+,-
104,UFT.2014(L)7777,ANA.CAN.001.004,Fruto de Buriti,Pium,TO,,+,-,+,-,+,+,-,-,-,+,-,-,+,-,-,+,+,-,+,+,+,-,+,+,+,+,+,+,+,+,-,+,-,+,-,-,-,-,+,+,+,,,+,+,+,+,-,-,-,-,+,-,+,-,-
105,UFT.2014(L)7833,ANA.CAN.001.004,Fruto de Buriti,Pium,TO,,+,-,+,+,+,+,-,-,+,+,-,-,+,,,,,,,,,,,,,,,,,,,,,,,,,,,,,,,-,-,,,,,,,,,,,
106,UFT.2014(L)7845,ANA.CAN.001.004,Fruto de Buriti,Pium,TO,,+,-,+,+,+,-,-,-,-,+,-,-,+,+,w,-,-,,+,+,+,+,+,+,-,w,+,+,+,+,-,-,-,-,,,,+,+,+,+,,,+,+,+,+,-,,+,+,,,,,
107,UFT.2014(L)7271,ANA.TAG.001.002,Fruto de Buriti,Taguatinga,TO,,+,-,+,+,+,+,-,-,-,+,-,-,+,-,-,-,+,-,-,-,+,-,+,+,+,+,+,-,+,-,-,-,-,+,-,+,-,-,+,-,+,,,-,-,+,+,-,-,-,+,+,-,+,-,+
108,UFT.2014(L)7535,ANA.TAQ.001.003,Fruto de Buriti,Palmas,TO,,-,-,-,-,-,-,-,-,-,-,-,-,-,-,-,-,-,+,+,-,-,-,+,+,-,-,-,+,+,-,-,-,-,-,-,-,-,-,+,-,+,,,-,-,+,+,-,,-,,,,,,
109,UFT.2014(L)7536,ANA.TAQ.001.003,Fruto de Buriti,Palmas,TO,,+,-,-,-,+,-,-,-,-,-,-,-,-,-,-,w,+,-,-,-,-,-,-,-,-,+,+,-,-,-,-,-,-,+,-,-,-,+,-,+,+,,,-,-,+,+,-,-,-,-,+,+,+,+,+
110,UFT.2014(L)7537,ANA.TAQ.001.003,Fruto de Buriti,Palmas,TO,,-,+,-,+,-,-,-,-,+,-,+,-,+,+,-,-,-,-,-,-,-,-,-,-,-,-,-,+,+,-,-,-,-,-,-,+,-,-,+,-,+,,,,,,,,,,,,,,,
111,UFT.2014(L)7823,ANA.TAQ.001.004,Fruto de Buriti,Palmas,TO,,+,-,+,+,+,+,-,-,-,+,-,-,+,-,+,-,+,-,+,+,+,-,+,+,+,+,+,+,+,+,-,-,-,-,-,+,-,-,+,-,+,,,-,-,+,+,-,-,-,-,+,-,+,-,+
112,UFT.2014(L)7824,ANA.TAQ.001.004,Fruto de Buriti,Palmas,TO,,+,+,+,+,+,+,-,-,-,+,-,-,+,-,-,+,+,-,+,+,+,-,+,+,+,+,+,-,+,+,-,-,-,-,-,-,-,+,+,-,+,,,-,-,+,+,-,-,-,-,+,-,+,-,-
113,UFT.2014(L)7825,ANA.TAQ.001.004,Fruto de Buriti,Palmas,TO,,+,+,+,+,+,+,w,+,+,+,-,-,+,+,w,-,w,,+,-,+,+,+,+,+,+,w,-,+,+,-,-,w,+,-,+,-,+,+,+,+,,,-,-,+,+,-,-,-,-,-,-,+,+,-
114,UFT.2014(L)7826,ANA.TAQ.001.004,Fruto de Buriti,Palmas,TO,,+,-,+,+,+,+,-,-,+,+,+,-,+,+,-,+,+,+,+,-,+,-,+,+,+,-,+,-,+,+,-,-,+,+,-,-,-,+,+,+,+,,,-,-,+,+,-,-,-,-,-,+,+,+,+
115,UFT.2014(L)7934,ANA.TAQ.001.005,Fruto de Buriti,Palmas,TO,,-,-,-,-,+,-,-,-,-,-,-,-,-,-,-,-,-,-,-,-,-,-,-,-,-,-,-,-,-,-,-,-,-,-,-,-,-,+,-,-,+,,,-,-,+,+,-,-,-,-,-,-,+,+,-
116,UFT.2014(L)7935,ANA.TAQ.001.005,Fruto de Buriti,Palmas,TO,,+,-,+,+,+,+,-,-,-,+,-,-,+,-,-,+,+,+,+,+,+,-,+,+,+,+,+,-,+,+,-,-,+,+,-,-,-,+,+,-,+,,,-,-,+,+,-,-,-,-,-,+,+,+,-
117,UFT.2014(L)6515,ANA.CAN.001.005,Fruto de Buriti,Pium,TO,,-,-,-,-,-,-,-,-,-,-,-,-,-,-,-,-,-,-,-,-,-,-,-,-,-,+,-,-,-,-,-,-,-,-,-,-,-,-,-,-,+,,,-,-,+,+,-,-,-,-,-,+,+,,
118,UFT.2014(L)6545,ANA.CAN.001.005,Fruto de Buriti,Pium,TO,,+,-,+,+,+,+,-,+,+,+,+,-,+,+,+,+,+,+,+,-,+,-,+,+,+,+,+,-,+,+,-,-,+,+,-,-,-,-,+,-,+,,,-,-,+,+,-,-,-,-,-,+,+,,
119,UFT.2014(L)6809,ANA.CAN.001.005,Fruto de Buriti,Pium,TO,,+,-,+,+,+,+,-,-,+,+,+,-,+,-,-,+,+,+,+,-,+,-,+,+,+,+,+,-,+,+,-,-,+,-,-,-,-,-,+,-,+,,,-,-,+,+,-,,-,,,,,,
120,UFT.2014(L)6889,ANA.CAN.001.006,Fruto de Buriti,Pium,TO,,-,+,-,-,+,-,-,-,-,-,-,-,+,-,-,-,-,+,+,-,+,-,-,-,-,-,+,+,+,+,-,-,-,+,-,-,-,-,-,-,+,,,-,+,+,+,-,-,-,-,-,-,+,+,+
121,UFT.2014(L)6944,ANA.CAN.001.006,Fruto de Buriti,Pium,TO,,-,-,-,-,w,-,-,-,-,-,-,-,-,-,-,-,-,-,-,-,-,-,-,-,-,w,-,-,-,-,-,-,-,-,-,-,-,-,-,+,+,,,-,-,+,+,+,-,-,-,-,-,-,-,-
122,UFT.2014(L)7779,ANA.CAN.001.006,Fruto de Buriti,Pium,TO,,+,-,+,-,+,+,-,-,-,+,-,-,+,-,w,-,+,-,-,-,+,-,+,+,+,+,+,w,+,+,-,-,+,+,-,-,-,-,+,-,+,,,-,-,+,+,-,-,+,-,+,-,+,-,-
123,UFT.2014(L)7988,ANA.CAN.001.006,Fruto de Buriti,Pium,TO,,+,-,+,+,+,+,-,-,+,+,+,-,+,+,-,-,+,+,+,-,+,+,+,+,+,+,+,+,+,+,-,-,+,-,-,-,-,-,+,-,+,,,-,-,+,+,-,-,-,-,-,+,+,-,-
124,UFT.2014(L)7188,ANA.TAG.001.003,Fruto de Buriti,Taguatinga,TO,,-,+,-,-,-,-,-,-,-,-,-,-,-,-,-,-,-,-,+,-,-,-,-,-,-,-,-,+,+,+,-,-,-,-,-,+,-,-,+,-,+,,,-,-,+,+,-,-,-,-,+,-,+,+,+
125,UFT.2014(L)7538,ANA.TAQ.001.006,Fruto de Buriti,Palmas,TO,,+,+,+,+,+,+,-,-,-,+,-,-,+,+,-,+,+,-,+,+,+,-,+,+,+,+,+,-,+,+,-,-,+,+,-,-,-,+,+,-,+,,,-,-,+,+,-,,-,,,,,,
126,UFT.2014(L)7539,ANA.TAQ.001.006,Fruto de Buriti,Palmas,TO,,+,+,+,+,+,+,-,+,+,+,-,-,+,+,+,+,-,+,+,-,+,+,+,+,+,-,+,-,-,+,-,-,-,+,-,-,-,-,+,+,+,,,+,-,+,+,-,-,+,-,-,-,w,+,+
127,UFT.2014(L)7827,ANA.TAQ.001.007,Fruto de Buriti,Palmas,TO,,+,+,+,+,+,+,-,-,-,+,-,-,+,-,-,+,+,-,+,+,+,-,+,+,+,+,+,-,+,+,-,-,+,+,-,-,-,+,+,-,+,,,-,-,+,+,-,,-,,,,,,
128,UFT.2014(L)7847,ANA.TAQ.001.007,Fruto de Buriti,Palmas,TO,,-,+,-,+,-,-,-,-,-,-,-,-,+,-,-,-,-,+,+,-,-,-,-,-,-,-,-,+,+,+,-,-,-,+,-,-,-,-,+,-,+,,,-,-,+,+,-,,-,,,,,,
129,UFT.2014(L)7848,ANA.TAQ.001.007,Fruto de Buriti,Palmas,TO,,+,+,+,-,+,+,-,-,-,+,-,-,+,+,-,-,-,-,+,-,,-,+,+,+,+,+,,+,+,-,-,+,+,-,-,-,+,+,+,+,,,-,-,+,+,-,-,+,+,+,+,+,+,-
130,UFT.2014(L)7936,ANA.TAQ.001.008,Fruto de Buriti,Palmas,TO,,-,+,-,-,-,-,-,-,-,-,-,-,+,-,-,-,-,+,+,-,-,-,-,-,-,-,w,+,+,+,-,-,-,+,-,+,-,-,-,-,+,,,-,-,+,+,-,-,+,-,-,+,-,-,-
131,UFT.2014(L)8023,ANA.TAQ.001.009,Fruto de Buriti,Palmas,TO,,+,-,+,+,+,+,-,-,-,+,-,-,+,-,-,-,+,-,-,-,+,-,+,+,-,+,+,-,+,+,-,-,+,-,-,-,-,-,+,-,+,,,-,-,+,+,-,-,-,-,+,+,+,-,-
132,UFT.2014(L)7818,ANA.CAN.001.007,Fruto de Buriti,Pium,TO,,-,-,-,-,-,-,-,-,-,-,-,-,-,-,-,-,-,-,+,-,-,-,-,-,-,-,-,-,+,+,-,-,-,-,-,-,-,-,-,-,+,,,-,-,+,+,+,-,-,-,-,-,+,-,-
133,UFT.2014(L)7870,ANA.CAN.001.007,Fruto de Buriti,Pium,TO,,-,-,-,-,+,-,-,-,-,-,-,-,-,-,-,-,-,-,-,-,-,-,-,-,-,+,+,-,-,-,-,-,-,-,-,-,-,-,-,+,+,,,-,-,+,+,-,,-,,,,,,
134,UFT.2014(L)6716,ANA.CAN.001.008,Fruto de Buriti,Pium,TO,,+,-,+,+,+,+,-,-,-,+,-,-,+,-,-,-,+,-,-,-,+,-,+,+,+,+,+,-,+,+,-,-,+,-,-,-,-,-,+,-,+,,,-,-,+,+,-,-,+,-,+,+,+,-,-
135,UFT.2014(L)6717,ANA.CAN.001.008,Fruto de Buriti,Pium,TO,,-,-,-,-,-,-,-,-,-,-,-,-,-,-,-,-,-,-,-,-,-,-,-,-,-,-,-,-,-,-,-,-,-,-,-,-,-,-,-,-,+,,,-,-,+,+,-,-,-,-,-,+,+,,
136,UFT.2014(L)6723,ANA.CAN.001.008,Fruto de Buriti,Pium,TO,,+,+,+,-,+,+,-,-,-,+,-,-,+,w,w,-,w,-,+,-,,+,+,+,+,+,+,,+,+,-,-,+,+,-,-,-,+,+,+,+,,,-,-,+,+,-,-,+,+,+,-,+,-,-
137,UFT.2014(L)6888,ANA.CAN.001.008,Fruto de Buriti,Pium,TO,,-,-,-,-,-,-,-,-,-,-,-,-,-,-,-,-,-,+,-,-,-,-,-,-,-,-,+,+,+,+,-,-,+,-,-,-,-,-,-,-,+,,,-,-,+,+,-,+,-,-,-,-,+,-,-
138,UFT.2014(L)6890,ANA.CAN.001.008,Fruto de Buriti,Pium,TO,,-,+,-,-,+,-,-,-,-,-,-,-,+,-,-,-,-,+,-,-,-,-,-,-,-,+,-,+,+,+,-,-,-,+,-,-,-,-,-,+,+,,,-,-,+,+,+,-,-,-,+,-,+,-,-
139,UFT.2014(L)6893,ANA.CAN.001.008,Fruto de Buriti,Pium,TO,,+,+,+,+,+,+,-,-,-,+,-,-,+,+,+,+,-,-,+,-,+,+,+,+,+,+,-,-,+,-,-,-,-,+,-,+,-,+,+,+,+,,,-,-,+,+,-,-,+,-,+,+,+,+,+
140,UFT.2014(L)7052,ANA.CAN.001.008,Fruto de Buriti,Pium,TO,,+,+,-,-,w,-,-,-,w,-,-,w,+,-,-,w,-,+,-,-,-,+,-,-,-,+,+,+,+,+,-,-,+,+,+,-,-,-,+,-,+,,,-,-,+,+,+,-,-,-,+,+,+,-,-
141,UFT.2014(L)7862,ANA.CAN.001.008,Fruto de Buriti,Pium,TO,,-,-,-,-,+,-,-,-,-,-,-,+,-,-,w,-,-,-,-,-,-,-,-,-,-,-,+,-,-,-,-,-,-,-,-,-,-,-,+,+,+,,,-,-,+,+,+,-,-,-,-,+,+,-,-
142,UFT.2014(L)7865,ANA.CAN.001.008,Fruto de Buriti,Pium,TO,,+,+,+,-,+,+,-,-,-,+,-,-,+,+,-,-,-,-,+,-,,+,+,+,+,+,+,,+,+,-,-,+,+,-,-,-,+,+,+,+,,,-,-,+,+,-,-,+,-,+,+,+,+,+
143,UFT.2014(L)7031,ANA.CAN.001.009,Fruto de Buriti,Pium,TO,,+,+,+,+,+,+,-,-,-,+,-,-,+,+,+,-,-,-,-,-,+,+,+,+,+,+,-,-,+,+,-,-,-,+,-,+,-,+,+,+,+,,,-,-,+,+,-,-,+,+,+,+,+,+,+
144,UFT.2014(L)7842,ANA.CAN.001.009,Fruto de Buriti,Pium,TO,,+,-,+,-,+,+,-,-,-,+,-,-,+,-,-,-,+,-,-,-,,-,+,+,+,+,+,,+,+,-,-,+,+,-,-,-,+,+,-,+,,,-,-,+,+,-,-,+,-,+,-,+,-,-
145,UFT.2014(L)7242,ANA.TAG.001.004,Fruto de Buriti,Taguatinga,TO,,-,+,-,+,+,-,-,-,w,-,+,+,+,-,+,-,-,+,+,w,-,-,-,-,-,-,+,+,+,+,-,+,+,+,-,-,-,-,+,-,+,,,-,-,+,+,+,-,-,-,+,-,+,-,-
146,UFT.2014(L)7358,ANA.TAG.001.004,Fruto de Buriti,Taguatinga,TO,,+,+,+,+,+,+,+,+,+,+,-,+,+,+,+,+,-,-,-,+,+,-,w,+,+,-,+,-,+,+,+,-,+,+,-,-,-,+,+,+,+,,,+,+,+,+,+,-,-,-,-,-,+,-,-
147,UFT.2014(L)7049,ANA.TAG.001.005,Fruto de Buriti,Taguatinga,TO,,-,-,-,-,+,-,-,-,-,-,-,-,-,-,-,-,-,-,-,-,-,-,-,-,-,+,+,-,-,-,-,-,-,-,-,-,-,-,-,+,+,,,-,-,+,+,-,,-,,,,,,
148,UFT.2014(L)7540,ANA.TAQ.001.010,Fruto de Buriti,Palmas,TO,,-,-,-,-,-,-,-,-,-,-,-,-,w,-,-,-,-,+,+,-,-,-,-,-,-,-,-,-,+,+,-,-,-,-,-,-,-,-,-,-,+,,,-,-,+,+,+,-,-,-,+,-,w,-,-
149,UFT.2014(L)7541,ANA.TAQ.001.010,Fruto de Buriti,Palmas,TO,,+,-,+,-,+,+,-,-,-,+,-,-,+,-,-,+,+,-,+,+,+,-,+,+,+,+,+,+,+,+,-,+,-,+,-,-,-,-,+,+,+,,,+,+,+,+,-,-,-,-,+,-,+,-,-
150,UFT.2014(L)7542,ANA.TAQ.001.010,Fruto de Buriti,Palmas,TO,,-,-,-,-,+,-,-,-,-,-,-,-,-,-,-,-,-,+,-,-,-,-,-,-,-,+,+,-,+,+,-,-,-,-,-,-,-,+,-,-,+,,,-,-,+,+,-,-,-,-,-,+,+,+,+
151,UFT.2014(L)7543,ANA.TAQ.001.010,Fruto de Buriti,Palmas,TO,,+,+,+,+,+,+,-,-,-,+,-,-,+,+,-,+,+,-,+,+,+,+,+,+,+,+,+,+,+,+,+,-,-,+,-,+,-,+,+,-,+,,,-,-,+,+,-,-,+,-,+,+,+,+,+
152,UFT.2014(L)7546,ANA.TAQ.001.010,Fruto de Buriti,Palmas,TO,,-,-,-,-,-,-,-,-,-,-,-,-,-,-,-,-,-,+,+,-,-,-,-,-,-,-,-,+,+,+,-,-,-,-,-,-,-,-,+,-,+,,,-,-,+,+,-,-,-,-,-,+,+,+,+
153,UFT.2014(L)7849,ANA.TAQ.001.011,Fruto de Buriti,Palmas,TO,,+,w,+,-,+,+,-,-,-,+,-,-,+,-,-,-,+,-,+,-,+,+,+,+,+,+,+,-,+,+,+,-,-,+,-,-,-,-,+,+,+,,,-,-,+,+,-,-,+,-,+,-,+,+,-
154,UFT.2014(L)7850,ANA.TAQ.001.011,Fruto de Buriti,Palmas,TO,,-,-,-,-,+,-,-,+,-,-,-,-,+,+,+,+,-,+,-,-,+,+,+,+,+,-,+,-,+,+,-,-,-,+,-,-,-,+,+,+,+,,,-,-,+,+,-,-,-,-,-,-,+,+,+
155,UFT.2014(L)7937,ANA.TAQ.001.012,Fruto de Buriti,Palmas,TO,,-,-,-,-,+,-,-,-,-,-,+,-,-,-,-,-,-,+,-,-,-,-,-,-,-,+,+,-,-,-,-,-,-,-,-,-,-,-,-,+,+,,,-,-,+,+,-,,-,,,,,,
156,UFT.2014(L)7938,ANA.TAQ.001.012,Fruto de Buriti,Palmas,TO,,-,-,-,-,+,-,-,-,-,-,-,-,-,-,-,-,-,-,-,-,-,-,-,-,-,+,+,+,-,-,-,-,-,-,-,-,-,-,-,+,+,,,-,-,+,+,-,,-,,,,,,
157,UFT.2014(L)6577,ANA.CAN.001.010,Fruto de Buriti,Pium,TO,,-,-,-,w,-,-,-,-,-,-,-,-,-,-,-,-,-,-,+,-,-,-,-,-,-,-,+,+,+,+,w,-,-,-,-,+,-,-,+,-,+,,,+,-,+,+,-,-,-,-,+,-,+,+,+
158,UFT.2014(L)7769,ANA.CAN.001.011,Fruto de Buriti,Pium,TO,,-,-,-,+,-,-,-,-,+,-,-,+,+,+,+,+,-,+,+,+,+,-,+,+,+,-,+,+,+,+,+,+,-,+,-,-,-,-,+,+,+,,,+,+,+,+,+,-,-,-,+,-,w,+,+
159,UFT.2014(L)7776,ANA.CAN.001.011,Fruto de Buriti,Pium,TO,,-,+,-,-,-,-,-,-,-,-,-,-,+,-,-,-,-,-,+,-,-,-,-,-,-,-,+,+,+,-,-,-,-,+,-,-,-,-,+,-,+,,,-,-,+,+,-,-,-,-,+,+,+,-,+
160,UFT.2014(L)6800,ANA.CAN.001.012,Fruto de Buriti,Pium,TO,,+,-,+,+,+,+,-,-,-,+,-,-,+,-,-,-,+,-,-,-,+,-,+,+,+,+,+,+,+,+,-,-,-,-,-,-,-,-,+,-,+,,,-,-,+,+,-,-,-,-,+,-,+,-,-
161,UFT.2014(L)7156,ANA.TAG.001.006,Fruto de Buriti,Taguatinga,TO,,-,+,-,-,+,-,-,-,-,-,-,-,+,-,-,-,-,+,+,-,-,-,-,-,-,-,-,+,+,+,-,-,-,-,-,-,-,-,-,-,+,,,-,-,+,+,-,-,-,-,-,+,+,+,-
162,UFT.2014(L)7266,ANA.TAG.001.006,Fruto de Buriti,Taguatinga,TO,,+,+,+,+,+,+,-,-,-,+,-,-,+,-,-,-,+,-,-,-,-,-,+,+,-,+,+,-,+,-,-,-,-,+,-,-,-,-,+,-,+,,,-,-,+,+,-,+,-,-,+,-,+,-,+
163,UFT.2014(L)7356,ANA.TAG.001.006,Fruto de Buriti,Taguatinga,TO,,+,+,+,-,+,+,-,-,-,+,-,-,+,-,-,+,+,-,+,+,,+,+,+,+,+,+,,+,+,-,-,-,+,-,-,-,-,+,-,+,,,-,-,+,+,+,-,-,-,-,+,+,-,+
164,UFT.2014(L)7547,ANA.TAQ.001.013,Fruto de Buriti,Palmas,TO,,+,-,+,-,+,+,-,-,-,+,-,-,+,-,-,+,+,-,+,+,+,+,+,+,+,+,+,+,+,+,-,+,+,+,-,-,-,+,+,+,+,,,+,+,+,+,-,-,-,-,+,-,+,-,-
165,UFT.2014(L)7548,ANA.TAQ.001.013,Fruto de Buriti,Palmas,TO,,+,-,+,+,+,+,+,-,-,+,-,-,+,w,-,-,+,,-,-,+,-,+,+,-,+,+,-,+,+,-,-,-,-,,,,-,+,-,+,,,-,-,+,+,-,,-,-,,,,,
166,UFT.2014(L)7549,ANA.TAQ.001.013,Fruto de Buriti,Palmas,TO,,-,+,+,+,+,+,-,-,-,+,-,-,+,-,-,+,+,-,+,+,+,-,+,+,+,+,+,-,+,+,-,-,-,+,-,-,-,+,+,-,+,,,-,-,+,+,+,-,-,-,-,-,w,-,-
167,UFT.2014(L)7939,ANA.TAQ.001.014,Fruto de Buriti,Palmas,TO,,-,-,-,-,-,-,-,-,-,-,-,-,-,-,-,-,-,-,-,-,-,-,-,-,-,+,+,-,+,+,-,-,-,-,-,-,-,-,-,+,+,,,-,-,+,+,+,-,-,-,-,-,+,-,-
168,UFT.2014(L)7940,ANA.TAQ.001.014,Fruto de Buriti,Palmas,TO,,-,-,-,-,-,-,-,-,-,-,-,-,+,-,-,+,-,-,+,+,+,-,+,+,+,-,+,+,+,-,-,+,-,+,-,+,-,-,+,+,+,,,+,-,+,+,-,-,-,-,+,+,+,-,-
169,UFT.2014(L)8024,ANA.TAQ.001.015,Fruto de Buriti,Palmas,TO,,-,-,-,-,+,-,-,-,-,-,-,,+,-,-,+,-,-,+,+,+,-,+,+,-,+,+,+,+,+,-,-,-,+,-,-,-,-,+,+,+,,,+,+,+,+,+,-,-,-,+,+,+,-,-
170,UFT.2014(L)6576,ANA.CAN.001.013,Fruto de Buriti,Pium,TO,,-,-,-,,-,-,-,-,-,-,,-,+,-,-,+,-,-,-,+,+,-,,-,-,-,w,+,+,-,w,+,-,-,-,-,-,-,w,+,-,,,+,+,+,+,+,,-,-,,,,,
171,UFT.2014(L)7766,ANA.CAN.001.013,Fruto de Buriti,Pium,TO,,-,+,-,-,-,-,-,-,-,-,-,-,+,-,-,-,-,-,-,-,-,-,-,-,-,-,-,+,+,+,-,-,-,+,-,-,-,-,-,-,+,,,-,-,+,+,+,-,-,-,+,+,+,-,-
172,UFT.2014(L)7782,ANA.CAN.001.014,Fruto de Buriti,Pium,TO,,+,+,+,+,+,+,-,-,-,+,-,-,+,-,-,+,+,-,-,+,+,-,+,+,+,+,+,+,+,+,-,+,-,+,-,+,-,+,+,+,+,,,+,+,+,+,-,-,-,+,+,-,+,-,+
173,UFT.2014(L)7946,ANA.CAN.001.014,Fruto de Buriti,Pium,TO,,-,-,-,-,-,-,-,-,-,-,-,-,+,-,-,+,-,-,,+,+,-,+,+,-,-,+,,+,-,-,-,-,+,-,-,-,-,-,+,+,,,+,+,+,+,+,-,-,-,+,+,+,-,-
174,UFT.2014(L)7959,ANA.CAN.001.014,Fruto de Buriti,Pium,TO,,-,+,+,-,+,+,-,-,-,+,-,-,+,-,-,+,-,-,-,+,+,-,+,+,-,-,-,+,+,+,-,-,-,+,-,-,-,+,+,+,+,,,+,+,+,+,+,-,-,-,+,+,+,-,-
175,UFT.2014(L)7366,ANA.TAG.001.007,Fruto de Buriti,Taguatinga,TO,,-,-,-,-,-,-,-,-,-,-,-,,-,-,-,-,-,-,-,-,-,-,-,-,-,-,-,-,-,-,-,-,-,-,-,-,-,-,-,+,+,,,-,-,+,+,+,-,-,-,+,+,+,-,-
176,UFT.2014(L)7196,ANA.TAG.001.008,Fruto de Buriti,Taguatinga,TO,,-,+,+,-,w,+,-,-,+,+,+,,+,-,-,-,-,-,+,-,-,-,+,-,+,-,+,+,+,+,-,-,+,+,-,-,-,-,-,+,+,,,-,-,+,+,+,-,-,-,+,-,+,-,-
177,UFT.2014(L)7198,ANA.TAG.001.008,Fruto de Buriti,Taguatinga,TO,,w,-,-,-,-,-,-,-,-,-,-,-,-,-,-,-,-,-,+,-,-,-,-,-,-,-,-,+,+,+,-,-,-,-,-,-,-,-,+,-,+,,,-,-,+,+,-,-,-,-,+,-,+,+,+
178,UFT.2014(L)7550,ANA.TAQ.001.016,Fruto de Buriti,Palmas,TO,,-,-,-,-,+,-,-,-,-,-,,-,-,-,-,-,-,-,-,-,-,-,,-,-,+,+,-,-,-,-,-,-,-,-,-,-,-,,-,-,,,-,-,+,+,-,,-,-,,,,,
179,UFT.2014(L)7551,ANA.TAQ.001.016,Fruto de Buriti,Palmas,TO,,+,+,+,+,+,+,-,-,-,+,-,-,+,-,-,-,-,+,+,-,+,-,+,+,+,+,+,-,+,+,-,+,-,+,-,-,-,+,+,-,+,,,-,-,+,+,-,-,-,-,-,-,+,-,-
180,UFT.2014(L)7941,ANA.TAQ.001.017,Fruto de Buriti,Palmas,TO,,+,+,+,+,+,+,-,-,-,+,-,-,+,+,+,-,-,-,+,-,+,+,+,+,+,+,+,-,+,+,-,-,-,-,-,+,-,+,+,+,+,,,-,-,+,+,-,-,+,+,+,+,+,+,-
181,UFT.2014(L)6575,ANA.CAN.001.015,Fruto de Buriti,Pium,TO,,w,-,-,-,-,-,-,-,-,-,-,-,-,-,-,-,-,-,+,-,-,-,-,-,-,-,-,+,+,+,-,-,-,-,-,-,-,-,+,-,+,,,-,-,+,+,-,-,-,-,+,-,+,+,+
182,UFT.2014(L)6725,ANA.CAN.001.016,Fruto de Buriti,Pium,TO,,+,+,+,+,+,+,-,-,-,+,-,-,+,+,+,-,-,-,+,-,+,+,+,+,+,+,+,+,+,+,-,-,-,-,-,-,-,+,+,+,+,,,-,-,+,+,-,-,+,+,+,+,+,-,-
183,UFT.2014(L)6881,ANA.CAN.001.016,Fruto de Buriti,Pium,TO,,+,-,+,-,+,+,-,-,-,+,-,-,+,+,-,-,-,-,+,-,,-,+,+,+,+,+,,+,+,-,-,-,+,-,-,-,-,-,-,+,,,-,-,+,+,-,-,-,-,+,-,+,+,-
184,UFT.2014(L)7835,ANA.CAN.001.016,Fruto de Buriti,Pium,TO,,+,+,+,+,+,+,-,+,-,+,-,-,+,+,+,-,-,-,+,-,+,+,+,+,-,+,+,-,+,+,-,-,+,-,-,-,-,+,+,+,+,,,-,-,+,+,-,-,+,+,+,+,+,+,-
185,UFT.2014(L)7836,ANA.CAN.001.016,Fruto de Buriti,Pium,TO,,+,-,+,-,+,+,-,-,-,+,-,-,+,+,-,+,-,-,+,+,+,-,+,+,+,+,+,+,+,+,-,+,-,+,-,-,-,+,+,+,+,,,+,+,+,+,-,-,-,-,+,-,+,+,+
186,UFT.2014(L)6978,ANA.CAN.001.017,Fruto de Buriti,Pium,TO,,+,+,+,+,+,+,-,+,-,+,-,-,+,-,-,-,-,-,+,+,+,+,+,+,+,+,+,+,+,+,-,-,-,+,-,+,-,+,+,-,+,,,-,-,+,+,-,-,-,-,+,+,+,+,-
187,UFT.2014(L)7281,ANA.TAG.001.009,Fruto de Buriti,Taguatinga,TO,,+,+,+,+,+,+,-,-,-,+,-,-,+,+,+,-,-,-,+,-,+,+,+,+,+,+,+,-,+,+,-,-,+,-,-,-,-,w,+,+,+,,,-,-,+,+,-,-,+,+,+,+,+,+,-
188,UFT.2014(L)7363,ANA.TAG.001.009,Fruto de Buriti,Taguatinga,TO,,+,+,+,+,+,+,-,+,-,+,-,-,+,+,-,+,-,-,+,-,+,+,+,+,+,+,+,-,+,+,-,-,+,-,-,+,-,-,+,+,+,,,-,-,+,+,-,-,+,+,+,+,+,+,-
189,UFT.2014(L)7381,ANA.TAG.001.009,Fruto de Buriti,Taguatinga,TO,,-,+,-,-,+,+,-,-,-,+,-,-,+,-,-,-,-,-,-,-,-,-,-,-,-,-,+,+,+,+,-,-,-,+,-,-,-,-,+,-,+,,,-,-,+,+,+,-,-,-,+,-,+,-,-
190,UFT.2014(L)6950,ANA.TAG.001.010,Fruto de Buriti,Taguatinga,TO,,+,+,+,+,+,+,-,-,-,+,-,-,+,+,+,-,-,-,+,-,+,+,+,+,+,+,+,+,+,+,-,-,-,-,-,-,-,+,+,+,+,,,-,-,+,+,-,-,+,+,+,+,+,-,-
191,UFT.2014(L)6957,ANA.TAG.001.010,Fruto de Buriti,Taguatinga,TO,,+,+,+,+,+,+,-,+,-,+,-,-,+,+,+,+,-,-,+,-,+,+,+,+,+,+,-,-,+,-,-,-,-,+,-,+,-,+,+,+,+,,,-,-,+,+,-,-,+,-,+,-,+,+,+
192,UFT.2014(L)7552,ANA.TAQ.001.018,Fruto de Buriti,Palmas,TO,,+,+,+,+,+,+,-,+,-,+,-,-,+,+,+,-,-,-,+,-,+,-,+,+,+,+,+,-,+,+,-,-,-,-,-,+,-,+,+,+,+,,,-,-,+,+,-,-,+,+,+,+,+,+,-
193,UFT.2014(L)7553,ANA.TAQ.001.018,Fruto de Buriti,Palmas,TO,,w,-,+,+,+,+,-,-,-,+,-,-,+,+,-,-,-,-,+,-,+,-,+,+,-,+,+,+,+,+,-,-,-,-,-,+,-,+,+,-,+,,,-,-,+,+,-,-,-,-,+,-,+,+,-
194,UFT.2014(L)7554,ANA.TAQ.001.018,Fruto de Buriti,Palmas,TO,,-,-,-,,w,-,-,-,-,-,,-,-,-,-,-,-,-,-,-,-,-,,-,-,+,w,-,+,-,-,-,-,-,-,-,-,-,-,+,-,,,-,-,+,+,+,-,-,-,-,+,+,-,-
195,UFT.2014(L)7555,ANA.TAQ.001.018,Fruto de Buriti,Palmas,TO,,+,+,+,+,+,+,-,-,-,+,-,-,+,+,+,-,-,-,+,+,+,+,+,+,+,+,+,+,+,+,-,-,-,+,-,+,-,+,+,+,+,,,-,-,+,+,-,-,-,-,+,+,+,+,+
196,UFT.2014(L)7556,ANA.TAQ.001.018,Fruto de Buriti,Palmas,TO,,+,+,+,+,+,+,-,-,-,+,-,-,+,+,+,+,-,-,+,-,+,+,+,+,+,+,+,-,+,-,-,-,-,+,-,+,-,+,+,+,+,,,-,-,+,+,-,-,+,+,+,+,+,+,-
197,UFT.2014(L)7557,ANA.TAQ.001.018,Fruto de Buriti,Palmas,TO,,,-,-,-,+,-,-,-,-,-,-,-,-,-,-,-,-,,-,-,-,-,-,-,-,+,+,-,-,-,-,-,-,-,,,,-,-,-,-,,,-,-,+,+,-,,-,-,,,,,
198,UFT.2014(L)7851,ANA.TAQ.001.019,Fruto de Buriti,Palmas,TO,,+,-,+,+,+,+,-,-,-,+,-,-,+,-,-,-,+,-,+,+,+,-,+,+,+,+,+,+,+,+,-,-,-,+,-,+,-,-,+,-,+,,,-,-,+,+,-,-,+,-,+,+,+,-,+
199,UFT.2014(L)7852,ANA.TAQ.001.019,Fruto de Buriti,Palmas,TO,,-,-,-,-,-,-,-,-,-,-,-,,+,-,-,-,-,-,+,-,-,-,-,-,-,-,-,-,+,+,-,-,-,-,-,-,-,-,-,-,+,,,-,-,+,+,+,-,-,-,+,-,+,-,+
200,UFT.2014(L)7853,ANA.TAQ.001.019,Fruto de Buriti,Palmas,TO,,-,-,-,-,-,-,-,-,-,-,-,,+,-,-,-,-,-,+,-,-,-,-,-,-,-,-,+,+,+,-,-,-,-,-,+,+,-,+,-,+,,,-,-,+,+,+,-,-,-,+,-,+,+,+
201,UFT.2014(L)7942,ANA.TAQ.001.020,Fruto de Buriti,Palmas,TO,,-,-,-,-,-,-,-,-,-,-,-,-,w,-,-,+,-,,-,+,+,-,+,+,-,-,+,+,+,+,-,-,-,-,,,,-,+,+,+,,,+,+,+,+,-,,-,-,,,,,
202,UFT.2014(L)7956,ANA.TAQ.001.020,Fruto de Buriti,Palmas,TO,,w,-,-,-,-,-,-,-,-,-,-,-,+,-,-,+,-,-,-,+,+,-,+,+,+,+,+,+,+,+,-,+,-,-,-,-,-,+,+,+,+,,,+,+,+,+,-,-,-,-,+,-,+,-,-
203,UFT.2014(L)7957,ANA.TAQ.001.020,Fruto de Buriti,Palmas,TO,,-,+,-,-,-,+,-,-,-,-,-,-,+,-,-,+,-,-,-,+,+,-,+,+,+,-,+,+,+,-,-,+,-,+,-,-,-,-,+,+,+,,,+,+,+,+,-,-,-,-,+,-,+,-,+
204,UFT.2014(L)6594,ANA.CAN.001.018,Fruto de Buriti,Pium,TO,,+,+,+,+,+,+,-,+,+,+,-,+,+,+,+,-,-,-,+,-,+,+,+,+,+,+,+,-,+,+,-,-,+,+,-,-,-,+,+,+,+,,,-,-,+,+,-,+,+,-,-,-,+,,
205,UFT.2014(L)7846,ANA.CAN.001.018,Fruto de Buriti,Pium,TO,,-,-,-,,-,-,-,-,+,-,,-,-,-,-,-,-,-,+,-,-,-,,+,-,+,+,+,+,+,-,+,-,-,-,-,-,-,-,-,-,,,+,-,+,+,+,,-,-,,,,,
206,UFT.2014(L)7989,ANA.CAN.001.018,Fruto de Buriti,Pium,TO,,-,-,-,-,-,-,-,-,-,-,-,,+,-,-,-,-,-,+,-,-,-,-,-,-,-,-,-,+,+,-,-,-,-,-,-,-,-,-,-,+,,,-,-,+,+,+,-,-,-,+,-,+,+,+
207,UFT.2014(L)7006,ANA.CAN.001.019,Fruto de Buriti,Pium,TO,,-,-,-,-,-,-,-,-,-,-,-,,+,-,-,-,-,-,+,-,-,-,-,-,-,-,-,-,+,+,-,-,-,-,-,-,-,-,-,-,+,,,-,-,+,+,+,-,-,-,+,-,+,+,+
208,UFT.2014(L)7021,ANA.CAN.001.019,Fruto de Buriti,Pium,TO,,+,w,+,+,+,+,-,-,-,+,-,+,+,-,-,+,+,+,+,+,+,-,+,+,+,+,+,-,+,+,-,-,-,+,-,-,-,+,+,-,+,,,+,-,+,+,-,-,-,-,-,-,+,,
209,UFT.2014(L)7189,ANA.TAG.001.011,Fruto de Buriti,Taguatinga,TO,,-,-,-,+,-,-,-,-,-,-,-,-,+,-,-,+,-,-,+,+,+,-,+,+,+,-,+,+,+,-,w,+,-,+,-,-,-,-,+,+,+,,,+,+,+,+,-,-,-,-,+,+,+,-,+
210,UFT.2014(L)7364,ANA.TAG.001.011,Fruto de Buriti,Taguatinga,TO,,+,+,+,+,+,+,-,-,-,+,-,-,+,+,+,+,-,-,+,+,+,+,+,+,+,+,+,+,+,+,-,-,-,+,-,+,-,+,+,+,,,,+,-,+,+,-,-,+,-,+,+,+,+,+
211,UFT.2014(L)7382,ANA.TAG.001.011,Fruto de Buriti,Taguatinga,TO,,+,-,+,+,+,+,-,-,-,+,-,-,+,-,-,-,+,-,-,-,+,-,+,+,+,+,+,-,+,+,-,-,+,-,-,-,-,-,+,-,+,,,-,-,+,+,-,-,+,+,+,+,+,-,-
212,UFT.2014(L)7558,ANA.TAQ.001.021,Fruto de Buriti,Palmas,TO,,+,+,+,+,+,+,-,-,-,+,-,-,+,+,+,-,-,-,+,+,+,+,+,+,+,+,+,+,+,+,+,-,-,+,-,+,-,+,+,+,+,,,-,-,+,+,-,-,+,-,+,+,+,+,+
213,UFT.2014(L)7587,ANA.TAQ.001.021,Fruto de Buriti,Palmas,TO,,+,+,+,+,+,+,-,+,+,+,-,-,+,+,+,+,-,+,+,-,+,+,+,+,+,+,+,w,+,+,-,-,+,+,-,w,-,+,+,+,+,,,-,-,+,+,-,-,+,-,-,+,+,+,-
214,UFT.2014(L)7588,ANA.TAQ.001.021,Fruto de Buriti,Palmas,TO,,-,-,-,-,-,-,-,-,-,-,-,-,-,-,-,-,-,+,-,-,-,-,+,+,-,-,-,+,+,+,-,-,-,-,-,+,-,-,-,-,+,,,-,-,+,+,+,-,-,-,+,-,w,-,-
215,UFT.2014(L)7854,ANA.TAQ.001.022,Fruto de Buriti,Palmas,TO,,+,-,+,-,+,+,-,-,-,+,-,-,+,-,-,-,+,-,+,-,,+,+,+,+,+,+,,+,+,-,-,+,+,-,-,-,+,+,-,+,,,-,-,+,+,-,-,-,-,+,-,+,-,-
216,UFT.2014(L)7855,ANA.TAQ.001.022,Fruto de Buriti,Palmas,TO,,-,-,-,-,-,-,-,-,-,-,-,-,-,-,-,-,-,-,,-,-,-,+,-,-,-,+,-,-,-,-,-,-,-,-,-,-,-,-,-,+,,,-,-,+,+,+,-,-,+,-,-,+,-,-
217,UFT.2014(L)7856,ANA.TAQ.001.022,Fruto de Buriti,Palmas,TO,,+,+,+,+,+,+,-,-,-,+,-,-,+,+,+,-,-,-,+,-,+,+,+,+,+,+,+,+,+,+,-,-,-,-,-,-,-,+,+,+,+,,,-,-,+,+,-,-,+,+,+,+,+,-,-
218,UFT.2014(L)7857,ANA.TAQ.001.022,Fruto de Buriti,Palmas,TO,,-,+,-,w,-,-,-,-,w,-,,-,+,-,w,-,-,-,+,-,-,-,,-,-,-,+,+,+,+,-,-,-,-,-,-,-,-,,-,-,,,-,-,+,+,+,-,-,-,+,+,+,-,-
219,UFT.2014(L)7858,ANA.TAQ.001.022,Fruto de Buriti,Palmas,TO,,+,+,+,+,+,-,-,-,-,+,-,-,+,-,-,+,+,-,+,+,+,+,+,+,+,+,+,-,+,-,-,-,-,+,-,+,-,+,+,-,+,,,-,-,+,+,-,-,-,+,+,-,+,-,+
220,UFT.2014(L)7859,ANA.TAQ.001.022,Fruto de Buriti,Palmas,TO,,-,-,-,-,+,-,-,-,-,-,,-,-,-,-,-,-,-,-,-,-,-,,-,-,+,+,-,-,-,-,-,-,-,-,-,-,-,,+,-,,,-,-,+,+,-,,-,-,,,,,
221,UFT.2014(L)7958,ANA.TAQ.001.023,Fruto de Buriti,Palmas,TO,,+,+,+,+,+,+,-,-,-,+,-,-,+,+,w,+,-,-,+,+,+,+,+,+,+,+,+,+,+,+,-,+,-,-,-,+,-,+,+,+,+,,,+,+,+,+,-,-,-,+,+,+,+,+,-
222,UFT.2014(L)7961,ANA.TAQ.001.023,Fruto de Buriti,Palmas,TO,,-,+,-,-,-,-,-,-,-,-,w,-,+,w,-,-,-,+,w,-,-,,-,-,,w,+,+,+,+,-,-,-,+,-,-,-,-,-,-,+,,,-,-,+,+,+,-,-,-,+,-,+,-,-
223,UFT.2014(L)6582,ANA.CAN.001.020,Fruto de Buriti,Pium,TO,,-,-,-,-,w,-,-,-,-,-,-,-,-,-,-,-,-,-,-,-,-,,-,-,,w,+,-,-,-,-,-,-,-,-,-,-,w,-,+,+,,,-,-,+,+,+,-,-,-,-,-,+,+,+
224,UFT.2014(L)7844,ANA.CAN.001.020,Fruto de Buriti,Pium,TO,,-,-,-,-,w,-,-,-,-,-,-,-,-,-,-,-,-,-,-,-,-,-,-,-,-,-,-,-,-,-,-,-,-,-,-,-,-,-,-,+,+,,,-,-,+,+,+,-,-,-,-,-,+,-,-
225,UFT.2014(L)6795,ANA.CAN.001.021,Fruto de Buriti,Pium,TO,,+,+,+,+,+,+,-,+,+,+,w,+,+,+,+,+,-,+,+,-,+,,+,+,,+,+,-,+,+,+,+,+,+,-,-,-,+,+,+,+,,,-,-,+,+,+,-,+,+,-,-,+,+,+
226,UFT.2014(L)6887,ANA.CAN.001.021,Fruto de Buriti,Pium,TO,,-,+,-,-,-,-,-,-,-,-,w,-,+,-,-,-,-,+,w,-,-,,-,-,,w,+,+,+,+,-,-,-,+,-,-,-,-,-,-,+,,,-,-,+,+,+,-,-,-,+,-,+,-,-
227,UFT.2014(L)7053,ANA.CAN.001.021,Fruto de Buriti,Pium,TO,,-,+,-,-,-,-,-,-,+,w,w,+,+,-,+,-,-,+,+,+,-,-,+,-,-,+,+,+,+,+,+,+,+,+,-,-,-,-,+,-,+,,,-,-,+,+,+,-,-,-,+,-,+,-,-
228,UFT.2014(L)7765,ANA.CAN.001.021,Fruto de Buriti,Pium,TO,,+,+,+,+,+,+,-,w,+,+,-,-,+,+,+,-,-,+,+,-,+,-,+,+,+,+,+,+,+,+,-,+,+,+,-,-,-,+,+,+,+,,,-,-,+,+,+,-,+,-,+,+,+,-,+
229,UFT.2014(L)7951,ANA.CAN.001.021,Fruto de Buriti,Pium,TO,,-,-,-,-,-,-,-,-,-,-,-,-,-,-,-,-,-,-,+,-,-,-,-,-,-,-,-,-,+,+,-,-,-,-,-,-,-,-,-,-,+,,,-,-,+,+,+,-,-,-,+,-,w,-,+
230,UFT.2014(L)6996,ANA.CAN.001.022,Fruto de Buriti,Pium,TO,,-,-,-,-,w,-,-,-,-,-,-,-,-,-,-,-,-,-,-,-,-,,-,-,,w,+,+,-,-,-,-,-,-,-,-,-,w,-,+,+,,,-,-,+,+,+,-,-,-,-,-,w,-,-
231,UFT.2014(L)7191,ANA.TAG.001.012,Fruto de Buriti,Taguatinga,TO,,-,+,-,-,-,-,-,-,-,-,-,-,+,w,-,-,-,+,w,-,-,,-,-,,+,+,+,+,+,-,-,-,+,-,-,-,-,-,-,+,,,-,-,+,+,+,-,-,-,+,-,+,-,-
232,UFT.2014(L)7275,ANA.TAG.001.012,Fruto de Buriti,Taguatinga,TO,,-,+,-,-,-,-,-,-,-,-,-,-,+,-,-,-,-,-,-,-,-,-,-,-,-,+,-,+,+,+,-,-,+,+,-,-,-,-,-,-,+,,,-,-,+,+,+,-,-,-,+,+,-,-,-
233,UFT.2014(L)7589,ANA.TAQ.001.024,Fruto de Buriti,Palmas,TO,,+,-,+,+,+,+,+,-,-,+,-,-,+,-,-,-,+,,-,-,+,-,+,+,-,+,+,-,+,+,w,-,-,-,-,-,-,-,+,-,+,,,-,-,+,+,+,-,+,-,-,+,+,-,-
234,UFT.2014(L)7590,ANA.TAQ.001.024,Fruto de Buriti,Palmas,TO,,+,+,+,+,+,+,-,w,-,+,,-,+,+,+,-,-,-,+,-,+,w,,+,w,+,+,-,+,+,+,w,w,-,-,-,-,-,,+,+,,,-,-,+,+,+,-,+,-,-,+,+,-,-
235,UFT.2014(L)7860,ANA.TAQ.001.025,Fruto de Buriti,Palmas,TO,,+,+,+,+,+,+,-,-,-,+,-,-,+,-,-,+,+,-,+,+,+,-,+,+,+,+,+,-,+,+,-,-,-,-,-,-,-,+,+,-,+,,,-,-,+,+,+,-,-,-,-,+,+,-,-
236,UFT.2014(L)7861,ANA.TAQ.001.025,Fruto de Buriti,Palmas,TO,,+,+,+,+,+,+,-,-,-,+,-,-,+,-,-,-,+,-,+,+,+,-,+,+,-,+,-,-,+,+,-,-,-,+,-,-,-,+,+,-,+,,,-,-,+,+,+,-,-,-,-,+,+,-,-
237,UFT.2014(L)7871,ANA.TAQ.001.025,Fruto de Buriti,Palmas,TO,,-,-,-,-,w,-,-,-,-,-,-,-,-,-,-,-,-,-,-,-,-,-,-,-,-,-,-,-,-,-,-,-,-,-,-,-,-,-,-,+,+,,,-,-,+,+,+,-,-,-,-,+,+,-,-
238,UFT.2014(L)7963,ANA.TAQ.001.026,Fruto de Buriti,Palmas,TO,,-,+,-,-,-,-,-,-,-,,-,-,+,-,-,-,-,-,-,-,-,-,-,-,-,-,-,+,+,+,-,-,-,+,-,-,-,-,-,-,+,,,-,-,+,+,+,-,-,-,+,-,+,-,-
239,UFT.2014(L)6584,ANA.CAN.001.023,Fruto de Buriti,Pium,TO,,+,+,+,+,+,+,-,+,+,+,-,-,+,+,+,-,-,+,+,-,+,+,+,+,+,+,-,-,+,+,-,-,-,+,-,-,-,-,+,+,+,,,-,-,+,+,+,-,+,+,-,+,+,+,+
240,UFT.2014(L)6794,ANA.CAN.001.024,Fruto de Buriti,Pium,TO,,-,+,-,-,-,-,-,-,,-,-,-,+,-,-,-,-,-,-,-,-,-,-,-,-,-,-,+,+,+,-,-,+,+,-,-,-,-,-,-,+,,,-,-,+,+,+,-,-,+,+,-,+,-,-
241,UFT.2014(L)7353,ANA.TAG.001.013,Fruto de Buriti,Taguatinga,TO,,-,-,-,-,-,-,-,-,-,,-,-,-,-,-,-,-,-,-,-,-,-,-,-,-,+,+,-,-,-,,-,-,-,-,-,-,+,-,+,+,,,-,-,+,+,+,-,-,-,-,-,+,-,-
242,UFT.2014(L)7719,ANA.TAQ.001.027,Fruto de Buriti,Palmas,TO,,-,-,-,+,-,-,-,-,-,-,-,-,-,-,,-,-,+,-,-,-,-,-,-,-,-,-,+,+,+,-,-,-,-,-,-,-,-,+,-,+,,,-,-,+,+,+,-,-,-,+,+,-,-,
243,UFT.2014(L)7720,ANA.TAQ.001.027,Fruto de Buriti,Palmas,TO,,-,-,-,-,-,-,-,-,-,-,-,-,-,-,-,-,-,+,-,-,-,+,-,-,-,-,-,+,+,w,-,+,-,-,-,-,-,w,+,-,+,,,-,-,+,+,+,-,-,-,+,-,-,-,-
244,UFT.2014(L)7965,ANA.TAQ.001.028,Fruto de Buriti,Palmas,TO,,-,-,-,-,-,-,-,-,-,-,-,-,-,-,-,-,-,-,-,-,-,-,-,-,-,+,-,-,-,-,-,-,-,-,-,-,-,-,-,+,+,,,-,-,+,+,+,,-,-,,,,,
245,UFT.2014(L)6585,ANA.CAN.001.025,Fruto de Buriti,Pium,TO,,-,-,-,-,-,-,-,-,-,-,w,w,-,-,w,-,-,-,-,-,-,-,-,-,-,+,+,-,-,-,+,-,-,-,-,-,-,-,+,+,+,,,-,-,+,+,+,-,-,-,-,-,+,-,-
246,UFT.2014(L)6606,ANA.CAN.001.026,Fruto de Buriti,Pium,TO,,-,-,-,-,+,-,-,-,-,-,-,-,-,-,-,-,-,-,-,-,-,-,-,-,-,+,-,-,-,-,-,-,-,-,-,-,-,-,-,+,+,,,-,-,+,+,+,-,-,-,-,-,+,-,-
247,UFT.2014(L)6607,ANA.CAN.001.026,Fruto de Buriti,Pium,TO,,-,-,-,-,+,-,+,-,w,-,-,-,-,-,w,-,-,-,-,-,-,-,-,-,-,w,+,-,-,+,-,-,-,-,-,-,-,-,-,+,+,,,-,-,+,+,+,-,-,-,-,-,+,-,-
248,UFT.2014(L)6737,ANA.CAN.001.026,Fruto de Buriti,Pium,TO,,-,+,-,-,-,+,+,-,+,-,+,+,+,-,+,+,-,+,+,+,+,-,+,+,+,+,+,+,+,+,+,+,+,+,+,-,-,-,+,+,+,,,+,+,+,+,+,-,-,-,+,+,+,-,-
249,UFT.2014(L)6782,ANA.CAN.001.026,Fruto de Buriti,Pium,TO,,-,-,-,-,-,-,-,-,-,-,-,-,-,-,-,-,-,-,-,-,-,-,-,-,-,w,-,-,-,-,-,-,-,-,-,-,-,-,-,+,+,,,-,-,+,+,+,-,-,-,-,-,+,-,-
250,UFT.2014(L)6793,ANA.CAN.001.026,Fruto de Buriti,Pium,TO,,-,-,-,-,-,-,-,-,-,-,-,-,-,-,-,-,-,-,-,-,+,-,-,-,-,-,w,-,+,-,-,-,-,-,-,-,-,+,-,+,-,,,-,-,+,+,+,-,-,-,+,+,+,-,-
251,UFT.2014(L)6796,ANA.CAN.001.026,Fruto de Buriti,Pium,TO,,+,+,-,-,+,-,-,-,-,-,-,-,+,-,-,-,-,+,-,-,+,+,-,-,-,-,+,+,+,-,-,+,+,+,-,-,-,+,+,+,+,,,-,-,+,+,+,-,-,-,+,-,+,-,-
252,UFT.2014(L)6797,ANA.CAN.001.026,Fruto de Buriti,Pium,TO,,-,-,-,-,-,-,-,-,-,-,-,-,+,-,-,+,-,-,-,+,+,-,+,+,-,-,-,+,+,-,-,-,-,+,-,-,-,-,+,+,+,,,+,+,+,+,+,-,-,-,-,+,+,-,-
253,UFT.2014(L)6867,ANA.CAN.001.027,Fruto de Buriti,Pium,TO,,+,-,+,+,+,+,-,-,+,+,+,-,+,-,-,-,+,-,-,-,+,-,+,+,+,+,-,-,+,+,-,-,+,+,-,-,-,-,+,-,+,,,-,-,+,+,+,-,+,-,-,+,+,-,-
254,UFT.2014(L)6990,ANA.CAN.001.027,Fruto de Buriti,Pium,TO,,+,-,+,+,+,+,-,-,+,+,+,-,+,-,-,+,+,+,+,+,+,-,+,+,+,+,-,+,+,+,+,+,+,+,-,-,-,-,+,+,+,,,,,,,,,,,,,,,
255,UFT.2014(L)7254,ANA.TAG.001.014,Fruto de Buriti,Taguatinga,TO,,-,+,-,+,-,-,-,-,w,-,+,+,+,-,+,-,-,+,+,w,-,-,-,-,-,-,+,+,+,+,-,+,+,+,-,-,-,-,+,-,+,,,-,-,+,+,+,-,-,-,+,-,+,-,-
256,UFT.2014(L)7355,ANA.TAG.001.014,Fruto de Buriti,Taguatinga,TO,,+,-,+,+,+,+,-,-,+,+,+,-,+,-,-,-,+,-,-,-,+,-,+,+,+,+,-,+,+,+,-,-,+,+,-,-,-,-,+,-,+,,,-,-,+,+,+,-,+,-,-,+,+,-,-
257,UFT.2014(L)7365,ANA.TAG.001.014,Fruto de Buriti,Taguatinga,TO,,+,+,+,+,+,+,+,-,+,+,+,+,+,+,+,-,+,+,+,+,+,w,+,+,+,+,+,-,+,+,+,+,+,+,-,-,-,-,+,+,+,,,-,-,+,+,+,-,+,-,-,+,+,-,-
258,UFT.2014(L)7921,ANA.TAG.001.015,Fruto de Buriti,Taguatinga,TO,,-,+,-,+,+,+,+,-,+,+,+,+,+,+,+,+,+,+,+,+,+,+,+,+,+,+,+,+,+,+,+,+,+,+,-,-,-,-,+,-,+,,,-,-,+,+,+,-,-,-,+,+,+,+,+
259,UFT.2014(L)7724,ANA.TAQ.001.029,Fruto de Buriti,Palmas,TO,,-,+,-,-,-,-,-,-,-,-,+,+,+,-,+,-,-,+,+,-,-,-,-,-,-,-,+,+,+,+,-,-,-,+,-,-,-,-,+,-,+,,,-,-,+,+,+,-,-,-,+,+,+,-,-
260,UFT.2014(L)7725,ANA.TAQ.001.029,Fruto de Buriti,Palmas,TO,,+,+,+,+,+,+,-,-,-,+,-,-,+,+,+,+,-,-,+,+,+,+,+,+,+,+,+,+,+,+,-,-,-,+,-,+,-,+,+,+,+,,,-,-,,,,,,,,,,,
261,UFT.2014(L)7726,ANA.TAQ.001.029,Fruto de Buriti,Palmas,TO,,+,+,+,+,+,+,-,-,-,+,-,-,+,+,+,-,-,-,+,+,+,+,+,+,+,+,+,-,+,+,-,+,+,-,-,-,-,+,+,+,+,,,+,-,+,+,-,-,+,+,+,+,+,+,-
262,UFT.2014(L)7967,ANA.TAQ.001.030,Fruto de Buriti,Palmas,TO,,+,-,+,+,+,+,+,-,-,+,-,-,+,+,-,-,+,-,+,+,+,+,+,+,+,+,+,+,+,-,-,-,-,+,-,-,-,-,+,-,+,,,-,-,+,+,-,-,+,-,+,+,+,+,+
263,UFT.2014(L)7969,ANA.TAQ.001.030,Fruto de Buriti,Palmas,TO,,-,-,-,-,w,-,-,-,-,-,-,-,-,-,+,-,-,-,-,-,-,-,-,-,-,+,-,-,-,-,-,-,-,-,-,-,-,-,-,+,+,,,-,-,+,+,+,-,+,-,-,+,w,-,-
264,UFT.2014(L)7970,ANA.TAQ.001.030,Fruto de Buriti,Palmas,TO,,+,+,+,+,+,+,-,-,-,+,-,-,+,+,+,-,-,-,+,-,+,+,+,+,+,+,+,-,+,+,-,-,-,-,-,-,-,+,+,+,+,,,-,-,+,+,-,-,+,+,+,+,+,+,-
265,UFT.2014(L)7971,ANA.TAQ.001.030,Fruto de Buriti,Palmas,TO,,-,-,-,,+,-,-,-,-,-,,-,+,+,-,-,-,-,-,-,-,-,,-,-,+,+,-,-,-,-,-,-,-,-,-,-,-,-,+,+,,,+,-,+,+,+,,+,+,,,,,
266,UFT.2014(L)7972,ANA.TAQ.001.030,Fruto de Buriti,Palmas,TO,,-,+,-,-,-,-,-,-,-,-,,-,+,-,-,-,-,-,+,-,-,-,,-,-,-,w,+,+,+,+,-,-,-,-,-,-,-,,-,-,,,-,-,+,+,-,,-,-,,,,,
267,UFT.2014(L)8026,ANA.TAQ.001.031,Fruto de Buriti,Palmas,TO,,+,w,w,,w,-,-,-,-,-,,-,+,w,-,-,-,-,+,-,+,-,,w,-,w,-,+,+,+,-,-,-,-,-,-,-,-,w,-,+,,,+,-,+,+,+,,-,+,,,,,
268,UFT.2014(L)6808,ANA.CAN.001.028,Fruto de Buriti,Pium,TO,,+,+,+,+,+,+,-,+,-,+,,-,+,+,+,-,-,-,+,-,+,+,,+,w,+,+,-,+,+,+,w,w,-,-,-,-,-,,+,+,,,-,-,+,+,-,,+,+,,,,,
269,UFT.2014(L)6568,ANA.CAN.001.029,Fruto de Buriti,Pium,TO,,-,-,-,-,-,-,-,-,-,-,-,-,-,-,,-,-,-,-,-,-,-,-,-,-,+,-,-,-,-,-,-,-,-,-,-,-,-,-,+,+,,,-,-,+,+,+,-,-,-,-,+,+,-,
270,UFT.2014(L)6644,ANA.CAN.001.029,Fruto de Buriti,Pium,TO,,-,-,-,-,-,-,-,-,-,-,-,-,-,-,-,-,-,-,-,-,-,-,-,-,-,+,-,-,-,-,-,-,-,-,-,-,-,+,-,+,+,,,-,-,+,+,+,+,-,-,-,-,+,-,-
271,UFT.2014(L)6645,ANA.CAN.001.029,Fruto de Buriti,Pium,TO,,+,+,+,+,+,+,-,+,-,+,,-,+,+,+,-,-,-,+,-,+,+,,+,w,+,+,-,+,+,+,w,-,-,-,-,-,-,,+,+,,,-,-,+,+,-,,+,+,,,,,
272,UFT.2014(L)6705,ANA.CAN.001.029,Fruto de Buriti,Pium,TO,,-,-,-,-,-,-,-,-,-,-,-,,-,-,-,-,-,-,+,-,-,-,-,-,-,-,-,+,+,+,-,-,-,-,-,+,+,-,+,-,+,,,-,-,+,+,+,-,-,-,+,-,w,+,+
273,UFT.2014(L)7840,ANA.CAN.001.029,Fruto de Buriti,Pium,TO,,+,+,+,+,+,+,-,+,-,+,,-,+,+,+,-,-,-,+,-,+,-,,+,w,+,+,-,+,+,+,w,w,-,-,-,-,-,,+,+,,,,,,,,,,,,,,,
274,UFT.2014(L)6622,ANA.CAN.001.030,Fruto de Buriti,Pium,TO,,+,+,+,+,+,-,-,-,-,+,-,-,+,+,w,-,-,,+,-,+,w,+,+,-,+,-,-,+,+,-,-,-,-,,,,w,+,+,+,,,-,-,+,+,-,,+,+,,,,,
275,UFT.2014(L)7192,ANA.TAG.001.016,Fruto de Buriti,Taguatinga,TO,,+,+,+,+,+,+,+,+,-,+,-,-,+,+,w,-,-,,+,-,+,-,+,+,-,+,+,-,+,+,-,-,-,-,,,,w,+,+,+,,,-,-,+,+,-,,-,+,,,,,
276,UFT.2014(L)7395,ANA.TAQ.001.032,Fruto de Buriti,Palmas,TO,,+,-,+,+,+,-,-,-,-,+,-,-,+,-,-,-,+,,-,-,+,-,+,+,-,+,-,-,+,+,-,-,-,-,,,,-,+,-,+,,,-,-,+,+,-,,-,-,,,,,
277,UFT.2014(L)7397,ANA.TAQ.001.032,Fruto de Buriti,Palmas,TO,,w,+,-,-,+,-,,-,-,-,-,-,+,-,-,-,-,,w,-,-,-,-,-,-,-,w,+,+,+,-,-,-,-,,,,-,-,-,-,,,-,-,+,+,-,,-,-,,,,,
278,UFT.2014(L)7398,ANA.TAQ.001.032,Fruto de Buriti,Palmas,TO,,+,+,+,+,+,+,+,w,-,+,,-,+,+,+,-,-,-,+,-,+,w,,+,w,+,+,-,+,+,+,w,-,-,-,-,-,+,,+,+,,,-,-,+,+,-,,+,+,,,,,
279,UFT.2014(L)7805,ANA.TAQ.001.033,Fruto de Buriti,Palmas,TO,,+,+,+,,+,+,-,+,+,+,,-,+,+,-,-,-,-,+,w,+,-,,+,-,+,+,+,+,+,+,-,-,-,-,-,-,-,+,+,+,,,+,-,+,+,+,,+,+,,,,,
280,UFT.2014(L)7806,ANA.TAQ.001.033,Fruto de Buriti,Palmas,TO,,+,+,+,+,+,+,-,-,-,+,-,-,+,+,+,-,-,-,+,-,+,+,+,+,+,-,-,-,+,-,-,-,-,+,-,-,-,-,+,+,+,,,-,-,+,+,-,-,+,+,+,+,+,+,+
281,UFT.2014(L)6595,ANA.CAN.001.031,Fruto de Buriti,Pium,TO,,+,-,+,+,+,+,-,-,+,+,-,-,+,,,,,,,,,,,,,,,,,,,,,,,,,,,,,,,-,-,,,,,,,,,,,
282,UFT.2014(L)6700,ANA.CAN.001.031,Fruto de Buriti,Pium,TO,,+,+,w,,+,+,-,-,-,+,,-,+,-,-,-,-,-,+,-,+,-,,+,-,+,+,+,+,w,+,+,-,-,-,-,-,-,+,-,+,,,-,-,+,+,+,,+,-,,,,,
283,UFT.2014(L)6702,ANA.CAN.001.031,Fruto de Buriti,Pium,TO,,+,+,+,+,+,+,-,+,+,+,-,-,+,+,w,w,-,,+,-,+,+,+,+,+,+,w,-,+,+,-,-,+,+,w,+,-,w,+,+,+,,,-,-,+,+,-,-,-,-,-,-,+,+,-
284,UFT.2014(L)6746,ANA.CAN.001.032,Fruto de Buriti,Pium,TO,,+,+,+,+,+,+,-,,+,+,-,+,+,w,-,-,-,,+,-,+,w,+,+,+,+,+,w,+,+,-,-,+,+,-,+,-,w,+,-,+,,,-,-,+,+,-,-,-,-,-,-,-,-,-
285,UFT.2014(L)6768,ANA.CAN.001.032,Fruto de Buriti,Pium,TO,,+,+,+,+,+,+,-,+,+,+,-,-,+,,,,,,,,,,,,,,,,,,,,,,,,,,,,,,,-,-,,,,,,,,,,,
286,UFT.2014(L)6790,ANA.CAN.001.032,Fruto de Buriti,Pium,TO,,+,+,+,+,+,+,-,+,+,+,-,-,+,+,+,+,-,+,+,-,+,+,+,+,+,+,+,-,+,+,-,-,+,+,-,w,-,+,+,+,+,,,-,-,+,+,-,-,+,+,-,+,-,+,+
287,UFT.2014(L)6792,ANA.CAN.001.032,Fruto de Buriti,Pium,TO,,+,+,+,+,+,+,-,w,+,+,-,-,+,+,+,+,-,+,+,-,+,w,+,+,+,+,+,-,+,+,-,-,+,+,-,w,-,+,+,+,+,,,-,-,+,+,-,-,+,+,-,+,+,-,-
288,UFT.2014(L)6870,ANA.CAN.001.033,Fruto de Buriti,Pium,TO,,+,+,+,,+,+,-,+,-,+,,-,+,+,w,-,+,-,+,w,+,w,,+,-,+,+,-,+,w,+,-,-,-,-,-,-,-,+,+,+,,,-,-,+,+,+,,+,+,,,,,
289,UFT.2014(L)7098,ANA.TAG.001.017,Fruto de Buriti,Taguatinga,TO,,+,+,+,+,+,+,-,-,+,+,-,-,+,+,+,+,-,+,+,-,+,w,+,+,+,+,+,-,+,+,-,-,+,+,-,w,-,+,+,+,+,,,-,-,+,+,-,-,+,+,-,+,+,+,-
290,UFT.2014(L)7153,ANA.TAG.001.017,Fruto de Buriti,Taguatinga,TO,,-,-,+,+,+,+,-,-,-,+,-,-,+,+,-,-,+,-,+,-,-,+,+,+,+,+,+,+,+,+,+,-,-,+,-,-,-,+,-,-,+,,,-,-,+,+,-,-,-,-,+,+,+,-,-
291,UFT.2014(L)7158,ANA.TAG.001.017,Fruto de Buriti,Taguatinga,TO,,+,+,+,+,+,+,-,w,+,+,-,-,+,+,w,w,w,,+,-,+,+,+,+,+,+,+,+,+,+,-,-,+,+,-,+,-,+,+,+,+,,,,,,,,,,,,,,,
292,UFT.2014(L)7268,ANA.TAG.001.017,Fruto de Buriti,Taguatinga,TO,,+,+,+,+,+,+,-,+,+,+,-,-,+,,,,,,,,,,,,,,,,,,,,,,,,,,,,,,,-,-,,,,,,,,,,,
293,UFT.2014(L)7729,ANA.TAQ.001.034,Fruto de Buriti,Palmas,TO,,+,+,+,+,+,+,-,-,+,+,-,-,+,,,,,,,,,,,,,,,,,,,,,,,,,,,,,,,-,-,,,,,,,,,,,
294,UFT.2014(L)7730,ANA.TAQ.001.034,Fruto de Buriti,Palmas,TO,,+,+,+,+,+,+,-,,+,+,-,w,+,+,w,w,-,,+,-,+,+,+,+,+,+,w,+,+,+,-,-,+,+,-,+,-,+,+,+,+,,,-,-,+,+,-,-,-,-,-,-,+,+,-
295,UFT.2014(L)7973,ANA.TAQ.001.035,Fruto de Buriti,Palmas,TO,,+,+,+,+,+,+,-,,+,+,-,w,+,+,w,w,-,,+,-,+,w,+,+,+,+,w,w,+,+,-,-,w,+,-,+,-,+,+,+,+,,,-,-,+,+,-,-,-,-,-,-,+,+,-
296,UFT.2014(L)7974,ANA.TAQ.001.035,Fruto de Buriti,Palmas,TO,,-,-,-,-,-,-,-,-,-,-,-,-,+,-,-,+,-,,-,+,+,-,+,+,-,-,-,+,+,-,-,-,-,-,,,,-,+,+,-,,,+,+,+,+,-,,-,+,,,,,
297,UFT.2014(L)6591,ANA.CAN.001.034,Fruto de Buriti,Pium,TO,,+,+,+,+,+,+,-,+,+,+,-,-,+,+,w,w,-,,+,-,+,+,+,+,+,+,+,w,+,+,-,-,+,+,-,+,-,w,+,+,+,,,-,-,+,+,-,-,-,-,-,+,+,+,-
298,UFT.2014(L)6720,ANA.CAN.001.034,Fruto de Buriti,Pium,TO,,+,+,+,+,+,+,-,+,+,+,-,-,+,+,w,w,-,,+,-,+,+,+,+,+,+,+,-,+,+,-,-,+,+,-,+,-,w,+,+,+,,,-,-,+,+,-,-,-,-,-,-,+,+,-
299,UFT.2014(L)6745,ANA.CAN.001.035,Fruto de Buriti,Pium,TO,,+,+,+,+,+,+,-,-,+,+,-,-,+,+,+,+,-,+,+,-,+,w,+,+,+,+,+,-,+,+,-,-,+,+,-,w,-,+,+,+,+,,,-,-,+,+,-,-,+,+,-,+,+,+,-
300,UFT.2014(L)6753,ANA.CAN.001.035,Fruto de Buriti,Pium,TO,,+,+,+,+,+,+,-,w,-,+,,-,+,+,+,-,-,-,+,-,+,+,,+,w,+,+,+,+,+,+,w,-,-,-,-,-,,,+,+,,,-,-,+,+,-,,+,+,,,,,
301,UFT.2014(L)7019,ANA.CAN.001.036,Fruto de Buriti,Pium,TO,,-,-,-,+,-,-,-,-,-,-,-,-,-,,,,,,,,,,,,,,,,,,,,,,,,,,,,,,,-,-,,,,,,,,,,,
302,UFT.2014(L)7249,ANA.TAG.001.018,Fruto de Buriti,Taguatinga,TO,,+,+,+,+,+,+,-,+,+,+,-,-,+,,,,,,,,,,,,,,,,,,,,,,,,,,,,,,,-,-,,,,,,,,,,,
303,UFT.2014(L)7258,ANA.TAG.001.018,Fruto de Buriti,Taguatinga,TO,,w,+,+,+,+,+,+,-,-,+,-,-,w,+,+,+,+,,+,+,+,+,+,w,-,w,+,-,+,-,+,-,-,-,,,,+,-,-,+,,,+,+,+,+,-,,-,-,,,,,
304,UFT.2014(L)7733,ANA.TAQ.001.036,Fruto de Buriti,Palmas,TO,,+,+,+,+,+,+,-,-,-,+,-,-,+,w,-,-,-,,+,-,+,w,+,+,+,+,+,w,+,+,-,-,-,+,-,-,-,w,+,-,+,,,-,-,+,+,-,-,-,-,-,-,+,-,-
305,UFT.2014(L)7734,ANA.TAQ.001.036,Fruto de Buriti,Palmas,TO,,+,-,-,-,-,-,-,-,-,-,-,-,-,-,-,-,-,,w,-,-,-,-,-,-,-,-,+,+,+,-,-,-,-,-,+,-,-,-,-,+,,,-,-,+,+,-,-,-,-,-,-,-,+,+
306,UFT.2014(L)7872,ANA.TAQ.001.037,Fruto de Buriti,Palmas,TO,,w,-,w,+,-,-,+,-,-,-,-,-,+,+,-,+,-,,-,+,w,-,-,-,-,-,-,-,-,-,w,-,-,-,,,,-,w,-,+,,,-,-,+,+,-,,+,-,,,,,
307,UFT.2014(L)7873,ANA.TAQ.001.037,Fruto de Buriti,Palmas,TO,,+,+,+,,+,+,-,+,w,+,,w,+,+,w,-,-,-,+,-,+,w,,+,-,+,w,-,+,+,-,-,-,-,-,-,-,-,+,+,+,,,+,-,+,+,+,,+,+,,,,,
308,UFT.2014(L)7876,ANA.TAQ.001.037,Fruto de Buriti,Palmas,TO,,-,+,-,-,-,-,-,-,-,-,,-,+,-,-,-,-,-,+,-,-,-,,-,-,-,w,+,+,+,+,-,-,-,-,-,-,-,,-,-,,,-,-,+,+,-,,-,-,,,,,
309,UFT.2014(L)7877,ANA.TAQ.001.037,Fruto de Buriti,Palmas,TO,,+,+,+,,+,+,-,-,-,+,,-,+,-,-,-,-,-,+,w,+,-,,+,-,+,+,+,+,+,+,-,-,-,-,-,-,-,+,-,+,,,+,-,+,+,+,,-,-,,,,,
310,UFT.2014(L)7878,ANA.TAQ.001.037,Fruto de Buriti,Palmas,TO,,+,+,+,+,+,+,-,+,+,+,-,-,+,,,,,,,,,,,,,,,,,,,,,,,,,,,,,,,-,-,,,,,,,,,,,
311,UFT.2014(L)7977,ANA.TAQ.001.038,Fruto de Buriti,Palmas,TO,,+,+,+,,+,+,-,-,w,+,,-,+,-,-,+,-,-,+,-,+,-,,+,-,+,+,-,+,+,-,+,-,-,-,-,-,-,+,+,+,,,+,+,+,+,+,,-,-,,,,,
312,UFT.2014(L)7910,ANA.CAN.001.037,Fruto de Buriti,Pium,TO,,+,+,-,+,-,-,-,-,-,-,-,-,-,w,-,+,-,,w,-,-,w,-,-,-,-,-,+,+,-,-,-,-,-,-,+,-,-,+,-,+,,,-,-,+,+,-,-,-,-,+,-,-,-,-
313,UFT.2014(L)6732,ANA.CAN.001.037,Fruto de Buriti,Pium,TO,,+,+,+,+,+,+,-,w,-,+,,-,+,+,+,-,-,-,+,-,+,w,,+,w,+,+,-,+,+,+,w,w,-,-,-,-,-,,+,+,,,-,-,+,+,-,,+,+,,,,,
314,UFT.2014(L)6754,ANA.CAN.001.037,Fruto de Buriti,Pium,TO,,+,+,+,+,+,+,-,w,+,+,w,w,+,+,-,+,+,,+,+,+,+,+,+,+,+,+,+,+,+,-,-,+,+,+,+,-,w,+,-,+,,,-,-,+,+,-,-,-,-,-,-,+,-,-
315,UFT.2014(L)6761,ANA.CAN.001.037,Fruto de Buriti,Pium,TO,,-,-,-,,-,-,-,-,-,-,,-,+,+,-,-,-,-,+,-,+,-,,+,-,-,+,+,+,-,+,+,-,-,-,-,-,-,w,+,+,,,-,-,+,+,+,,+,+,,,,,
316,UFT.2014(L)6784,ANA.CAN.001.037,Fruto de Buriti,Pium,TO,,+,+,+,+,-,-,,-,-,+,-,-,+,+,w,-,-,,+,-,+,w,+,+,-,+,+,-,+,+,-,-,-,-,,,,-,+,+,+,,,-,-,+,+,-,,+,+,,,,,
317,UFT.2014(L)6872,ANA.CAN.001.038,Fruto de Buriti,Pium,TO,,+,+,+,+,+,+,-,+,+,+,-,w,+,+,w,+,w,,+,-,+,+,+,+,+,+,-,w,+,+,-,-,w,+,w,+,-,+,+,+,+,,,-,-,+,+,-,-,-,-,-,-,+,+,-
318,UFT.2014(L)7159,ANA.TAG.001.019,Fruto de Buriti,Taguatinga,TO,,w,+,+,+,+,+,-,-,-,+,,-,+,-,-,-,-,-,+,-,+,-,,+,w,+,+,-,+,+,+,w,-,-,-,-,-,+,,-,+,,,-,-,+,+,-,,-,-,,,,,
319,UFT.2014(L)7248,ANA.TAG.001.019,Fruto de Buriti,Taguatinga,TO,,+,+,+,+,+,-,+,-,-,+,-,-,+,+,w,-,-,,+,-,+,-,+,+,w,+,+,-,+,+,-,-,-,-,,,,w,+,-,+,,,-,-,+,+,-,,-,-,,,,,
320,UFT.2014(L)7272,ANA.TAG.001.019,Fruto de Buriti,Taguatinga,TO,,+,+,+,+,+,+,-,,+,+,-,w,+,+,w,-,w,,+,-,+,w,+,+,+,+,w,w,+,+,-,-,+,+,-,+,-,+,+,+,+,,,-,-,+,+,-,-,-,-,-,-,+,+,-
321,UFT.2014(L)7359,ANA.TAG.001.019,Fruto de Buriti,Taguatinga,TO,,+,+,+,+,+,+,-,-,-,+,-,-,+,-,-,-,-,,+,-,+,-,+,+,-,+,+,-,+,+,-,-,-,-,,,,w,+,-,+,,,-,-,+,+,-,-,-,-,+,+,-,-,-
322,UFT.2014(L)7735,ANA.TAQ.001.039,Fruto de Buriti,Palmas,TO,,-,-,-,-,-,-,-,-,-,-,,-,-,-,-,-,-,-,-,-,-,-,,-,-,-,w,+,+,+,+,-,-,-,-,-,-,,,-,-,,,-,-,+,+,-,,-,-,,,,,
323,UFT.2014(L)7737,ANA.TAQ.001.039,Fruto de Buriti,Palmas,TO,,+,+,+,+,+,+,-,-,w,+,-,-,+,+,-,+,-,+,+,-,+,-,+,+,+,+,+,-,+,+,-,-,w,+,-,-,-,+,+,+,+,,,-,-,+,+,-,-,+,-,-,+,-,-,-
324,UFT.2014(L)7738,ANA.TAQ.001.039,Fruto de Buriti,Palmas,TO,,+,+,+,+,+,+,-,-,-,+,w,-,+,w,-,-,-,,+,-,+,w,+,+,+,+,+,w,+,+,-,-,w,+,-,-,-,+,+,-,+,,,-,-,+,+,-,-,-,-,-,-,+,-,-
325,UFT.2014(L)7980,ANA.TAQ.001.040,Fruto de Buriti,Palmas,TO,,+,-,-,+,-,w,-,-,w,-,-,-,+,+,-,w,-,,+,-,-,w,-,-,-,-,+,+,+,+,-,-,+,-,-,+,-,-,+,-,+,,,-,-,+,+,-,-,-,-,-,+,+,-,-
326,UFT.2014(L)8027,ANA.TAQ.001.041,Fruto de Buriti,Palmas,TO,,-,-,-,+,-,-,-,-,-,-,-,-,-,,,,,,,,,,,,,,,,,,,,,,,,,,,,,,,-,-,,,,,,,,,,,
327,UFT.2014(L)7880,ANA.TAQ.001.042,Fruto de Buriti,Palmas,TO,,-,+,-,,-,-,-,-,-,-,,-,w,-,-,-,+,-,w,-,-,-,,-,-,+,-,-,+,w,-,-,-,-,-,-,-,-,w,-,+,,,-,-,+,+,+,,-,-,,,,,
328,UFT.2014(L)7881,ANA.TAQ.001.042,Fruto de Buriti,Palmas,TO,,+,+,+,,+,+,w,-,w,+,,-,+,+,+,+,-,-,+,w,+,+,,+,-,-,+,-,+,+,+,-,-,-,-,-,-,+,w,-,+,,,+,+,+,+,+,,+,-,,,,,
329,UFT.2014(L)7882,ANA.TAQ.001.042,Fruto de Buriti,Palmas,TO,,+,+,+,+,+,+,-,+,+,+,-,-,+,+,w,w,-,,+,-,+,+,+,+,+,+,+,w,+,+,-,-,+,+,-,+,-,w,+,+,+,,,-,-,+,+,-,-,-,-,-,+,-,+,-
330,UFT.2014(L)6578,ANA.CAN.001.039,Fruto de Buriti,Pium,TO,,+,+,+,+,+,-,+,-,-,+,-,-,+,+,w,-,+,,w,-,+,-,+,-,-,+,+,-,+,+,-,-,-,-,,,,-,+,-,+,,,-,-,+,+,-,,-,-,,,,,
331,UFT.2014(L)6581,ANA.CAN.001.039,Fruto de Buriti,Pium,TO,,+,+,+,+,+,+,-,-,+,+,,-,+,+,+,-,-,-,+,-,+,-,,+,w,+,+,-,+,+,+,w,-,-,-,-,-,+,,-,+,,,-,-,+,+,-,,-,-,,,,,
332,UFT.2014(L)6706,ANA.CAN.001.039,Fruto de Buriti,Pium,TO,,+,-,-,-,-,-,-,-,-,-,-,-,-,-,-,-,-,,w,-,-,-,-,-,-,-,-,+,+,+,-,-,-,-,-,+,-,-,-,-,+,,,-,-,+,+,-,-,-,-,-,-,-,+,+
333,UFT.2014(L)7784,ANA.CAN.001.039,Fruto de Buriti,Pium,TO,,+,+,+,+,+,+,-,-,+,+,-,-,+,,,,,,,,,,,,,,,,,,,,,,,,,,,,,,,-,-,,,,,,,,,,,
334,UFT.2014(L)6742,ANA.CAN.001.040,Fruto de Buriti,Pium,TO,,+,+,+,+,+,+,-,-,+,+,-,-,+,+,+,+,-,+,+,-,+,+,+,+,+,+,+,-,+,+,-,-,+,+,-,w,-,+,+,+,+,,,-,-,+,+,-,-,+,+,-,+,+,+,-
335,UFT.2014(L)6837,ANA.CAN.001.040,Fruto de Buriti,Pium,TO,,+,+,+,+,+,+,-,,,+,-,w,+,w,-,-,-,,+,-,+,-,+,+,+,+,+,w,+,+,-,-,-,+,-,w,-,w,+,-,+,,,-,-,+,+,-,-,-,-,-,-,+,-,-
336,UFT.2014(L)6849,ANA.CAN.001.040,Fruto de Buriti,Pium,TO,,+,+,+,+,+,+,+,+,+,+,-,+,+,+,+,+,+,,+,+,+,+,+,+,+,+,+,-,+,-,+,+,w,+,+,-,-,+,+,-,+,,,+,+,+,+,-,+,-,-,-,+,-,-,-
337,UFT.2014(L)7236,ANA.TAG.001.020,Fruto de Buriti,Taguatinga,TO,,+,+,+,+,+,+,-,w,+,+,-,-,+,+,w,+,-,,+,-,+,+,+,+,+,+,w,w,+,+,-,-,-,+,-,+,-,w,+,+,+,,,-,-,+,+,-,-,-,-,-,-,+,+,-
338,UFT.2014(L)7384,ANA.TAG.001.020,Fruto de Buriti,Taguatinga,TO,,+,+,+,+,+,+,-,-,-,+,w,-,+,,,,,,,,,,,,,,,,,,,,,,,,,,,,,,,-,-,,,,,,,,,,,
339,UFT.2014(L)7739,ANA.TAQ.001.043,Fruto de Buriti,Palmas,TO,,+,+,+,+,+,+,-,w,+,+,,-,+,+,+,w,-,-,+,-,+,+,,+,+,+,+,-,+,+,+,w,+,-,-,-,-,,,+,+,,,-,-,+,+,-,,+,-,,,,,
340,UFT.2014(L)7883,ANA.TAQ.001.044,Fruto de Buriti,Palmas,TO,,-,-,-,+,-,-,-,-,+,-,,-,-,-,w,-,-,-,+,-,-,-,,-,-,-,+,+,+,+,+,-,-,-,-,-,-,,,-,-,,,-,-,+,+,-,,-,-,,,,,
341,UFT.2014(L)7887,ANA.TAQ.001.044,Fruto de Buriti,Palmas,TO,,+,+,+,+,+,+,-,+,+,+,-,-,+,,,,,,,,,,,,,,,,,,,,,,,,,,,,,,,-,-,,,,,,,,,,,
342,UFT.2014(L)7888,ANA.TAQ.001.044,Fruto de Buriti,Palmas,TO,,+,+,+,+,+,+,-,w,+,+,-,-,+,,,,,,,,,,,,,,,,,,,,,,,,,,,,,,,-,-,,,,,,,,,,,
343,UFT.2014(L)7889,ANA.TAQ.001.044,Fruto de Buriti,Palmas,TO,,+,+,+,+,+,+,-,+,+,+,-,-,+,,,,,,,,,,,,,,,,,,,,,,,,,,,,,,,-,-,,,,,,,,,,,
344,UFT.2014(L)7982,ANA.TAQ.001.045,Fruto de Buriti,Palmas,TO,,+,w,+,+,+,+,-,+,+,+,,-,+,+,w,w,-,-,w,-,+,+,,+,+,+,+,-,+,+,+,w,-,-,-,-,-,,,+,+,,,-,-,+,+,-,,+,+,,,,,
345,UFT.2014(L)7983,ANA.TAQ.001.045,Fruto de Buriti,Palmas,TO,,+,+,+,+,+,+,-,+,+,+,-,-,+,,,,,,,,,,,,,,,,,,,,,,,,,,,,,,,-,-,,,,,,,,,,,
346,UFT.2014(L)7984,ANA.TAQ.001.045,Fruto de Buriti,Palmas,TO,,w,+,+,+,+,+,-,-,+,+,,-,+,+,+,+,+,-,+,+,+,+,,+,-,+,+,-,+,-,+,-,-,-,-,-,-,-,,-,+,,,-,-,+,+,-,,-,-,,,,,
347,UFT.2014(L)6571,ANA.CAN.001.041,Fruto de Buriti,Pium,TO,,-,-,-,-,-,-,-,-,-,-,,-,-,-,-,-,-,-,-,-,-,-,,-,-,-,-,-,-,-,-,-,-,-,-,-,-,,,-,-,,,-,-,-,-,-,,-,-,,,,,
348,UFT.2014(L)6610,ANA.CAN.001.042,Fruto de Buriti,Pium,TO,,+,-,+,,+,+,-,-,-,+,,-,+,-,-,-,-,-,-,-,+,-,,+,-,+,+,-,+,w,+,-,-,-,-,-,-,-,+,-,+,,,-,-,+,+,+,,-,-,,,,,
349,UFT.2014(L)6846,ANA.CAN.001.042,Fruto de Buriti,Pium,TO,,+,-,+,,+,-,-,-,-,+,,+,+,-,-,-,+,-,-,-,+,-,,+,-,+,-,-,+,+,-,-,-,-,-,-,-,-,+,-,+,,,-,-,+,+,+,,-,-,,,,,
350,UFT.2014(L)6986,ANA.CAN.001.043,Fruto de Buriti,Pium,TO,,+,w,+,,+,+,-,-,+,+,,+,+,+,-,-,-,-,w,-,+,w,,+,-,+,w,-,+,+,-,-,-,-,-,-,-,-,+,+,+,,,-,-,+,+,+,,+,+,,,,,
351,UFT.2014(L)7154,ANA.TAG.001.021,Fruto de Buriti,Taguatinga,TO,,+,+,+,+,+,-,-,-,-,+,-,-,+,+,w,-,-,,+,-,+,-,+,+,-,+,-,-,+,+,-,-,-,-,,,,w,+,+,+,,,-,-,+,+,-,,+,+,,,,,
352,UFT.2014(L)7157,ANA.TAG.001.021,Fruto de Buriti,Taguatinga,TO,,w,-,w,-,-,-,+,-,-,-,-,-,-,-,-,-,-,,+,-,-,-,-,-,-,+,+,+,+,+,-,-,+,-,,,,-,-,-,+,,,-,-,+,+,-,,-,-,,,,,
353,UFT.2014(L)7240,ANA.TAG.001.021,Fruto de Buriti,Taguatinga,TO,,+,+,+,+,+,+,-,+,+,+,-,-,+,,,,,,,,,,,,,,,,,,,,,,,,,,,,,,,-,-,,,,,,,,,,,
354,UFT.2014(L)7387,ANA.TAG.001.021,Fruto de Buriti,Taguatinga,TO,,+,+,+,+,+,+,-,+,+,+,-,-,+,,,,,,,,,,,,,,,,,,,,,,,,,,,,,,,-,-,,,,,,,,,,,
355,UFT.2014(L)7920,ANA.TAG.001.022,Fruto de Buriti,Taguatinga,TO,,+,+,+,+,+,+,-,w,+,+,-,-,+,,,,,,,,,,,,,,,,,,,,,,,,,,,,,,,-,-,,,,,,,,,,,
356,UFT.2014(L)7954,ANA.TAG.001.022,Fruto de Buriti,Taguatinga,TO,,+,+,+,+,+,+,-,w,-,+,-,-,+,,,,,,,,,,,,,,,,,,,,,,,,,,,,,,,-,-,,,,,,,,,,,
357,UFT.2014(L)7742,ANA.TAQ.001.046,Fruto de Buriti,Palmas,TO,,+,+,+,+,+,+,-,w,+,+,-,-,+,,,,,,,,,,,,,,,,,,,,,,,,,,,,,,,-,-,,,,,,,,,,,
358,UFT.2014(L)7743,ANA.TAQ.001.046,Fruto de Buriti,Palmas,TO,,+,+,+,+,+,+,-,w,+,+,-,-,+,,,,,,,,,,,,,,,,,,,,,,,,,,,,,,,-,-,,,,,,,,,,,
359,UFT.2014(L)7744,ANA.TAQ.001.046,Fruto de Buriti,Palmas,TO,,+,+,+,,+,+,-,-,+,+,,+,+,+,w,-,-,-,+,-,+,-,,+,-,+,w,-,+,+,-,-,-,-,-,-,-,-,+,+,+,,,-,-,+,+,+,,+,+,,,,,
360,UFT.2014(L)7985,ANA.TAQ.001.047,Fruto de Buriti,Palmas,TO,,+,+,+,+,+,+,-,-,-,+,,-,+,+,+,w,-,-,+,-,+,w,,+,w,+,+,-,+,+,+,w,-,-,-,-,-,-,,+,+,,,-,-,+,+,-,,+,+,,,,,
361,UFT.2014(L)7987,ANA.TAQ.001.047,Fruto de Buriti,Palmas,TO,,+,+,+,+,+,+,-,+,+,+,w,-,+,,,,,,,,,,,,,,,,,,,,,,,,,,,,,,,-,-,,,,,,,,,,,
362,UFT.2014(L)6982,ANA.CAN.001.044,Fruto de Buriti,Pium,TO,,+,w,+,+,+,-,,-,-,+,-,-,+,+,w,-,-,,+,-,+,w,+,+,-,+,+,-,+,+,-,-,-,-,,,,-,+,+,+,,,-,-,+,+,-,,+,+,,,,,
363,UFT.2014(L)6588,ANA.CAN.001.045,Fruto de Buriti,Pium,TO,,+,-,+,,+,-,-,-,-,-,,-,+,+,-,+,-,-,+,+,+,-,,+,-,w,+,-,w,-,-,-,-,-,-,-,-,-,+,-,+,,,-,-,+,+,+,,+,+,,,,,
364,UFT.2014(L)7949,ANA.CAN.001.045,Fruto de Buriti,Pium,TO,,+,+,+,+,+,+,-,-,-,+,-,-,+,+,+,+,-,-,+,+,+,+,+,+,+,+,+,+,+,+,-,-,-,+,-,-,-,+,+,+,,,,+,-,+,+,-,-,+,-,+,+,+,+,+
365,UFT.2014(L)6608,ANA.CAN.001.046,Fruto de Buriti,Pium,TO,,-,-,-,-,+,-,-,-,-,-,-,-,-,-,-,-,-,-,-,-,,-,-,-,-,+,+,,-,-,-,-,-,-,-,-,-,-,-,+,+,,,-,-,+,+,-,-,-,-,+,+,+,-,-
366,UFT.2014(L)6609,ANA.CAN.001.046,Fruto de Buriti,Pium,TO,,+,+,+,+,+,-,-,-,-,+,-,-,+,-,-,-,+,-,+,+,+,+,+,+,+,+,+,-,+,-,-,-,-,+,-,+,-,+,+,-,+,,,-,-,+,+,-,-,-,+,+,-,+,-,+
367,UFT.2014(L)6759,ANA.CAN.001.046,Fruto de Buriti,Pium,TO,,+,+,+,+,+,+,-,-,-,+,-,-,+,,,,,,,,,,,,,,,,,,,,,,,,,,,,,,,,,,,,,,,,,,,
368,UFT.2014(L)7160,ANA.TAG.001.023,Fruto de Buriti,Taguatinga,TO,,+,+,+,+,+,+,-,-,-,+,-,-,+,+,+,-,-,-,+,-,+,+,+,+,+,-,-,-,+,-,-,-,-,+,-,+,-,+,+,+,+,,,-,-,+,+,-,-,+,-,+,+,+,+,+
369,UFT.2014(L)7383,ANA.TAG.001.023,Fruto de Buriti,Taguatinga,TO,,+,+,+,+,+,+,-,-,-,+,-,-,+,+,+,+,-,-,+,+,+,+,+,+,+,+,+,+,+,+,-,-,-,+,-,+,-,+,+,+,+,,,-,-,,,,,,,,,,,
370,UFT.2014(L)7947,ANA.TAG.001.024,Fruto de Buriti,Taguatinga,TO,,+,+,+,+,+,+,-,w,-,+,,-,+,+,+,-,-,-,+,-,+,w,,+,w,+,+,-,+,+,+,w,w,-,-,-,-,-,,+,+,,,-,-,+,+,-,,+,+,,,,,
371,UFT.2014(L)7966,ANA.TAG.001.024,Fruto de Buriti,Taguatinga,TO,,+,+,+,,+,-,-,-,w,+,,+,+,+,-,-,-,-,+,-,+,-,,+,-,+,+,-,w,+,-,-,-,-,-,-,-,-,+,-,+,,,-,-,+,+,+,,+,+,,,,,
372,UFT.2014(L)7747,ANA.TAQ.001.048,Fruto de Buriti,Palmas,TO,,+,+,+,+,+,+,+,-,-,+,-,-,+,-,-,-,+,,+,+,+,-,+,+,-,+,+,-,+,+,w,-,-,-,,,,w,+,-,+,,,-,-,+,+,-,,-,-,,,,,
373,UFT.2014(L)7748,ANA.TAQ.001.048,Fruto de Buriti,Palmas,TO,,+,+,+,+,+,+,-,-,-,+,-,-,+,-,-,-,+,-,+,+,+,+,+,+,+,+,+,+,+,+,+,-,-,+,-,+,-,+,+,-,+,,,-,-,+,+,-,-,-,-,+,-,+,+,+
374,UFT.2014(L)7749,ANA.TAQ.001.048,Fruto de Buriti,Palmas,TO,,+,+,+,+,+,-,-,-,-,+,-,-,+,+,w,w,-,,+,-,+,w,+,+,-,w,w,-,+,+,-,-,-,-,,,,-,+,+,+,,,-,-,+,+,-,,+,+,,,,,
375,UFT.2014(L)7750,ANA.TAQ.001.048,Fruto de Buriti,Palmas,TO,,-,-,-,,+,-,-,-,-,-,,-,-,-,-,-,-,-,-,-,-,-,,-,-,+,+,-,-,-,-,-,-,-,-,-,-,-,-,+,-,,,+,-,+,+,+,,-,-,,,,,
376,UFT.2014(L)7890,ANA.TAQ.001.049,Fruto de Buriti,Palmas,TO,,-,-,-,,+,-,-,-,-,-,,-,-,-,-,-,-,-,-,-,-,-,,-,-,w,+,-,-,-,-,-,-,-,-,-,-,-,-,+,-,,,-,-,+,+,+,,-,-,,,,,
377,UFT.2014(L)7891,ANA.TAQ.001.049,Fruto de Buriti,Palmas,TO,,+,+,+,+,+,+,-,-,-,+,-,-,+,+,+,+,-,-,+,-,+,+,+,+,+,+,-,-,+,-,-,-,-,+,-,+,-,+,+,+,+,,,-,-,+,+,-,-,+,-,+,+,+,+,+
378,UFT.2014(L)7892,ANA.TAQ.001.049,Fruto de Buriti,Palmas,TO,,+,+,+,+,+,+,-,-,-,+,-,-,+,+,+,-,-,-,+,+,+,+,+,+,+,+,+,+,+,+,w,-,-,+,-,+,-,+,+,+,,,,-,-,+,+,-,-,+,-,+,+,+,+,+
379,UFT.2014(L)7893,ANA.TAQ.001.049,Fruto de Buriti,Palmas,TO,,+,+,+,+,+,+,-,-,-,+,-,-,+,+,+,+,-,-,+,-,+,+,+,+,+,+,-,-,+,-,-,-,-,+,-,+,-,+,+,+,+,,,-,-,+,+,-,-,+,-,+,+,+,+,+
380,UFT.2014(L)7761,ANA.CAN.001.047,Fruto de Buriti,Pium,TO,,+,+,+,+,+,+,-,+,+,+,-,-,+,,,,,,,,,,,,,,,,,,,,,,,,,,,,,,,-,-,,,,,,,,,,,
381,UFT.2014(L)6615,ANA.CAN.001.048,Fruto de Buriti,Pium,TO,,+,+,+,+,+,+,+,-,+,+,-,+,+,,,,,,,,,,,,,,,,,,,,,,,,,,,,,,,+,+,,,,,,,,,,,
382,UFT.2014(L)6762,ANA.CAN.001.048,Fruto de Buriti,Pium,TO,,+,+,+,+,+,+,-,-,-,+,-,-,+,,,,,,,,,,,,,,,,,,,,,,,,,,,,,,,-,-,,,,,,,,,,,
383,UFT.2014(L)7328,ANA.CAN.001.049,Fruto de Buriti,Pium,TO,,+,+,+,+,+,+,-,-,-,+,-,-,+,,,,,,,,,,,,,,,,,,,,,,,,,,,,,,,-,-,,,,,,,,,,,
384,UFT.2014(L)7333,ANA.CAN.001.049,Fruto de Buriti,Pium,TO,,+,+,+,+,+,+,-,w,+,+,-,-,+,,,,,,,,,,,,,,,,,,,,,,,,,,,,,,,-,-,,,,,,,,,,,
385,UFT.2014(L)7953,ANA.CAN.001.050,Fruto de Buriti,Pium,TO,,+,+,+,+,+,+,-,-,-,+,-,-,+,,,,,,,,,,,,,,,,,,,,,,,,,,,,,,,-,-,,,,,,,,,,,
386,UFT.2014(L)7238,ANA.TAG.001.025,Fruto de Buriti,Taguatinga,TO,,+,+,+,+,+,+,-,+,+,+,w,-,+,,,,,,,,,,,,,,,,,,,,,,,,,,,,,,,-,-,,,,,,,,,,,
387,UFT.2014(L)7251,ANA.TAG.001.025,Fruto de Buriti,Taguatinga,TO,,+,+,+,+,-,+,-,-,-,+,-,-,+,,,,,,,,,,,,,,,,,,,,,,,,,,,,,,,-,-,,,,,,,,,,,
388,UFT.2014(L)7252,ANA.TAG.001.025,Fruto de Buriti,Taguatinga,TO,,+,+,+,+,+,+,-,+,+,+,-,-,+,,,,,,,,,,,,,,,,,,,,,,,,,,,,,,,-,-,,,,,,,,,,,
389,UFT.2014(L)7962,ANA.TAG.001.026,Fruto de Buriti,Taguatinga,TO,,+,+,+,+,+,+,-,-,-,+,-,-,+,,,,,,,,,,,,,,,,,,,,,,,,,,,,,,,-,-,,,,,,,,,,,
390,UFT.2014(L)7751,ANA.TAQ.001.050,Fruto de Buriti,Palmas,TO,,+,+,+,+,+,+,-,w,+,+,-,-,+,,,,,,,,,,,,,,,,,,,,,,,,,,,,,,,-,-,,,,,,,,,,,
391,UFT.2014(L)7752,ANA.TAQ.001.050,Fruto de Buriti,Palmas,TO,,+,+,+,+,+,+,-,+,+,+,w,-,+,,,,,,,,,,,,,,,,,,,,,,,,,,,,,,,-,-,,,,,,,,,,,
392,UFT.2014(L)7894,ANA.TAQ.001.051,Fruto de Buriti,Palmas,TO,,+,+,+,+,+,+,-,+,+,+,w,-,+,,,,,,,,,,,,,,,,,,,,,,,,,,,,,,,-,-,,,,,,,,,,,
393,UFT.2014(L)7896,ANA.TAQ.001.051,Fruto de Buriti,Palmas,TO,,+,+,+,+,+,+,-,-,-,+,-,-,+,,,,,,,,,,,,,,,,,,,,,,,,,,,,,,,-,-,,,,,,,,,,,
394,UFT.2014(L)7897,ANA.TAQ.001.051,Fruto de Buriti,Palmas,TO,,+,+,+,+,+,+,-,+,+,+,-,-,+,,,,,,,,,,,,,,,,,,,,,,,,,,,,,,,-,-,,,,,,,,,,,
395,UFT.2014(L)7991,ANA.TAQ.001.052,Fruto de Buriti,Palmas,TO,,+,+,+,+,+,+,-,+,+,+,-,-,+,,,,,,,,,,,,,,,,,,,,,,,,,,,,,,,-,-,,,,,,,,,,,
396,UFT.2014(L)7332,ANA.CAN.001.051,Fruto de Buriti,Pium,TO,,+,+,+,+,-,+,-,-,-,+,-,-,+,,,,,,,,,,,,,,,,,,,,,,,,,,,,,,,-,-,,,,,,,,,,,
397,UFT.2014(L)6740,ANA.CAN.001.052,Fruto de Buriti,Pium,TO,,+,+,+,+,+,+,-,-,-,+,-,-,+,,,,,,,,,,,,,,,,,,,,,,,,,,,,,,,-,-,,,,,,,,,,,
398,UFT.2014(L)6614,ANA.CAN.001.053,Fruto de Buriti,Pium,TO,,+,+,+,+,+,+,-,+,+,+,-,-,+,,,,,,,,,,,,,,,,,,,,,,,,,,,,,,,-,-,,,,,,,,,,,
399,UFT.2014(L)6750,ANA.CAN.001.053,Fruto de Buriti,Pium,TO,,+,+,+,+,+,+,-,-,-,+,w,-,+,,,,,,,,,,,,,,,,,,,,,,,,,,,,,,,-,-,,,,,,,,,,,
400,UFT.2014(L)7917,ANA.TAG.001.027,Fruto de Buriti,Taguatinga,TO,,+,+,+,+,+,+,-,+,+,+,w,-,+,,,,,,,,,,,,,,,,,,,,,,,,,,,,,,,-,-,,,,,,,,,,,
401,UFT.2014(L)7919,ANA.TAG.001.027,Fruto de Buriti,Taguatinga,TO,,+,+,+,+,+,+,-,+,+,+,-,-,+,,,,,,,,,,,,,,,,,,,,,,,,,,,,,,,-,-,,,,,,,,,,,
402,UFT.2014(L)7950,ANA.TAG.001.027,Fruto de Buriti,Taguatinga,TO,,+,+,+,+,+,+,-,+,+,+,-,-,+,,,,,,,,,,,,,,,,,,,,,,,,,,,,,,,-,-,,,,,,,,,,,
403,UFT.2014(L)7964,ANA.TAG.001.028,Fruto de Buriti,Taguatinga,TO,,+,+,+,+,+,+,-,+,+,+,-,-,+,,,,,,,,,,,,,,,,,,,,,,,,,,,,,,,-,-,,,,,,,,,,,
404,UFT.2014(L)7992,ANA.TAQ.001.053,Fruto de Buriti,Palmas,TO,,+,+,+,+,+,+,-,-,-,+,-,-,+,,,,,,,,,,,,,,,,,,,,,,,,,,,,,,,-,-,,,,,,,,,,,
405,UFT.2014(L)7993,ANA.TAQ.001.053,Fruto de Buriti,Palmas,TO,,+,+,+,+,+,+,-,+,+,+,w,-,+,,,,,,,,,,,,,,,,,,,,,,,,,,,,,,,-,-,,,,,,,,,,,
406,UFT.2014(L)7995,ANA.TAQ.001.053,Fruto de Buriti,Palmas,TO,,+,+,+,+,+,+,-,+,+,+,w,-,+,,,,,,,,,,,,,,,,,,,,,,,,,,,,,,,-,-,,,,,,,,,,,
407,UFT.2014(L)6564,ANA.CAN.001.054,Fruto de Buriti,Pium,TO,,+,+,+,+,+,+,-,+,+,+,w,-,+,,,,,,,,,,,,,,,,,,,,,,,,,,,,,,,-,-,,,,,,,,,,,
408,UFT.2014(L)6598,ANA.CAN.001.054,Fruto de Buriti,Pium,TO,,+,+,+,+,+,+,-,+,+,+,-,-,+,,,,,,,,,,,,,,,,,,,,,,,,,,,,,,,-,-,,,,,,,,,,,
409,UFT.2014(L)7838,ANA.CAN.001.054,Fruto de Buriti,Pium,TO,,+,+,+,+,+,+,-,+,+,+,-,-,+,,,,,,,,,,,,,,,,,,,,,,,,,,,,,,,-,-,,,,,,,,,,,
410,UFT.2014(L)6747,ANA.CAN.001.055,Fruto de Buriti,Pium,TO,,+,+,+,+,+,+,-,+,+,+,-,-,+,,,,,,,,,,,,,,,,,,,,,,,,,,,,,,,-,-,,,,,,,,,,,
411,UFT.2014(L)7054,ANA.TAG.001.029,Fruto de Buriti,Taguatinga,TO,,+,+,+,+,+,+,-,-,+,+,-,-,+,,,,,,,,,,,,,,,,,,,,,,,,,,,,,,,-,-,,,,,,,,,,,
412,UFT.2014(L)7756,ANA.TAQ.001.054,Fruto de Buriti,Palmas,TO,,+,+,+,+,+,+,-,+,+,+,-,-,+,,,,,,,,,,,,,,,,,,,,,,,,,,,,,,,-,-,,,,,,,,,,,
413,UFT.2014(L)7760,ANA.TAQ.001.054,Fruto de Buriti,Palmas,TO,,+,+,+,+,+,+,-,+,+,+,-,-,+,,,,,,,,,,,,,,,,,,,,,,,,,,,,,,,-,-,,,,,,,,,,,
414,UFT.2014(L)7770,ANA.TAQ.001.054,Fruto de Buriti,Palmas,TO,,+,+,-,+,+,+,-,-,-,-,-,-,+,,,,,,,,,,,,,,,,,,,,,,,,,,,,,,,-,-,,,,,,,,,,,
415,UFT.2014(L)7898,ANA.TAQ.001.055,Fruto de Buriti,Palmas,TO,,+,+,+,+,+,+,-,+,+,+,-,-,+,,,,,,,,,,,,,,,,,,,,,,,,,,,,,,,-,-,,,,,,,,,,,
416,UFT.2014(L)7899,ANA.TAQ.001.055,Fruto de Buriti,Palmas,TO,,+,+,+,+,+,+,-,-,+,+,+,-,+,,,,,,,,,,,,,,,,,,,,,,,,,,,,,,,-,-,,,,,,,,,,,
417,UFT.2014(L)7900,ANA.TAQ.001.055,Fruto de Buriti,Palmas,TO,,+,+,+,+,+,+,-,+,+,+,-,-,+,,,,,,,,,,,,,,,,,,,,,,,,,,,,,,,-,-,,,,,,,,,,,
418,UFT.2014(L)7901,ANA.TAQ.001.055,Fruto de Buriti,Palmas,TO,,+,+,+,+,+,+,-,+,+,+,-,-,+,,,,,,,,,,,,,,,,,,,,,,,,,,,,,,,-,-,,,,,,,,,,,
419,UFT.2014(L)7996,ANA.TAQ.001.056,Fruto de Buriti,Palmas,TO,,+,+,+,+,+,+,-,-,-,+,-,-,+,,,,,,,,,,,,,,,,,,,,,,,,,,,,,,,-,-,,,,,,,,,,,
420,UFT.2014(L)6586,ANA.CAN.001.056,Fruto de Buriti,Pium,TO,,+,+,+,+,+,+,-,-,+,+,-,-,+,,,,,,,,,,,,,,,,,,,,,,,,,,,,,,,-,-,,,,,,,,,,,
421,UFT.2014(L)7843,ANA.CAN.001.056,Fruto de Buriti,Pium,TO,,+,-,+,+,+,+,-,-,+,+,+,-,+,,,,,,,,,,,,,,,,,,,,,,,,,,,,,,,-,-,,,,,,,,,,,
422,UFT.2014(L)6760,ANA.CAN.001.057,Fruto de Buriti,Pium,TO,,+,+,+,+,+,+,-,+,+,+,-,-,+,,,,,,,,,,,,,,,,,,,,,,,,,,,,,,,-,-,,,,,,,,,,,
423,UFT.2014(L)7179,ANA.CAN.001.058,Fruto de Buriti,Pium,TO,,+,+,+,+,+,+,-,-,+,+,w,-,+,,,,,,,,,,,,,,,,,,,,,,,,,,,,,,,-,-,,,,,,,,,,,
424,UFT.2014(L)7299,ANA.CAN.001.058,Fruto de Buriti,Pium,TO,,+,+,+,+,+,+,-,+,+,+,-,-,+,,,,,,,,,,,,,,,,,,,,,,,,,,,,,,,-,-,,,,,,,,,,,
425,UFT.2014(L)7301,ANA.CAN.001.058,Fruto de Buriti,Pium,TO,,+,+,+,+,+,+,+,-,+,+,-,+,+,,,,,,,,,,,,,,,,,,,,,,,,,,,,,,,+,+,,,,,,,,,,,
426,UFT.2014(L)7194,ANA.TAG.001.030,Fruto de Buriti,Taguatinga,TO,,+,+,+,+,+,+,-,+,+,+,-,-,+,,,,,,,,,,,,,,,,,,,,,,,,,,,,,,,-,-,,,,,,,,,,,
427,UFT.2014(L)7200,ANA.TAG.001.030,Fruto de Buriti,Taguatinga,TO,,+,+,+,+,+,+,-,+,+,+,-,-,+,,,,,,,,,,,,,,,,,,,,,,,,,,,,,,,-,-,,,,,,,,,,,
428,UFT.2014(L)7771,ANA.TAQ.001.057,Fruto de Buriti,Palmas,TO,,-,-,-,-,+,-,-,-,-,-,-,-,-,,,,,,,,,,,,,,,,,,,,,,,,,,,,,,,-,-,,,,,,,,,,,
429,UFT.2014(L)7772,ANA.TAQ.001.057,Fruto de Buriti,Palmas,TO,,+,+,+,+,+,+,-,+,+,+,-,-,+,,,,,,,,,,,,,,,,,,,,,,,,,,,,,,,-,-,,,,,,,,,,,
430,UFT.2014(L)7773,ANA.TAQ.001.057,Fruto de Buriti,Palmas,TO,,-,-,-,-,-,-,-,-,-,-,-,-,-,,,,,,,,,,,,,,,,,,,,,,,,,,,,,,,-,-,,,,,,,,,,,
431,UFT.2014(L)7902,ANA.TAQ.001.058,Fruto de Buriti,Palmas,TO,,+,-,+,+,+,+,-,-,+,+,+,-,+,,,,,,,,,,,,,,,,,,,,,,,,,,,,,,,-,-,,,,,,,,,,,
432,UFT.2014(L)7905,ANA.TAQ.001.058,Fruto de Buriti,Palmas,TO,,+,+,+,+,+,+,-,+,+,+,-,-,+,,,,,,,,,,,,,,,,,,,,,,,,,,,,,,,-,-,,,,,,,,,,,
433,UFT.2014(L)7997,ANA.TAQ.001.059,Fruto de Buriti,Palmas,TO,,+,+,+,+,+,+,-,+,+,+,-,-,+,,,,,,,,,,,,,,,,,,,,,,,,,,,,,,,-,-,,,,,,,,,,,
434,UFT.2014(L)8028,ANA.TAQ.001.060,Fruto de Buriti,Palmas,TO,,-,-,-,-,-,-,-,-,-,-,-,-,-,,,,,,,,,,,,,,,,,,,,,,,,,,,,,,,-,-,,,,,,,,,,,
435,UFT.2014(L)6536,ANA.CAN.001.059,Fruto de Buriti,Pium,TO,,+,+,+,+,+,+,-,-,-,+,-,-,+,,,,,,,,,,,,,,,,,,,,,,,,,,,,,,,-,-,,,,,,,,,,,
436,UFT.2014(L)6822,ANA.CAN.001.059,Fruto de Buriti,Pium,TO,,+,+,+,+,+,+,-,+,+,+,-,-,+,,,,,,,,,,,,,,,,,,,,,,,,,,,,,,,-,-,,,,,,,,,,,
437,UFT.2014(L)6828,ANA.CAN.001.059,Fruto de Buriti,Pium,TO,,+,+,+,+,+,+,-,+,+,+,-,-,+,,,,,,,,,,,,,,,,,,,,,,,,,,,,,,,-,-,,,,,,,,,,,
438,UFT.2014(L)6566,ANA.CAN.001.060,Fruto de Buriti,Pium,TO,,+,+,+,+,+,+,-,+,+,+,-,-,+,,,,,,,,,,,,,,,,,,,,,,,,,,,,,,,-,-,,,,,,,,,,,
439,UFT.2014(L)6580,ANA.CAN.001.060,Fruto de Buriti,Pium,TO,,+,+,+,+,+,+,-,+,+,+,-,-,+,,,,,,,,,,,,,,,,,,,,,,,,,,,,,,,-,-,,,,,,,,,,,
440,UFT.2014(L)6587,ANA.CAN.001.060,Fruto de Buriti,Pium,TO,,+,+,+,+,+,+,-,-,-,+,-,-,+,,,,,,,,,,,,,,,,,,,,,,,,,,,,,,,-,-,,,,,,,,,,,
441,UFT.2014(L)6593,ANA.CAN.001.060,Fruto de Buriti,Pium,TO,,+,+,+,+,+,+,-,w,+,+,w,-,+,,,,,,,,,,,,,,,,,,,,,,,,,,,,,,,-,-,,,,,,,,,,,
442,UFT.2014(L)7783,ANA.CAN.001.060,Fruto de Buriti,Pium,TO,,+,+,+,+,+,+,-,-,-,+,-,-,+,,,,,,,,,,,,,,,,,,,,,,,,,,,,,,,-,-,,,,,,,,,,,
443,UFT.2014(L)7867,ANA.CAN.001.060,Fruto de Buriti,Pium,TO,,+,+,+,+,+,+,-,w,+,+,w,-,+,,,,,,,,,,,,,,,,,,,,,,,,,,,,,,,-,-,,,,,,,,,,,
444,UFT.2014(L)7099,ANA.TAG.001.031,Fruto de Buriti,Taguatinga,TO,,+,+,+,+,+,+,-,-,-,-,-,-,+,,,,,,,,,,,,,,,,,,,,,,,,,,,,,,,-,-,,,,,,,,,,,
445,UFT.2014(L)7255,ANA.TAG.001.031,Fruto de Buriti,Taguatinga,TO,,+,+,+,+,+,+,-,+,-,+,-,-,+,,,,,,,,,,,,,,,,,,,,,,,,,,,,,,,-,-,,,,,,,,,,,
446,UFT.2014(L)7399,ANA.TAQ.001.061,Fruto de Buriti,Palmas,TO,,+,+,+,+,+,+,-,+,+,+,-,-,+,,,,,,,,,,,,,,,,,,,,,,,,,,,,,,,-,-,,,,,,,,,,,
447,UFT.2014(L)7500,ANA.TAQ.001.061,Fruto de Buriti,Palmas,TO,,+,+,+,+,+,+,-,+,+,+,-,-,+,,,,,,,,,,,,,,,,,,,,,,,,,,,,,,,-,-,,,,,,,,,,,
448,UFT.2014(L)7501,ANA.TAQ.001.061,Fruto de Buriti,Palmas,TO,,+,+,+,-,+,+,-,-,-,+,-,-,+,,,,,,,,,,,,,,,,,,,,,,,,,,,,,,,-,-,,,,,,,,,,,
449,UFT.2014(L)7503,ANA.TAQ.001.061,Fruto de Buriti,Palmas,TO,,+,+,+,+,+,+,-,-,-,+,-,-,+,,,,,,,,,,,,,,,,,,,,,,,,,,,,,,,-,-,,,,,,,,,,,
450,UFT.2014(L)7807,ANA.TAQ.001.062,Fruto de Buriti,Palmas,TO,,+,+,+,+,+,+,-,w,+,+,w,-,+,,,,,,,,,,,,,,,,,,,,,,,,,,,,,,,-,-,,,,,,,,,,,
451,UFT.2014(L)7808,ANA.TAQ.001.062,Fruto de Buriti,Palmas,TO,,+,+,+,+,+,+,-,-,+,+,+,-,+,,,,,,,,,,,,,,,,,,,,,,,,,,,,,,,-,-,,,,,,,,,,,
452,UFT.2014(L)7809,ANA.TAQ.001.062,Fruto de Buriti,Palmas,TO,,+,+,+,+,+,+,-,+,+,+,+,-,+,,,,,,,,,,,,,,,,,,,,,,,,,,,,,,,-,-,,,,,,,,,,,
453,UFT.2014(L)7908,ANA.TAQ.001.063,Fruto de Buriti,Palmas,TO,,-,-,-,-,-,-,-,-,-,-,-,-,-,,,,,,,,,,,,,,,,,,,,,,,,,,,,,,,-,-,,,,,,,,,,,
454,UFT.2014(L)8002,ANA.TAQ.001.064,Fruto de Buriti,Palmas,TO,,-,-,-,-,-,-,-,-,-,-,-,-,-,,,,,,,,,,,,,,,,,,,,,,,,,,,,,,,-,-,,,,,,,,,,,
455,UFT.2014(L)6647,ANA.CAN.001.061,Fruto de Buriti,Pium,TO,,+,+,+,+,+,+,-,-,+,+,-,-,+,,,,,,,,,,,,,,,,,,,,,,,,,,,,,,,-,-,,,,,,,,,,,
456,UFT.2014(L)6726,ANA.CAN.001.061,Fruto de Buriti,Pium,TO,,+,+,+,+,+,+,-,+,+,+,-,-,+,,,,,,,,,,,,,,,,,,,,,,,,,,,,,,,-,-,,,,,,,,,,,
457,UFT.2014(L)7798,ANA.CAN.001.061,Fruto de Buriti,Pium,TO,,+,+,+,+,+,+,-,+,+,+,-,-,+,,,,,,,,,,,,,,,,,,,,,,,,,,,,,,,-,-,,,,,,,,,,,
458,UFT.2014(L)6623,ANA.CAN.001.062,Fruto de Buriti,Pium,TO,,+,+,+,+,+,+,-,+,+,+,-,-,+,,,,,,,,,,,,,,,,,,,,,,,,,,,,,,,-,-,,,,,,,,,,,
459,UFT.2014(L)6624,ANA.CAN.001.062,Fruto de Buriti,Pium,TO,,-,-,-,-,+,-,-,-,-,-,-,-,+,,,,,,,,,,,,,,,,,,,,,,,,,,,,,,,-,-,,,,,,,,,,,
460,UFT.2014(L)6757,ANA.CAN.001.062,Fruto de Buriti,Pium,TO,,+,+,+,+,+,+,-,+,+,+,-,-,+,,,,,,,,,,,,,,,,,,,,,,,,,,,,,,,-,-,,,,,,,,,,,
461,UFT.2014(L)7916,ANA.TAG.001.032,Fruto de Buriti,Taguatinga,TO,,+,+,+,+,+,+,-,+,+,+,-,-,+,,,,,,,,,,,,,,,,,,,,,,,,,,,,,,,-,-,,,,,,,,,,,
462,UFT.2014(L)7918,ANA.TAG.001.032,Fruto de Buriti,Taguatinga,TO,,+,+,+,+,+,+,-,+,+,+,-,-,+,,,,,,,,,,,,,,,,,,,,,,,,,,,,,,,-,-,,,,,,,,,,,
463,UFT.2014(L)7952,ANA.TAG.001.032,Fruto de Buriti,Taguatinga,TO,,+,+,+,+,+,+,-,+,+,+,w,-,+,,,,,,,,,,,,,,,,,,,,,,,,,,,,,,,-,-,,,,,,,,,,,
464,UFT.2014(L)7787,ANA.TAQ.001.065,Fruto de Buriti,Palmas,TO,,+,+,+,+,+,+,-,+,+,+,-,-,+,,,,,,,,,,,,,,,,,,,,,,,,,,,,,,,-,-,,,,,,,,,,,
465,UFT.2014(L)7788,ANA.TAQ.001.065,Fruto de Buriti,Palmas,TO,,+,w,+,+,+,+,-,+,+,+,-,-,+,,,,,,,,,,,,,,,,,,,,,,,,,,,,,,,-,-,,,,,,,,,,,
466,UFT.2014(L)7789,ANA.TAQ.001.065,Fruto de Buriti,Palmas,TO,,+,+,+,+,+,+,-,-,+,+,-,-,+,,,,,,,,,,,,,,,,,,,,,,,,,,,,,,,-,-,,,,,,,,,,,
467,UFT.2014(L)7801,ANA.TAQ.001.065,Fruto de Buriti,Palmas,TO,,+,-,+,+,+,+,-,-,-,+,-,-,+,,,,,,,,,,,,,,,,,,,,,,,,,,,,,,,-,-,,,,,,,,,,,
468,UFT.2014(L)7906,ANA.TAQ.001.066,Fruto de Buriti,Palmas,TO,,+,-,+,+,+,+,-,-,+,+,+,-,+,,,,,,,,,,,,,,,,,,,,,,,,,,,,,,,-,-,,,,,,,,,,,
469,UFT.2014(L)7907,ANA.TAQ.001.066,Fruto de Buriti,Palmas,TO,,+,+,+,+,+,+,-,+,+,+,-,-,+,,,,,,,,,,,,,,,,,,,,,,,,,,,,,,,-,-,,,,,,,,,,,
470,UFT.2014(L)7999,ANA.TAQ.001.067,Fruto de Buriti,Palmas,TO,,+,+,+,+,+,+,+,-,+,+,+,+,+,,,,,,,,,,,,,,,,,,,,,,,,,,,,,,,w,+,,,,,,,,,,,
471,UFT.2014(L)8000,ANA.TAQ.001.067,Fruto de Buriti,Palmas,TO,,+,+,+,+,+,+,-,-,-,+,-,-,+,,,,,,,,,,,,,,,,,,,,,,,,,,,,,,,-,-,,,,,,,,,,,
472,UFT.2014(L)8001,ANA.TAQ.001.067,Fruto de Buriti,Palmas,TO,,+,+,+,+,+,+,-,+,+,+,-,-,+,,,,,,,,,,,,,,,,,,,,,,,,,,,,,,,-,-,,,,,,,,,,,
473,UFT.2014(L)8029,ANA.TAQ.001.068,Fruto de Buriti,Palmas,TO,,+,+,+,+,+,+,-,+,+,+,+,-,+,,,,,,,,,,,,,,,,,,,,,,,,,,,,,,,-,-,,,,,,,,,,,
474,UFT.2014(L)6626,ANA.CAN.001.063,Fruto de Buriti,Pium,TO,,-,+,-,+,-,-,-,-,-,-,-,-,+,,,,,,,,,,,,,,,,,,,,,,,,,,,,,,,-,-,,,,,,,,,,,
475,UFT.2014(L)7800,ANA.CAN.001.063,Fruto de Buriti,Pium,TO,,+,-,+,+,+,+,-,-,-,+,-,-,+,,,,,,,,,,,,,,,,,,,,,,,,,,,,,,,-,-,,,,,,,,,,,
476,UFT.2014(L)6819,ANA.CAN.001.064,Fruto de Buriti,Pium,TO,,-,-,-,-,+,-,-,-,-,-,-,-,-,,,,,,,,,,,,,,,,,,,,,,,,,,,,,,,-,-,,,,,,,,,,,
477,UFT.2014(L)6567,ANA.CAN.001.065,Fruto de Buriti,Pium,TO,,+,+,-,-,-,-,-,-,-,-,-,-,-,-,-,-,-,-,-,-,-,-,-,-,-,-,-,+,+,-,-,-,-,-,-,+,-,-,+,-,+,,,-,-,+,+,-,-,-,-,+,+,+,+,-
478,UFT.2014(L)6651,ANA.CAN.001.065,Fruto de Buriti,Pium,TO,,-,-,-,+,-,-,-,-,-,-,-,-,-,,,,,,,,,,,,,,,,,,,,,,,,,,,,,,,-,-,,,,,,,,,,,
479,UFT.2014(L)7785,ANA.CAN.001.065,Fruto de Buriti,Pium,TO,,-,+,-,+,-,-,-,-,-,-,-,-,+,,,,,,,,,,,,,,,,,,,,,,,,,,,,,,,-,-,,,,,,,,,,,
480,UFT.2014(L)7839,ANA.CAN.001.065,Fruto de Buriti,Pium,TO,,+,+,+,+,+,+,-,+,+,+,-,-,+,,,,,,,,,,,,,,,,,,,,,,,,,,,,,,,-,-,,,,,,,,,,,
481,UFT.2014(L)7869,ANA.CAN.001.065,Fruto de Buriti,Pium,TO,,+,+,+,+,+,+,-,+,+,+,-,-,+,,,,,,,,,,,,,,,,,,,,,,,,,,,,,,,-,-,,,,,,,,,,,
482,UFT.2014(L)7260,ANA.TAG.001.033,Fruto de Buriti,Taguatinga,TO,,+,+,+,+,+,+,-,+,+,+,-,-,+,,,,,,,,,,,,,,,,,,,,,,,,,,,,,,,-,-,,,,,,,,,,,
483,UFT.2014(L)7505,ANA.TAQ.001.069,Fruto de Buriti,Palmas,TO,,-,-,-,-,+,-,-,-,-,-,-,-,-,,,,,,,,,,,,,,,,,,,,,,,,,,,,,,,-,-,,,,,,,,,,,
484,UFT.2014(L)7507,ANA.TAQ.001.069,Fruto de Buriti,Palmas,TO,,-,-,-,-,+,-,-,-,-,-,-,-,-,,,,,,,,,,,,,,,,,,,,,,,,,,,,,,,-,-,,,,,,,,,,,
485,UFT.2014(L)7520,ANA.TAQ.001.069,Fruto de Buriti,Palmas,TO,,+,+,+,+,+,+,-,-,+,+,-,-,+,,,,,,,,,,,,,,,,,,,,,,,,,,,,,,,-,-,,,,,,,,,,,
486,UFT.2014(L)7922,ANA.TAQ.001.070,Fruto de Buriti,Palmas,TO,,-,-,-,-,+,+,-,-,-,+,-,-,+,,,,,,,,,,,,,,,,,,,,,,,,,,,,,,,-,-,,,,,,,,,,,
487,UFT.2014(L)8003,ANA.TAQ.001.071,Fruto de Buriti,Palmas,TO,,+,+,+,+,+,+,-,+,+,+,-,-,+,,,,,,,,,,,,,,,,,,,,,,,,,,,,,,,-,-,,,,,,,,,,,
488,UFT.2014(L)6539,ANA.CAN.001.066,Fruto de Buriti,Pium,TO,,+,+,+,+,+,+,-,+,+,+,-,-,+,,,,,,,,,,,,,,,,,,,,,,,,,,,,,,,-,-,,,,,,,,,,,
489,UFT.2014(L)6833,ANA.CAN.001.066,Fruto de Buriti,Pium,TO,,+,+,+,+,+,+,-,+,+,+,-,-,+,,,,,,,,,,,,,,,,,,,,,,,,,,,,,,,-,-,,,,,,,,,,,
490,UFT.2014(L)7767,ANA.CAN.001.066,Fruto de Buriti,Pium,TO,,-,-,-,-,-,-,-,-,-,-,-,-,-,,,,,,,,,,,,,,,,,,,,,,,,,,,,,,,-,-,,,,,,,,,,,
491,UFT.2014(L)6649,ANA.CAN.001.067,Fruto de Buriti,Pium,TO,,-,+,-,-,-,-,-,-,-,-,-,-,+,,,,,,,,,,,,,,,,,,,,,,,,,,,,,,,-,-,,,,,,,,,,,
492,UFT.2014(L)6776,ANA.CAN.001.067,Fruto de Buriti,Pium,TO,,+,+,+,+,+,+,-,+,+,+,-,-,+,,,,,,,,,,,,,,,,,,,,,,,,,,,,,,,-,-,,,,,,,,,,,
493,UFT.2014(L)6882,ANA.CAN.001.067,Fruto de Buriti,Pium,TO,,+,+,+,+,+,+,-,+,+,+,-,-,+,,,,,,,,,,,,,,,,,,,,,,,,,,,,,,,-,-,,,,,,,,,,,
494,UFT.2014(L)6884,ANA.CAN.001.067,Fruto de Buriti,Pium,TO,,-,-,-,-,+,-,-,-,-,-,-,-,-,,,,,,,,,,,,,,,,,,,,,,,,,,,,,,,-,-,,,,,,,,,,,
495,UFT.2014(L)6894,ANA.CAN.001.067,Fruto de Buriti,Pium,TO,,-,-,-,-,+,-,-,-,w,-,-,-,-,,,,,,,,,,,,,,,,,,,,,,,,,,,,,,,-,-,,,,,,,,,,,
496,UFT.2014(L)6902,ANA.CAN.001.067,Fruto de Buriti,Pium,TO,,+,+,+,+,+,+,-,+,+,+,-,-,+,,,,,,,,,,,,,,,,,,,,,,,,,,,,,,,-,-,,,,,,,,,,,
497,UFT.2014(L)6942,ANA.CAN.001.067,Fruto de Buriti,Pium,TO,,+,+,+,+,+,+,-,-,+,+,-,-,+,,,,,,,,,,,,,,,,,,,,,,,,,,,,,,,-,-,,,,,,,,,,,
498,UFT.2014(L)7764,ANA.CAN.001.067,Fruto de Buriti,Pium,TO,,+,+,+,+,+,+,-,+,+,+,-,-,+,,,,,,,,,,,,,,,,,,,,,,,,,,,,,,,-,-,,,,,,,,,,,
499,UFT.2014(L)7786,ANA.CAN.001.067,Fruto de Buriti,Pium,TO,,-,-,-,-,+,-,-,-,-,-,-,-,+,,,,,,,,,,,,,,,,,,,,,,,,,,,,,,,-,-,,,,,,,,,,,
500,UFT.2014(L)7864,ANA.CAN.001.067,Fruto de Buriti,Pium,TO,,+,+,+,+,+,+,-,+,+,+,-,-,+,,,,,,,,,,,,,,,,,,,,,,,,,,,,,,,-,-,,,,,,,,,,,
501,UFT.2014(L)7868,ANA.CAN.001.067,Fruto de Buriti,Pium,TO,,+,+,+,+,+,+,w,-,-,+,-,+,+,,,,,,,,,,,,,,,,,,,,,,,,,,,,,,,-,-,,,,,,,,,,,
502,UFT.2014(L)7259,ANA.TAG.001.034,Fruto de Buriti,Taguatinga,TO,,+,+,+,+,+,+,-,-,+,+,-,-,+,,,,,,,,,,,,,,,,,,,,,,,,,,,,,,,-,-,,,,,,,,,,,
503,UFT.2014(L)7264,ANA.TAG.001.034,Fruto de Buriti,Taguatinga,TO,,+,+,+,+,+,+,-,-,-,+,-,-,+,,,,,,,,,,,,,,,,,,,,,,,,,,,,,,,-,-,,,,,,,,,,,
504,UFT.2014(L)7193,ANA.TAG.001.035,Fruto de Buriti,Taguatinga,TO,,+,+,+,+,+,+,-,+,+,+,-,-,+,,,,,,,,,,,,,,,,,,,,,,,,,,,,,,,-,-,,,,,,,,,,,
505,UFT.2014(L)7968,ANA.TAG.001.035,Fruto de Buriti,Taguatinga,TO,,+,-,+,+,+,+,-,-,-,-,-,-,+,,,,,,,,,,,,,,,,,,,,,,,,,,,,,,,-,-,,,,,,,,,,,
506,UFT.2014(L)7516,ANA.TAQ.001.072,Fruto de Buriti,Palmas,TO,,-,-,-,-,+,-,-,-,-,-,-,-,+,,,,,,,,,,,,,,,,,,,,,,,,,,,,,,,-,-,,,,,,,,,,,
507,UFT.2014(L)7517,ANA.TAQ.001.072,Fruto de Buriti,Palmas,TO,,+,+,+,+,+,+,+,-,+,+,-,+,+,,,,,,,,,,,,,,,,,,,,,,,,,,,,,,,-,+,,,,,,,,,,,
508,UFT.2014(L)7519,ANA.TAQ.001.072,Fruto de Buriti,Palmas,TO,,+,+,+,+,+,+,-,+,+,+,-,-,+,,,,,,,,,,,,,,,,,,,,,,,,,,,,,,,-,-,,,,,,,,,,,
509,UFT.2014(L)7923,ANA.TAQ.001.073,Fruto de Buriti,Palmas,TO,,+,+,+,+,+,+,-,+,+,+,-,-,+,,,,,,,,,,,,,,,,,,,,,,,,,,,,,,,-,-,,,,,,,,,,,
510,UFT.2014(L)7924,ANA.TAQ.001.073,Fruto de Buriti,Palmas,TO,,+,+,+,+,+,+,-,-,-,+,-,-,+,,,,,,,,,,,,,,,,,,,,,,,,,,,,,,,-,-,,,,,,,,,,,
511,UFT.2014(L)6554,ANA.CAN.001.068,Fruto de Buriti,Pium,TO,,-,+,-,+,-,-,-,-,-,-,-,-,+,,,,,,,,,,,,,,,,,,,,,,,,,,,,,,,-,-,,,,,,,,,,,
512,UFT.2014(L)6815,ANA.CAN.001.068,Fruto de Buriti,Pium,TO,,+,+,+,+,+,+,-,+,+,+,-,-,+,,,,,,,,,,,,,,,,,,,,,,,,,,,,,,,-,-,,,,,,,,,,,
513,UFT.2014(L)6885,ANA.CAN.001.069,Fruto de Buriti,Pium,TO,,+,+,+,+,+,+,-,w,+,+,-,-,+,,,,,,,,,,,,,,,,,,,,,,,,,,,,,,,-,-,,,,,,,,,,,
514,UFT.2014(L)6886,ANA.CAN.001.069,Fruto de Buriti,Pium,TO,,-,+,-,+,-,-,-,-,-,-,-,-,+,,,,,,,,,,,,,,,,,,,,,,,,,,,,,,,-,-,,,,,,,,,,,
515,UFT.2014(L)6892,ANA.CAN.001.069,Fruto de Buriti,Pium,TO,,+,+,+,+,+,+,-,w,+,+,-,-,+,,,,,,,,,,,,,,,,,,,,,,,,,,,,,,,-,-,,,,,,,,,,,
516,UFT.2014(L)6895,ANA.CAN.001.069,Fruto de Buriti,Pium,TO,,+,+,+,+,+,+,-,+,+,+,w,-,+,,,,,,,,,,,,,,,,,,,,,,,,,,,,,,,-,-,,,,,,,,,,,
517,UFT.2014(L)7162,ANA.TAG.001.036,Fruto de Buriti,Taguatinga,TO,,+,+,+,+,+,+,-,+,+,+,w,-,+,,,,,,,,,,,,,,,,,,,,,,,,,,,,,,,-,-,,,,,,,,,,,
518,UFT.2014(L)7257,ANA.TAG.001.036,Fruto de Buriti,Taguatinga,TO,,+,+,+,+,+,+,-,+,+,+,-,-,+,,,,,,,,,,,,,,,,,,,,,,,,,,,,,,,-,-,,,,,,,,,,,
519,UFT.2014(L)7362,ANA.TAG.001.036,Fruto de Buriti,Taguatinga,TO,,+,+,+,+,+,+,-,+,+,+,-,-,+,,,,,,,,,,,,,,,,,,,,,,,,,,,,,,,-,-,,,,,,,,,,,
520,UFT.2014(L)7512,ANA.TAQ.001.074,Fruto de Buriti,Palmas,TO,,-,-,-,-,+,-,-,-,-,-,-,-,-,,,,,,,,,,,,,,,,,,,,,,,,,,,,,,,-,-,,,,,,,,,,,
521,UFT.2014(L)7513,ANA.TAQ.001.074,Fruto de Buriti,Palmas,TO,,-,-,-,+,-,-,-,-,-,-,-,-,w,,,,,,,,,,,,,,,,,,,,,,,,,,,,,,,-,-,,,,,,,,,,,
522,UFT.2014(L)7514,ANA.TAQ.001.074,Fruto de Buriti,Palmas,TO,,+,+,+,+,+,+,-,+,+,+,-,-,+,,,,,,,,,,,,,,,,,,,,,,,,,,,,,,,-,-,,,,,,,,,,,
523,UFT.2014(L)7515,ANA.TAQ.001.074,Fruto de Buriti,Palmas,TO,,-,+,-,-,-,-,-,-,-,-,-,-,+,,,,,,,,,,,,,,,,,,,,,,,,,,,,,,,-,-,,,,,,,,,,,
524,UFT.2014(L)7811,ANA.TAQ.001.075,Fruto de Buriti,Palmas,TO,,+,+,+,+,+,+,-,+,+,+,-,-,+,,,,,,,,,,,,,,,,,,,,,,,,,,,,,,,-,-,,,,,,,,,,,
525,UFT.2014(L)7812,ANA.TAQ.001.075,Fruto de Buriti,Palmas,TO,,+,+,+,+,+,+,-,w,+,+,w,-,+,,,,,,,,,,,,,,,,,,,,,,,,,,,,,,,-,-,,,,,,,,,,,
526,UFT.2014(L)7925,ANA.TAQ.001.076,Fruto de Buriti,Palmas,TO,,+,+,+,+,+,+,-,+,+,+,-,-,+,,,,,,,,,,,,,,,,,,,,,,,,,,,,,,,-,-,,,,,,,,,,,
527,UFT.2014(L)6820,ANA.CAN.001.070,Fruto de Buriti,Pium,TO,,+,+,+,+,+,+,-,+,+,+,-,-,+,,,,,,,,,,,,,,,,,,,,,,,,,,,,,,,-,-,,,,,,,,,,,
528,UFT.2014(L)6901,ANA.CAN.001.071,Fruto de Buriti,Pium,TO,,-,+,-,-,-,-,-,-,-,-,-,-,+,,,,,,,,,,,,,,,,,,,,,,,,,,,,,,,-,-,,,,,,,,,,,
529,UFT.2014(L)7775,ANA.CAN.001.071,Fruto de Buriti,Pium,TO,,-,+,-,w,-,-,-,-,-,-,-,-,+,,,,,,,,,,,,,,,,,,,,,,,,,,,,,,,-,-,,,,,,,,,,,
530,UFT.2014(L)7778,ANA.CAN.001.071,Fruto de Buriti,Pium,TO,,-,-,-,-,+,-,-,-,-,-,-,-,-,,,,,,,,,,,,,,,,,,,,,,,,,,,,,,,-,-,,,,,,,,,,,
531,UFT.2014(L)7781,ANA.CAN.001.071,Fruto de Buriti,Pium,TO,,+,+,+,+,+,+,-,+,+,+,-,-,+,,,,,,,,,,,,,,,,,,,,,,,,,,,,,,,-,-,,,,,,,,,,,
532,UFT.2014(L)7832,ANA.CAN.001.071,Fruto de Buriti,Pium,TO,,+,+,+,+,+,+,-,+,+,+,-,-,+,,,,,,,,,,,,,,,,,,,,,,,,,,,,,,,-,-,,,,,,,,,,,
533,UFT.2014(L)7834,ANA.CAN.001.071,Fruto de Buriti,Pium,TO,,-,+,-,-,-,-,-,-,-,-,-,-,+,,,,,,,,,,,,,,,,,,,,,,,,,,,,,,,-,-,,,,,,,,,,,
534,UFT.2014(L)7837,ANA.CAN.001.071,Fruto de Buriti,Pium,TO,,+,+,+,+,+,+,-,+,+,+,-,-,+,,,,,,,,,,,,,,,,,,,,,,,,,,,,,,,-,-,,,,,,,,,,,
535,UFT.2014(L)7841,ANA.CAN.001.071,Fruto de Buriti,Pium,TO,,-,+,-,-,-,-,-,-,-,-,-,-,+,,,,,,,,,,,,,,,,,,,,,,,,,,,,,,,-,-,,,,,,,,,,,
536,UFT.2014(L)7904,ANA.CAN.001.071,Fruto de Buriti,Pium,TO,,+,+,+,+,+,+,-,+,+,+,w,-,+,,,,,,,,,,,,,,,,,,,,,,,,,,,,,,,-,-,,,,,,,,,,,
537,UFT.2014(L)7235,ANA.TAG.001.037,Fruto de Buriti,Taguatinga,TO,,+,+,+,+,+,+,-,+,+,+,-,-,+,,,,,,,,,,,,,,,,,,,,,,,,,,,,,,,-,-,,,,,,,,,,,
538,UFT.2014(L)7057,ANA.TAG.001.038,Fruto de Buriti,Taguatinga,TO,,+,+,+,+,+,+,-,+,+,+,-,-,+,,,,,,,,,,,,,,,,,,,,,,,,,,,,,,,-,-,,,,,,,,,,,
539,UFT.2014(L)7508,ANA.TAQ.001.077,Fruto de Buriti,Palmas,TO,,-,-,-,-,-,-,-,-,-,-,-,-,+,,,,,,,,,,,,,,,,,,,,,,,,,,,,,,,-,-,,,,,,,,,,,
540,UFT.2014(L)7813,ANA.TAQ.001.078,Fruto de Buriti,Palmas,TO,,+,+,+,-,+,+,-,+,+,+,-,-,+,,,,,,,,,,,,,,,,,,,,,,,,,,,,,,,-,-,,,,,,,,,,,
541,UFT.2014(L)816,ANA.TAQ.001.078,Fruto de Buriti,Palmas,TO,,-,+,-,-,-,-,-,-,-,-,-,-,+,,,,,,,,,,,,,,,,,,,,,,,,,,,,,,,-,-,,,,,,,,,,,
542,UFT.2014(L)7817,ANA.TAQ.001.078,Fruto de Buriti,Palmas,TO,,+,+,+,+,+,+,-,+,+,+,-,-,+,,,,,,,,,,,,,,,,,,,,,,,,,,,,,,,-,-,,,,,,,,,,,
543,UFT.2014(L)7928,ANA.TAQ.001.079,Fruto de Buriti,Palmas,TO,,+,+,+,+,+,+,-,+,+,+,-,-,+,,,,,,,,,,,,,,,,,,,,,,,,,,,,,,,-,-,,,,,,,,,,,
544,UFT.2014(L)8004,ANA.TAQ.001.080,Fruto de Buriti,Palmas,TO,,+,+,+,+,+,+,-,w,+,+,-,-,+,,,,,,,,,,,,,,,,,,,,,,,,,,,,,,,-,-,,,,,,,,,,,
545,UFT.2014(L)6807,ANA.CAN.001.072,Fruto de Buriti,Pium,TO,,+,+,+,+,+,+,-,+,+,+,w,-,+,,,,,,,,,,,,,,,,,,,,,,,,,,,,,,,-,-,,,,,,,,,,,
546,UFT.2014(L)7768,ANA.CAN.001.073,Fruto de Buriti,Pium,TO,,+,+,+,+,+,+,-,+,+,+,+,-,+,,,,,,,,,,,,,,,,,,,,,,,,,,,,,,,-,-,,,,,,,,,,,
547,UFT.2014(L)7780,ANA.CAN.001.073,Fruto de Buriti,Pium,TO,,-,+,-,w,-,-,-,-,-,-,-,-,+,,,,,,,,,,,,,,,,,,,,,,,,,,,,,,,-,-,,,,,,,,,,,
548,UFT.2014(L)7909,ANA.CAN.001.073,Fruto de Buriti,Pium,TO,,-,+,-,+,+,-,-,-,-,-,-,-,+,,,,,,,,,,,,,,,,,,,,,,,,,,,,,,,-,-,,,,,,,,,,,
549,UFT.2014(L)7269,ANA.TAG.001.039,Fruto de Buriti,Taguatinga,TO,,+,+,+,+,+,+,-,-,+,+,-,-,+,,,,,,,,,,,,,,,,,,,,,,,,,,,,,,,-,-,,,,,,,,,,,
550,UFT.2014(L)7277,ANA.TAG.001.039,Fruto de Buriti,Taguatinga,TO,,+,+,+,+,+,+,-,+,+,+,-,-,+,,,,,,,,,,,,,,,,,,,,,,,,,,,,,,,-,-,,,,,,,,,,,
551,UFT.2014(L)7197,ANA.TAG.001.040,Fruto de Buriti,Taguatinga,TO,,+,+,+,+,+,+,-,+,+,+,-,-,+,,,,,,,,,,,,,,,,,,,,,,,,,,,,,,,-,-,,,,,,,,,,,
552,UFT.2014(L)7199,ANA.TAG.001.040,Fruto de Buriti,Taguatinga,TO,,+,+,+,+,+,+,-,+,+,+,-,-,+,,,,,,,,,,,,,,,,,,,,,,,,,,,,,,,-,-,,,,,,,,,,,
553,UFT.2014(L)7524,ANA.TAQ.001.081,Fruto de Buriti,Palmas,TO,,+,+,+,+,+,+,-,+,+,+,-,-,+,,,,,,,,,,,,,,,,,,,,,,,,,,,,,,,-,-,,,,,,,,,,,
554,UFT.2014(L)7525,ANA.TAQ.001.081,Fruto de Buriti,Palmas,TO,,+,+,+,+,+,+,-,+,+,+,-,-,+,,,,,,,,,,,,,,,,,,,,,,,,,,,,,,,-,-,,,,,,,,,,,
555,UFT.2014(L)7526,ANA.TAQ.001.081,Fruto de Buriti,Palmas,TO,,+,+,+,+,+,+,-,+,+,+,-,-,+,,,,,,,,,,,,,,,,,,,,,,,,,,,,,,,-,-,,,,,,,,,,,
556,UFT.2014(L)7527,ANA.TAQ.001.081,Fruto de Buriti,Palmas,TO,,+,+,+,+,+,+,-,+,+,+,-,-,+,,,,,,,,,,,,,,,,,,,,,,,,,,,,,,,-,-,,,,,,,,,,,
557,UFT.2014(L)7528,ANA.TAQ.001.081,Fruto de Buriti,Palmas,TO,,+,+,+,+,+,+,-,-,-,+,-,-,+,+,+,+,-,-,+,+,+,+,+,+,+,+,+,+,+,+,-,-,-,+,-,-,-,+,+,+,+,,,-,-,+,+,-,-,-,-,+,+,+,-,+
558,UFT.2014(L)7818b,ANA.TAQ.001.082,Fruto de Buriti,Palmas,TO,,+,+,+,+,+,+,-,-,+,+,-,-,+,,,,,,,,,,,,,,,,,,,,,,,,,,,,,,,-,-,,,,,,,,,,,
559,UFT.2014(L)7819,ANA.TAQ.001.082,Fruto de Buriti,Palmas,TO,,+,+,+,+,+,+,-,+,+,+,-,-,+,,,,,,,,,,,,,,,,,,,,,,,,,,,,,,,-,-,,,,,,,,,,,
560,UFT.2014(L)7821,ANA.TAQ.001.082,Fruto de Buriti,Palmas,TO,,+,+,+,+,+,+,-,+,+,+,-,-,+,,,,,,,,,,,,,,,,,,,,,,,,,,,,,,,-,-,,,,,,,,,,,
561,UFT.2014(L)7930,ANA.TAQ.001.083,Fruto de Buriti,Palmas,TO,,+,+,+,+,+,+,-,+,+,+,-,-,+,,,,,,,,,,,,,,,,,,,,,,,,,,,,,,,-,-,,,,,,,,,,,
562,UFT.2014(L)7931,ANA.TAQ.001.083,Fruto de Buriti,Palmas,TO,,-,-,-,-,+,-,-,-,-,-,-,-,-,,,,,,,,,,,,,,,,,,,,,,,,,,,,,,,-,-,,,,,,,,,,,
563,UFT.2014(L)8022,ANA.TAQ.001.084,Fruto de Buriti,Palmas,TO,,+,+,+,+,+,+,-,-,-,+,-,-,+,,,,,,,,,,,,,,,,,,,,,,,,,,,,,,,-,-,,,,,,,,,,,
564,UFT.2014(L)6811,ANA.CAN.001.074,Fruto de Buriti,Pium,TO,,+,+,+,+,w,+,-,-,-,+,-,-,+,,,,,,,,,,,,,,,,,,,,,,,,,,,,,,,-,-,,,,,,,,,,,
565,UFT.2014(L)6824,ANA.CAN.001.074,Fruto de Buriti,Pium,TO,,+,+,+,+,+,+,-,-,-,+,-,-,+,,,,,,,,,,,,,,,,,,,,,,,,,,,,,,,-,-,,,,,,,,,,,
566,UFT.2014(L)6831,ANA.CAN.001.074,Fruto de Buriti,Pium,TO,,+,+,+,+,+,+,-,-,+,+,-,-,+,,,,,,,,,,,,,,,,,,,,,,,,,,,,,,,-,-,,,,,,,,,,,
567,UFT.2014(L)6883,ANA.CAN.001.075,Fruto de Buriti,Pium,TO,,+,+,+,+,+,+,-,+,+,+,+,-,+,,,,,,,,,,,,,,,,,,,,,,,,,,,,,,,-,-,,,,,,,,,,,
568,UFT.2014(L)7944,ANA.CAN.001.075,Fruto de Buriti,Pium,TO,,+,+,+,+,+,+,-,-,-,+,-,-,+,,,,,,,,,,,,,,,,,,,,,,,,,,,,,,,-,-,,,,,,,,,,,
569,UFT.2014(L)7278,ANA.TAG.001.041,Fruto de Buriti,Taguatinga,TO,,+,+,+,+,+,+,+,+,+,+,-,+,+,,,,,,,,,,,,,,,,,,,,,,,,,,,,,,,+,+,,,,,,,,,,,
570,UFT.2014(L)7529,ANA.TAQ.001.085,Fruto de Buriti,Palmas,TO,,-,+,-,-,-,-,-,-,-,-,-,-,+,,,,,,,,,,,,,,,,,,,,,,,,,,,,,,,-,-,,,,,,,,,,,
571,UFT.2014(L)7531,ANA.TAQ.001.085,Fruto de Buriti,Palmas,TO,,-,-,-,-,-,-,-,-,-,-,-,-,-,,,,,,,,,,,,,,,,,,,,,,,,,,,,,,,-,-,,,,,,,,,,,
572,UFT.2014(L)7532,ANA.TAQ.001.085,Fruto de Buriti,Palmas,TO,,+,+,+,+,+,+,-,+,+,+,-,-,+,,,,,,,,,,,,,,,,,,,,,,,,,,,,,,,-,-,,,,,,,,,,,
573,UFT.2014(L)7533,ANA.TAQ.001.085,Fruto de Buriti,Palmas,TO,,+,+,+,+,+,+,-,+,+,+,-,-,+,,,,,,,,,,,,,,,,,,,,,,,,,,,,,,,-,-,,,,,,,,,,,
574,UFT.2014(L)7534,ANA.TAQ.001.085,Fruto de Buriti,Palmas,TO,,-,-,-,-,+,-,-,-,-,-,-,-,-,,,,,,,,,,,,,,,,,,,,,,,,,,,,,,,-,-,,,,,,,,,,,
575,UFT.2014(L)7932,ANA.TAQ.001.086,Fruto de Buriti,Palmas,TO,,-,+,-,+,-,-,-,-,-,-,-,-,+,,,,,,,,,,,,,,,,,,,,,,,,,,,,,,,-,-,,,,,,,,,,,
576,UFT.2014(L)7933,ANA.TAQ.001.086,Fruto de Buriti,Palmas,TO,,+,+,+,+,+,+,-,+,+,+,+,-,+,,,,,,,,,,,,,,,,,,,,,,,,,,,,,,,-,-,,,,,,,,,,,
579,UFT.2015(L)7561,STL.TAQ.001.001,Folha de Babau,Palmas,TO,,+,+,+,+,+,+,+,+,+,+,+,-,+,+,+,+,+,-,-,+,+,+,+,+,+,+,+,,+,+,-,-,+,+,-,-,-,+,-,-,,+,-,+,+,+,+,-,-,-,+,-,-,,-,-
580,UFT.2015(L)7562,STL.TAQ.001.001,Folha de Babau,Palmas,TO,+,+,+,+,+,+,+,+,+,+,+,-,-,+,+,+,+,+,-,+,+,+,+,+,+,-,+,+,-,+,-,-,-,-,+,-,-,-,+,-,-,,+,-,+,+,+,+,-,-,-,-,-,-,,-,-
588,UFT.2015(L)7570,STL.TAQ.001.001,Folha de Babau,Palmas,TO,,+,+,+,-,+,+,+,+,+,+,-,+,+,+,-,-,+,-,-,-,+,+,+,-,-,+,-,-,+,+,+,,-,+,-,-,-,+,-,-,,+,-,+,-,-,-,-,,-,-,-,-,,-,-
590,UFT.2015(L)7572,STL.TAQ.001.001,Folha de Babau,Palmas,TO,,-,-,-,-,-,-,-,-,-,-,-,-,-,-,-,-,-,-,-,-,-,-,-,-,-,-,-,-,-,-,-,-,-,-,-,-,-,-,+,-,,+,-,-,-,-,-,-,-,-,-,-,-,,-,-
592,UFT.2015(L)7574,STL.TAQ.001.001,Folha de Babau,Palmas,TO,-,+,+,+,+,+,+,+,+,+,+,-,-,-,-,+,-,-,-,-,+,+,+,+,+,+,+,+,,+,-,-,-,-,+,-,-,-,+,+,+,,+,-,-,-,-,-,-,-,-,-,-,-,,-,-
593,UFT.2015(L)7575,STL.TAQ.001.001,Folha de Babau,Palmas,TO,+,+,+,+,+,+,+,+,+,+,+,-,-,+,+,-,-,+,-,+,+,+,+,+,+,-,+,+,+,+,+,-,-,+,+,+,-,-,-,+,-,,+,-,-,-,+,+,-,-,-,-,-,-,,+,+
594,UFT.2015(L)7576,STL.TAQ.001.001,Folha de Babau,Palmas,TO,s,+,+,+,+,+,+,+,+,-,-,-,-,-,-,-,-,-,-,-,+,-,-,-,-,-,-,+,-,+,-,-,-,-,-,-,-,-,-,-,-,,-,-,-,-,-,-,-,-,-,-,-,-,,-,-
595,UFT.2015(L)7577,STL.TAQ.001.001,Folha de Babau,Palmas,TO,s,+,+,+,+,+,+,+,+,+,+,-,-,+,+,+,+,+,-,+,+,+,+,+,+,+,+,+,-,+,+,+,-,-,+,-,-,-,+,+,-,,+,-,+,-,+,+,-,-,+,+,-,-,,-,-
596,UFT.2015(L)7578,STL.TAQ.001.001,Folha de Babau,Palmas,TO,-,+,+,+,+,+,+,+,+,+,+,-,-,-,-,+,-,-,-,+,+,+,+,+,+,+,+,+,,+,-,-,-,-,+,-,-,-,+,+,+,,+,-,-,-,-,-,-,-,-,-,-,-,,-,-
597,UFT.2015(L)7579,STL.TAQ.001.001,Folha de Babau,Palmas,TO,-,+,+,+,+,+,+,+,+,+,+,-,-,-,-,+,-,-,-,-,-,+,+,+,+,+,+,+,,+,-,-,-,-,+,-,-,-,-,+,+,,+,-,-,-,-,-,-,-,-,-,-,-,,-,-
598,UFT.2015(L)7580,STL.TAQ.001.001,Folha de Babau,Palmas,TO,,+,+,-,+,+,+,-,-,+,-,-,-,+,+,-,-,-,-,-,-,+,+,+,+,-,+,+,-,+,,+,,-,+,-,-,-,+,-,+,,+,-,+,+,+,-,-,,-,-,-,-,,-,-
605,UFT.2015(L)7594,STL.TAQ.001.001,Folha de Babau,Palmas,TO,,+,-,+,+,+,+,+,+,+,+,-,-,+,+,+,+,+,-,-,+,-,+,+,+,-,-,+,-,+,,+,,+,+,-,-,-,+,+,-,,+,-,+,+,+,+,-,,-,-,-,-,,-,-
611,UFT.2015(L)7700,STL.TAQ.001.001,Folha de Babau,Palmas,TO,s,+,+,+,+,+,+,+,+,+,+,-,-,+,+,+,+,+,-,+,+,+,+,+,+,+,+,+,-,+,+,+,-,-,+,-,-,-,+,+,-,,+,-,+,-,+,+,-,-,+,+,-,-,,-,-
615,UFT.2015(L)7704,STL.TAQ.001.001,Folha de Babau,Palmas,TO,s,+,+,+,+,+,+,+,+,+,+,-,-,+,+,+,+,+,-,+,-,+,+,+,+,+,+,+,-,+,-,+,+,-,+,-,-,-,+,+,-,,+,-,+,+,+,+,-,+,+,+,-,+,,-,-
617,UFT.2015(L)7706,STL.TAQ.001.001,Folha de Babau,Palmas,TO,w,+,+,+,+,+,+,+,+,+,+,-,-,+,+,-,-,-,-,+,-,+,-,+,+,-,+,+,-,+,-,-,-,-,-,-,-,-,+,+,+,,+,-,-,-,+,+,-,-,-,-,-,-,,-,-
621,UFT.2015(L)7710,STL.TAQ.001.001,Folha de Babau,Palmas,TO,,+,+,+,+,+,+,+,+,+,+,-,-,+,+,+,+,-,-,-,+,+,+,+,+,+,-,+,-,+,,+,,-,+,-,-,-,+,-,-,,+,-,+,+,+,-,-,,-,-,-,-,,-,-
624,UFT.2015(L)7713,STL.TAQ.001.001,Folha de Babau,Palmas,TO,s,+,+,+,+,+,+,-,,+,,-,-,+,+,+,+,+,-,-,+,+,+,+,+,-,-,+,-,+,+,+,-,+,-,-,+,-,+,+,-,,+,-,-,+,+,+,-,-,-,-,-,-,,-,-
625,UFT.2015(L)7787,STL.TAQ.001.001,Folha de Babau,Palmas,TO,+,+,+,+,+,+,+,-,-,+,+,-,-,+,-,-,-,+,-,-,-,-,-,+,+,+,+,+,-,+,+,-,-,-,-,-,-,+,-,+,-,,+,-,-,-,+,+,-,-,+,+,-,-,,+,+
626,UFT.2015(L)7788,STL.TAQ.001.001,Folha de Babau,Palmas,TO,+,+,+,+,+,+,+,-,-,+,+,-,-,+,+,-,-,+,-,-,-,+,-,+,+,+,+,+,-,+,+,-,-,-,+,-,-,-,-,+,+,,+,-,-,-,+,+,-,-,+,+,-,+,,+,+
627,UFT.2015(L)7789,STL.TAQ.001.001,Folha de Babau,Palmas,TO,s,-,-,-,-,-,-,-,-,+,-,-,-,-,-,-,-,-,-,-,-,-,-,-,,-,-,-,-,+,+,-,-,-,-,-,-,+,-,+,-,,+,-,-,-,+,+,-,-,-,-,-,-,,+,+
629,UFT.2015(L)7791,STL.TAQ.001.001,Folha de Babau,Palmas,TO,s,+,+,+,+,+,+,-,+,+,+,-,-,+,+,+,+,+,-,-,+,+,+,+,+,-,+,+,-,+,+,+,-,+,+,-,-,-,+,+,-,,+,-,-,+,+,+,-,-,+,-,-,-,,-,-
630,UFT.2015(L)7792,STL.TAQ.001.001,Folha de Babau,Palmas,TO,+,-,-,-,+,-,-,-,-,+,-,-,-,-,-,-,-,-,-,-,-,-,-,-,-,-,-,-,-,+,+,-,-,-,-,-,-,+,+,+,-,,+,-,-,+,+,+,-,-,-,-,-,-,,+,+
631,UFT.2015(L)7793,STL.TAQ.001.001,Folha de Babau,Palmas,TO,w,+,+,+,+,+,+,+,+,+,+,-,-,+,+,+,+,+,-,+,+,+,-,+,+,+,+,+,-,+,+,+,-,-,+,-,-,-,+,+,-,,+,-,+,+,+,+,-,-,-,-,-,+,,-,-
632,UFT.2015(L)7794,STL.TAQ.001.001,Folha de Babau,Palmas,TO,s,+,+,+,+,+,+,+,+,+,+,-,-,+,+,+,+,+,-,+,+,+,+,+,+,+,+,+,-,+,-,+,+,+,+,-,-,-,+,+,-,,+,-,+,+,+,+,-,+,+,+,-,+,,-,-
633,UFT.2015(L)7795,STL.TAQ.001.001,Folha de Babau,Palmas,TO,w,+,+,+,+,+,+,+,+,+,+,-,-,+,+,+,+,+,-,+,+,+,+,+,+,+,+,+,-,+,+,+,-,-,+,-,-,-,+,+,-,,+,-,+,+,+,+,-,+,+,+,-,+,,-,-
634,UFT.2015(L)7796,STL.TAQ.001.001,Folha de Babau,Palmas,TO,+,+,+,+,+,+,+,+,+,+,+,-,+,+,+,+,+,+,-,-,+,+,+,+,+,+,+,+,-,+,-,+,+,-,+,-,-,-,+,+,-,,+,-,-,+,+,+,-,+,+,+,-,+,,-,-
636,UFT.2015(L)7874,STL.TAQ.001.001,Folha de Babau,Palmas,TO,,+,+,+,+,+,+,-,+,+,-,-,-,+,-,-,-,-,-,-,-,+,-,+,+,-,+,-,-,+,,+,,-,-,-,-,-,-,+,-,,+,-,-,-,+,+,-,,-,-,-,-,,+,-
642,UFT.2015(L)7913,STL.TAQ.001.001,Folha de Babau,Palmas,TO,,+,-,+,+,+,+,-,+,+,-,-,-,+,-,-,-,-,-,-,-,+,-,+,+,-,+,-,-,+,,+,,-,-,-,-,-,-,+,-,,+,-,-,-,+,+,-,,-,-,-,-,,+,-
643,UFT.2015(L)7914,STL.TAQ.001.001,Folha de Babau,Palmas,TO,,+,-,+,+,+,+,-,+,+,-,-,-,+,-,-,-,-,-,-,-,+,-,+,+,-,+,-,-,+,,+,,-,-,-,-,-,-,+,-,,+,-,-,-,+,+,-,,-,-,-,-,,+,-
699,UFT.2015(L)8007,STL.NAT.001.001,Folha de Babau,Natividade,TO,+,-,+,-,-,-,-,-,-,+,-,-,-,-,-,-,+,-,-,+,-,-,-,+,+,-,-,+,-,+,-,-,-,-,+,-,-,-,-,+,-,,+,-,-,-,+,+,-,-,+,+,-,-,,-,-
704,UFT.2015(L)8012,STL.NAT.001.001,Folha de Babau,Natividade,TO,+,+,+,+,+,+,+,+,+,+,-,-,-,+,+,+,-,+,-,-,-,-,+,+,+,-,-,+,-,+,+,-,-,+,-,-,-,-,+,+,-,,+,-,+,+,+,+,,-,+,+,-,-,,+,-
707,UFT.2015(L)8015,STL.NAT.001.001,Folha de Babau,Natividade,TO,s,+,+,+,+,+,+,+,+,+,+,-,-,+,+,+,+,+,-,+,+,+,+,+,+,+,+,-,-,+,-,+,-,-,+,+,+,-,+,-,-,,+,-,-,-,+,+,-,-,-,-,-,-,,-,-
711,UFT.2015(L)8019,STL.NAT.001.001,Folha de Babau,Natividade,TO,,+,-,+,+,+,+,+,+,+,+,-,-,+,+,+,+,+,-,-,+,+,+,+,+,,-,-,-,-,,+,,-,+,-,-,-,+,+,-,,+,-,-,-,+,-,-,,-,-,-,-,,-,-
730,UFT.2015(L)8046,STL.NAT.001.001,Folha de Babau,Natividade,TO,,+,+,+,+,+,+,-,+,+,+,-,+,-,+,+,+,+,-,-,+,+,+,+,+,+,-,+,-,+,,-,,+,-,-,-,-,+,+,-,,+,-,-,+,+,+,-,,-,+,-,-,,+,-
736,UFT.2015(L)8057,STL.NAT.001.001,Folha de Babau,Natividade,TO,,+,-,+,+,-,+,+,+,+,+,-,+,+,+,+,+,+,-,-,+,+,+,+,+,-,-,+,-,+,,+,,-,+,-,-,-,+,+,-,,+,-,-,+,+,+,-,,-,+,-,-,,-,-
744,UFT.2015(L)8065,STL.NAT.001.001,Folha de Babau,Natividade,TO,+,+,+,+,+,+,+,+,+,+,-,-,-,+,+,-,-,-,-,-,-,+,-,+,+,+,-,-,-,+,-,-,-,-,-,-,-,-,+,+,+,,+,-,-,-,+,+,,-,-,+,-,+,,+,-
745,UFT.2015(L)8067,STL.NAT.001.001,Folha de Babau,Natividade,TO,,+,+,+,+,,+,-,-,+,+,-,-,+,+,-,-,-,-,-,-,+,-,+,+,+,-,-,-,+,,-,,-,+,-,-,-,-,+,-,,+,-,-,+,+,+,-,,-,-,-,+,,+,-
754,UFT.2015(L)8079,STL.NAT.001.001,Folha de Babau,Natividade,TO,,+,-,+,+,+,+,-,+,+,+,-,-,+,+,+,+,-,-,-,-,+,+,+,-,+,-,+,-,+,,-,,-,+,-,-,-,-,-,-,,+,-,+,+,+,+,-,,-,-,-,w,,+,-
757,UFT.2015(L)8082,STL.NAT.001.001,Folha de Babau,Natividade,TO,,+,-,+,+,+,+,-,-,+,+,-,-,+,+,+,+,+,-,-,-,+,+,+,-,+,-,+,-,+,,-,,-,+,-,-,-,+,-,+,,+,-,+,+,+,+,-,,-,+,-,-,,-,-
758,UFT.2015(L)8083,STL.NAT.001.001,Folha de Babau,Natividade,TO,+,+,+,+,+,+,+,+,+,+,-,-,-,+,+,-,-,-,-,-,-,-,-,+,+,+,-,+,-,+,-,-,,-,-,-,-,-,-,+,+,,+,-,-,-,+,+,,-,-,+,-,+,,+,-
761,UFT.2015(L)8085,STL.NAT.001.001,Folha de Babau,Natividade,TO,,+,+,+,+,+,+,-,-,+,+,-,-,+,+,-,-,+,-,-,-,+,-,+,+,+,+,-,-,+,,+,,+,+,-,-,-,-,+,+,,+,-,-,-,+,+,-,,-,+,-,-,,+,-
762,UFT.2015(L)8086,STL.NAT.001.001,Folha de Babau,Natividade,TO,-,+,-,-,-,-,-,+,-,-,-,-,-,-,-,-,-,-,-,-,-,-,-,-,-,-,-,-,-,-,-,-,-,-,-,-,-,-,-,-,-,,-,-,+,+,-,-,,-,-,-,-,-,,-,-
763,UFT.2015(L)8087,STL.NAT.001.001,Folha de Babau,Natividade,TO,,+,-,+,+,-,+,-,-,-,+,-,-,-,+,-,-,-,-,-,-,+,+,+,+,-,-,+,-,+,,-,,+,+,-,-,-,+,+,-,,+,-,-,-,+,+,-,,-,+,-,-,,+,-
