,1,2,3,4,5,6,7,8,9,10,11,12,13,14,15,16,17,18,19,20,21,22,23,24,25,26,27,28,31,32,33,34,35,37,38,39,40,41,42,43,44,45,46,48,49,50,51,52,53,64,65,66,67,68,69,78,79
UFT.2014(L)6515,,-,-,-,-,-,-,-,-,-,-,-,-,-,-,-,-,-,-,-,-,-,-,-,-,-,+,-,-,-,-,-,-,-,-,-,-,-,-,-,-,+,,,-,-,+,+,-,-,-,-,-,+,+,,
UFT.2014(L)6536,,+,+,+,+,+,+,-,-,-,+,-,-,+,,,,,,,,,,,,,,,,,,,,,,,,,,,,,,,-,-,,,,,,,,,,,
UFT.2014(L)6539,,+,+,+,+,+,+,-,+,+,+,-,-,+,,,,,,,,,,,,,,,,,,,,,,,,,,,,,,,-,-,,,,,,,,,,,
UFT.2014(L)6545,,+,-,+,+,+,+,-,+,+,+,+,-,+,+,+,+,+,+,+,-,+,-,+,+,+,+,+,-,+,+,-,-,+,+,-,-,-,-,+,-,+,,,-,-,+,+,-,-,-,-,-,+,+,,
UFT.2014(L)6554,,-,+,-,+,-,-,-,-,-,-,-,-,+,,,,,,,,,,,,,,,,,,,,,,,,,,,,,,,-,-,,,,,,,,,,,
UFT.2014(L)6555,,+,+,+,+,+,+,-,+,-,+,-,-,+,+,+,-,-,-,-,-,+,w,+,+,+,+,+,-,+,+,-,-,-,-,-,-,-,+,+,+,+,,,-,-,+,+,-,-,+,+,+,+,+,+,+
UFT.2014(L)6556,,-,-,-,-,-,-,-,-,-,-,-,-,-,-,-,-,-,+,-,-,+,-,+,+,+,+,-,-,w,-,-,-,-,+,-,-,-,-,-,-,+,,,-,-,+,+,-,-,-,-,-,-,+,,
UFT.2014(L)6564,,+,+,+,+,+,+,-,+,+,+,w,-,+,,,,,,,,,,,,,,,,,,,,,,,,,,,,,,,-,-,,,,,,,,,,,
UFT.2014(L)6566,,+,+,+,+,+,+,-,+,+,+,-,-,+,,,,,,,,,,,,,,,,,,,,,,,,,,,,,,,-,-,,,,,,,,,,,
UFT.2014(L)6567,,+,+,-,-,-,-,-,-,-,-,-,-,-,-,-,-,-,-,-,-,-,-,-,-,-,-,-,+,+,-,-,-,-,-,-,+,-,-,+,-,+,,,-,-,+,+,-,-,-,-,+,+,+,+,-
UFT.2014(L)6568,,-,-,-,-,-,-,-,-,-,-,-,-,-,-,,-,-,-,-,-,-,-,-,-,-,+,-,-,-,-,-,-,-,-,-,-,-,-,-,+,+,,,-,-,+,+,+,-,-,-,-,+,+,-,
UFT.2014(L)6571,,-,-,-,-,-,-,-,-,-,-,,-,-,-,-,-,-,-,-,-,-,-,,-,-,-,-,-,-,-,-,-,-,-,-,-,-,,,-,-,,,-,-,-,-,-,,-,-,,,,,
UFT.2014(L)6575,,w,-,-,-,-,-,-,-,-,-,-,-,-,-,-,-,-,-,+,-,-,-,-,-,-,-,-,+,+,+,-,-,-,-,-,-,-,-,+,-,+,,,-,-,+,+,-,-,-,-,+,-,+,+,+
UFT.2014(L)6576,,-,-,-,,-,-,-,-,-,-,,-,+,-,-,+,-,-,-,+,+,-,,-,-,-,w,+,+,-,w,+,-,-,-,-,-,-,w,+,-,,,+,+,+,+,+,,-,-,,,,,
UFT.2014(L)6577,,-,-,-,w,-,-,-,-,-,-,-,-,-,-,-,-,-,-,+,-,-,-,-,-,-,-,+,+,+,+,w,-,-,-,-,+,-,-,+,-,+,,,+,-,+,+,-,-,-,-,+,-,+,+,+
UFT.2014(L)6578,,+,+,+,+,+,-,+,-,-,+,-,-,+,+,w,-,+,,w,-,+,-,+,-,-,+,+,-,+,+,-,-,-,-,,,,-,+,-,+,,,-,-,+,+,-,,-,-,,,,,
UFT.2014(L)6580,,+,+,+,+,+,+,-,+,+,+,-,-,+,,,,,,,,,,,,,,,,,,,,,,,,,,,,,,,-,-,,,,,,,,,,,
UFT.2014(L)6581,,+,+,+,+,+,+,-,-,+,+,,-,+,+,+,-,-,-,+,-,+,-,,+,w,+,+,-,+,+,+,w,-,-,-,-,-,+,,-,+,,,-,-,+,+,-,,-,-,,,,,
UFT.2014(L)6582,,-,-,-,-,w,-,-,-,-,-,-,-,-,-,-,-,-,-,-,-,-,,-,-,,w,+,-,-,-,-,-,-,-,-,-,-,w,-,+,+,,,-,-,+,+,+,-,-,-,-,-,+,+,+
UFT.2014(L)6584,,+,+,+,+,+,+,-,+,+,+,-,-,+,+,+,-,-,+,+,-,+,+,+,+,+,+,-,-,+,+,-,-,-,+,-,-,-,-,+,+,+,,,-,-,+,+,+,-,+,+,-,+,+,+,+
UFT.2014(L)6585,,-,-,-,-,-,-,-,-,-,-,w,w,-,-,w,-,-,-,-,-,-,-,-,-,-,+,+,-,-,-,+,-,-,-,-,-,-,-,+,+,+,,,-,-,+,+,+,-,-,-,-,-,+,-,-
UFT.2014(L)6586,,+,+,+,+,+,+,-,-,+,+,-,-,+,,,,,,,,,,,,,,,,,,,,,,,,,,,,,,,-,-,,,,,,,,,,,
UFT.2014(L)6587,,+,+,+,+,+,+,-,-,-,+,-,-,+,,,,,,,,,,,,,,,,,,,,,,,,,,,,,,,-,-,,,,,,,,,,,
UFT.2014(L)6588,,+,-,+,,+,-,-,-,-,-,,-,+,+,-,+,-,-,+,+,+,-,,+,-,w,+,-,w,-,-,-,-,-,-,-,-,-,+,-,+,,,-,-,+,+,+,,+,+,,,,,
UFT.2014(L)6591,,+,+,+,+,+,+,-,+,+,+,-,-,+,+,w,w,-,,+,-,+,+,+,+,+,+,+,w,+,+,-,-,+,+,-,+,-,w,+,+,+,,,-,-,+,+,-,-,-,-,-,+,+,+,-
UFT.2014(L)6593,,+,+,+,+,+,+,-,w,+,+,w,-,+,,,,,,,,,,,,,,,,,,,,,,,,,,,,,,,-,-,,,,,,,,,,,
UFT.2014(L)6594,,+,+,+,+,+,+,-,+,+,+,-,+,+,+,+,-,-,-,+,-,+,+,+,+,+,+,+,-,+,+,-,-,+,+,-,-,-,+,+,+,+,,,-,-,+,+,-,+,+,-,-,-,+,,
UFT.2014(L)6595,,+,-,+,+,+,+,-,-,+,+,-,-,+,,,,,,,,,,,,,,,,,,,,,,,,,,,,,,,-,-,,,,,,,,,,,
UFT.2014(L)6598,,+,+,+,+,+,+,-,+,+,+,-,-,+,,,,,,,,,,,,,,,,,,,,,,,,,,,,,,,-,-,,,,,,,,,,,
UFT.2014(L)6606,,-,-,-,-,+,-,-,-,-,-,-,-,-,-,-,-,-,-,-,-,-,-,-,-,-,+,-,-,-,-,-,-,-,-,-,-,-,-,-,+,+,,,-,-,+,+,+,-,-,-,-,-,+,-,-
UFT.2014(L)6607,,-,-,-,-,+,-,+,-,w,-,-,-,-,-,w,-,-,-,-,-,-,-,-,-,-,w,+,-,-,+,-,-,-,-,-,-,-,-,-,+,+,,,-,-,+,+,+,-,-,-,-,-,+,-,-
UFT.2014(L)6608,,-,-,-,-,+,-,-,-,-,-,-,-,-,-,-,-,-,-,-,-,,-,-,-,-,+,+,,-,-,-,-,-,-,-,-,-,-,-,+,+,,,-,-,+,+,-,-,-,-,+,+,+,-,-
UFT.2014(L)6609,,+,+,+,+,+,-,-,-,-,+,-,-,+,-,-,-,+,-,+,+,+,+,+,+,+,+,+,-,+,-,-,-,-,+,-,+,-,+,+,-,+,,,-,-,+,+,-,-,-,+,+,-,+,-,+
UFT.2014(L)6610,,+,-,+,,+,+,-,-,-,+,,-,+,-,-,-,-,-,-,-,+,-,,+,-,+,+,-,+,w,+,-,-,-,-,-,-,-,+,-,+,,,-,-,+,+,+,,-,-,,,,,
UFT.2014(L)6614,,+,+,+,+,+,+,-,+,+,+,-,-,+,,,,,,,,,,,,,,,,,,,,,,,,,,,,,,,-,-,,,,,,,,,,,
UFT.2014(L)6615,,+,+,+,+,+,+,+,-,+,+,-,+,+,,,,,,,,,,,,,,,,,,,,,,,,,,,,,,,+,+,,,,,,,,,,,
UFT.2014(L)6622,,+,+,+,+,+,-,-,-,-,+,-,-,+,+,w,-,-,,+,-,+,w,+,+,-,+,-,-,+,+,-,-,-,-,,,,w,+,+,+,,,-,-,+,+,-,,+,+,,,,,
UFT.2014(L)6623,,+,+,+,+,+,+,-,+,+,+,-,-,+,,,,,,,,,,,,,,,,,,,,,,,,,,,,,,,-,-,,,,,,,,,,,
UFT.2014(L)6624,,-,-,-,-,+,-,-,-,-,-,-,-,+,,,,,,,,,,,,,,,,,,,,,,,,,,,,,,,-,-,,,,,,,,,,,
UFT.2014(L)6626,,-,+,-,+,-,-,-,-,-,-,-,-,+,,,,,,,,,,,,,,,,,,,,,,,,,,,,,,,-,-,,,,,,,,,,,
UFT.2014(L)6644,,-,-,-,-,-,-,-,-,-,-,-,-,-,-,-,-,-,-,-,-,-,-,-,-,-,+,-,-,-,-,-,-,-,-,-,-,-,+,-,+,+,,,-,-,+,+,+,+,-,-,-,-,+,-,-
UFT.2014(L)6645,,+,+,+,+,+,+,-,+,-,+,,-,+,+,+,-,-,-,+,-,+,+,,+,w,+,+,-,+,+,+,w,-,-,-,-,-,-,,+,+,,,-,-,+,+,-,,+,+,,,,,
UFT.2014(L)6647,,+,+,+,+,+,+,-,-,+,+,-,-,+,,,,,,,,,,,,,,,,,,,,,,,,,,,,,,,-,-,,,,,,,,,,,
UFT.2014(L)6648,,+,-,+,+,+,+,-,-,+,+,+,-,+,-,-,-,+,+,+,-,+,,+,+,,+,+,-,+,+,-,-,+,+,-,-,-,-,-,-,+,,,-,-,+,+,+,-,+,-,-,+,+,-,-
UFT.2014(L)6649,,-,+,-,-,-,-,-,-,-,-,-,-,+,,,,,,,,,,,,,,,,,,,,,,,,,,,,,,,-,-,,,,,,,,,,,
UFT.2014(L)6650,,+,+,+,+,+,+,-,-,+,+,-,-,+,+,+,-,-,+,+,-,+,+,+,+,+,+,-,-,+,+,-,-,-,-,-,-,-,-,+,+,+,,,-,-,+,+,+,-,+,+,-,+,+,+,+
UFT.2014(L)6651,,-,-,-,+,-,-,-,-,-,-,-,-,-,,,,,,,,,,,,,,,,,,,,,,,,,,,,,,,-,-,,,,,,,,,,,
UFT.2014(L)6700,,+,+,w,,+,+,-,-,-,+,,-,+,-,-,-,-,-,+,-,+,-,,+,-,+,+,+,+,w,+,+,-,-,-,-,-,-,+,-,+,,,-,-,+,+,+,,+,-,,,,,
UFT.2014(L)6702,,+,+,+,+,+,+,-,+,+,+,-,-,+,+,w,w,-,,+,-,+,+,+,+,+,+,w,-,+,+,-,-,+,+,w,+,-,w,+,+,+,,,-,-,+,+,-,-,-,-,-,-,+,+,-
UFT.2014(L)6705,,-,-,-,-,-,-,-,-,-,-,-,,-,-,-,-,-,-,+,-,-,-,-,-,-,-,-,+,+,+,-,-,-,-,-,+,+,-,+,-,+,,,-,-,+,+,+,-,-,-,+,-,w,+,+
UFT.2014(L)6706,,+,-,-,-,-,-,-,-,-,-,-,-,-,-,-,-,-,,w,-,-,-,-,-,-,-,-,+,+,+,-,-,-,-,-,+,-,-,-,-,+,,,-,-,+,+,-,-,-,-,-,-,-,+,+
UFT.2014(L)6716,,+,-,+,+,+,+,-,-,-,+,-,-,+,-,-,-,+,-,-,-,+,-,+,+,+,+,+,-,+,+,-,-,+,-,-,-,-,-,+,-,+,,,-,-,+,+,-,-,+,-,+,+,+,-,-
UFT.2014(L)6717,,-,-,-,-,-,-,-,-,-,-,-,-,-,-,-,-,-,-,-,-,-,-,-,-,-,-,-,-,-,-,-,-,-,-,-,-,-,-,-,-,+,,,-,-,+,+,-,-,-,-,-,+,+,,
UFT.2014(L)6720,,+,+,+,+,+,+,-,+,+,+,-,-,+,+,w,w,-,,+,-,+,+,+,+,+,+,+,-,+,+,-,-,+,+,-,+,-,w,+,+,+,,,-,-,+,+,-,-,-,-,-,-,+,+,-
UFT.2014(L)6723,,+,+,+,-,+,+,-,-,-,+,-,-,+,w,w,-,w,-,+,-,,+,+,+,+,+,+,,+,+,-,-,+,+,-,-,-,+,+,+,+,,,-,-,+,+,-,-,+,+,+,-,+,-,-
UFT.2014(L)6725,,+,+,+,+,+,+,-,-,-,+,-,-,+,+,+,-,-,-,+,-,+,+,+,+,+,+,+,+,+,+,-,-,-,-,-,-,-,+,+,+,+,,,-,-,+,+,-,-,+,+,+,+,+,-,-
UFT.2014(L)6726,,+,+,+,+,+,+,-,+,+,+,-,-,+,,,,,,,,,,,,,,,,,,,,,,,,,,,,,,,-,-,,,,,,,,,,,
UFT.2014(L)6732,,+,+,+,+,+,+,-,w,-,+,,-,+,+,+,-,-,-,+,-,+,w,,+,w,+,+,-,+,+,+,w,w,-,-,-,-,-,,+,+,,,-,-,+,+,-,,+,+,,,,,
UFT.2014(L)6737,,-,+,-,-,-,+,+,-,+,-,+,+,+,-,+,+,-,+,+,+,+,-,+,+,+,+,+,+,+,+,+,+,+,+,+,-,-,-,+,+,+,,,+,+,+,+,+,-,-,-,+,+,+,-,-
UFT.2014(L)6740,,+,+,+,+,+,+,-,-,-,+,-,-,+,,,,,,,,,,,,,,,,,,,,,,,,,,,,,,,-,-,,,,,,,,,,,
UFT.2014(L)6742,,+,+,+,+,+,+,-,-,+,+,-,-,+,+,+,+,-,+,+,-,+,+,+,+,+,+,+,-,+,+,-,-,+,+,-,w,-,+,+,+,+,,,-,-,+,+,-,-,+,+,-,+,+,+,-
UFT.2014(L)6745,,+,+,+,+,+,+,-,-,+,+,-,-,+,+,+,+,-,+,+,-,+,w,+,+,+,+,+,-,+,+,-,-,+,+,-,w,-,+,+,+,+,,,-,-,+,+,-,-,+,+,-,+,+,+,-
UFT.2014(L)6746,,+,+,+,+,+,+,-,,+,+,-,+,+,w,-,-,-,,+,-,+,w,+,+,+,+,+,w,+,+,-,-,+,+,-,+,-,w,+,-,+,,,-,-,+,+,-,-,-,-,-,-,-,-,-
UFT.2014(L)6747,,+,+,+,+,+,+,-,+,+,+,-,-,+,,,,,,,,,,,,,,,,,,,,,,,,,,,,,,,-,-,,,,,,,,,,,
UFT.2014(L)6750,,+,+,+,+,+,+,-,-,-,+,w,-,+,,,,,,,,,,,,,,,,,,,,,,,,,,,,,,,-,-,,,,,,,,,,,
UFT.2014(L)6753,,+,+,+,+,+,+,-,w,-,+,,-,+,+,+,-,-,-,+,-,+,+,,+,w,+,+,+,+,+,+,w,-,-,-,-,-,,,+,+,,,-,-,+,+,-,,+,+,,,,,
UFT.2014(L)6754,,+,+,+,+,+,+,-,w,+,+,w,w,+,+,-,+,+,,+,+,+,+,+,+,+,+,+,+,+,+,-,-,+,+,+,+,-,w,+,-,+,,,-,-,+,+,-,-,-,-,-,-,+,-,-
UFT.2014(L)6757,,+,+,+,+,+,+,-,+,+,+,-,-,+,,,,,,,,,,,,,,,,,,,,,,,,,,,,,,,-,-,,,,,,,,,,,
UFT.2014(L)6759,,+,+,+,+,+,+,-,-,-,+,-,-,+,,,,,,,,,,,,,,,,,,,,,,,,,,,,,,,,,,,,,,,,,,,
UFT.2014(L)6760,,+,+,+,+,+,+,-,+,+,+,-,-,+,,,,,,,,,,,,,,,,,,,,,,,,,,,,,,,-,-,,,,,,,,,,,
UFT.2014(L)6761,,-,-,-,,-,-,-,-,-,-,,-,+,+,-,-,-,-,+,-,+,-,,+,-,-,+,+,+,-,+,+,-,-,-,-,-,-,w,+,+,,,-,-,+,+,+,,+,+,,,,,
UFT.2014(L)6762,,+,+,+,+,+,+,-,-,-,+,-,-,+,,,,,,,,,,,,,,,,,,,,,,,,,,,,,,,-,-,,,,,,,,,,,
UFT.2014(L)6768,,+,+,+,+,+,+,-,+,+,+,-,-,+,,,,,,,,,,,,,,,,,,,,,,,,,,,,,,,-,-,,,,,,,,,,,
UFT.2014(L)6776,,+,+,+,+,+,+,-,+,+,+,-,-,+,,,,,,,,,,,,,,,,,,,,,,,,,,,,,,,-,-,,,,,,,,,,,
UFT.2014(L)6782,,-,-,-,-,-,-,-,-,-,-,-,-,-,-,-,-,-,-,-,-,-,-,-,-,-,w,-,-,-,-,-,-,-,-,-,-,-,-,-,+,+,,,-,-,+,+,+,-,-,-,-,-,+,-,-
UFT.2014(L)6784,,+,+,+,+,-,-,,-,-,+,-,-,+,+,w,-,-,,+,-,+,w,+,+,-,+,+,-,+,+,-,-,-,-,,,,-,+,+,+,,,-,-,+,+,-,,+,+,,,,,
UFT.2014(L)6790,,+,+,+,+,+,+,-,+,+,+,-,-,+,+,+,+,-,+,+,-,+,+,+,+,+,+,+,-,+,+,-,-,+,+,-,w,-,+,+,+,+,,,-,-,+,+,-,-,+,+,-,+,-,+,+
UFT.2014(L)6792,,+,+,+,+,+,+,-,w,+,+,-,-,+,+,+,+,-,+,+,-,+,w,+,+,+,+,+,-,+,+,-,-,+,+,-,w,-,+,+,+,+,,,-,-,+,+,-,-,+,+,-,+,+,-,-
UFT.2014(L)6793,,-,-,-,-,-,-,-,-,-,-,-,-,-,-,-,-,-,-,-,-,+,-,-,-,-,-,w,-,+,-,-,-,-,-,-,-,-,+,-,+,-,,,-,-,+,+,+,-,-,-,+,+,+,-,-
UFT.2014(L)6794,,-,+,-,-,-,-,-,-,,-,-,-,+,-,-,-,-,-,-,-,-,-,-,-,-,-,-,+,+,+,-,-,+,+,-,-,-,-,-,-,+,,,-,-,+,+,+,-,-,+,+,-,+,-,-
UFT.2014(L)6795,,+,+,+,+,+,+,-,+,+,+,w,+,+,+,+,+,-,+,+,-,+,,+,+,,+,+,-,+,+,+,+,+,+,-,-,-,+,+,+,+,,,-,-,+,+,+,-,+,+,-,-,+,+,+
UFT.2014(L)6796,,+,+,-,-,+,-,-,-,-,-,-,-,+,-,-,-,-,+,-,-,+,+,-,-,-,-,+,+,+,-,-,+,+,+,-,-,-,+,+,+,+,,,-,-,+,+,+,-,-,-,+,-,+,-,-
UFT.2014(L)6797,,-,-,-,-,-,-,-,-,-,-,-,-,+,-,-,+,-,-,-,+,+,-,+,+,-,-,-,+,+,-,-,-,-,+,-,-,-,-,+,+,+,,,+,+,+,+,+,-,-,-,-,+,+,-,-
UFT.2014(L)6800,,+,-,+,+,+,+,-,-,-,+,-,-,+,-,-,-,+,-,-,-,+,-,+,+,+,+,+,+,+,+,-,-,-,-,-,-,-,-,+,-,+,,,-,-,+,+,-,-,-,-,+,-,+,-,-
UFT.2014(L)6807,,+,+,+,+,+,+,-,+,+,+,w,-,+,,,,,,,,,,,,,,,,,,,,,,,,,,,,,,,-,-,,,,,,,,,,,
UFT.2014(L)6808,,+,+,+,+,+,+,-,+,-,+,,-,+,+,+,-,-,-,+,-,+,+,,+,w,+,+,-,+,+,+,w,w,-,-,-,-,-,,+,+,,,-,-,+,+,-,,+,+,,,,,
UFT.2014(L)6809,,+,-,+,+,+,+,-,-,+,+,+,-,+,-,-,+,+,+,+,-,+,-,+,+,+,+,+,-,+,+,-,-,+,-,-,-,-,-,+,-,+,,,-,-,+,+,-,,-,,,,,,
UFT.2014(L)6811,,+,+,+,+,w,+,-,-,-,+,-,-,+,,,,,,,,,,,,,,,,,,,,,,,,,,,,,,,-,-,,,,,,,,,,,
UFT.2014(L)6815,,+,+,+,+,+,+,-,+,+,+,-,-,+,,,,,,,,,,,,,,,,,,,,,,,,,,,,,,,-,-,,,,,,,,,,,
UFT.2014(L)6817,,-,-,-,-,-,-,-,-,-,-,-,-,-,-,-,-,-,+,+,-,-,-,-,-,+,-,+,+,+,+,+,-,+,-,-,-,-,+,-,+,+,,,+,-,+,+,-,-,-,-,-,-,+,+,+
UFT.2014(L)6819,,-,-,-,-,+,-,-,-,-,-,-,-,-,,,,,,,,,,,,,,,,,,,,,,,,,,,,,,,-,-,,,,,,,,,,,
UFT.2014(L)6820,,+,+,+,+,+,+,-,+,+,+,-,-,+,,,,,,,,,,,,,,,,,,,,,,,,,,,,,,,-,-,,,,,,,,,,,
UFT.2014(L)6822,,+,+,+,+,+,+,-,+,+,+,-,-,+,,,,,,,,,,,,,,,,,,,,,,,,,,,,,,,-,-,,,,,,,,,,,
UFT.2014(L)6824,,+,+,+,+,+,+,-,-,-,+,-,-,+,,,,,,,,,,,,,,,,,,,,,,,,,,,,,,,-,-,,,,,,,,,,,
UFT.2014(L)6828,,+,+,+,+,+,+,-,+,+,+,-,-,+,,,,,,,,,,,,,,,,,,,,,,,,,,,,,,,-,-,,,,,,,,,,,
UFT.2014(L)6831,,+,+,+,+,+,+,-,-,+,+,-,-,+,,,,,,,,,,,,,,,,,,,,,,,,,,,,,,,-,-,,,,,,,,,,,
UFT.2014(L)6833,,+,+,+,+,+,+,-,+,+,+,-,-,+,,,,,,,,,,,,,,,,,,,,,,,,,,,,,,,-,-,,,,,,,,,,,
UFT.2014(L)6837,,+,+,+,+,+,+,-,,,+,-,w,+,w,-,-,-,,+,-,+,-,+,+,+,+,+,w,+,+,-,-,-,+,-,w,-,w,+,-,+,,,-,-,+,+,-,-,-,-,-,-,+,-,-
UFT.2014(L)6846,,+,-,+,,+,-,-,-,-,+,,+,+,-,-,-,+,-,-,-,+,-,,+,-,+,-,-,+,+,-,-,-,-,-,-,-,-,+,-,+,,,-,-,+,+,+,,-,-,,,,,
UFT.2014(L)6849,,+,+,+,+,+,+,+,+,+,+,-,+,+,+,+,+,+,,+,+,+,+,+,+,+,+,+,-,+,-,+,+,w,+,+,-,-,+,+,-,+,,,+,+,+,+,-,+,-,-,-,+,-,-,-
UFT.2014(L)6867,,+,-,+,+,+,+,-,-,+,+,+,-,+,-,-,-,+,-,-,-,+,-,+,+,+,+,-,-,+,+,-,-,+,+,-,-,-,-,+,-,+,,,-,-,+,+,+,-,+,-,-,+,+,-,-
UFT.2014(L)6870,,+,+,+,,+,+,-,+,-,+,,-,+,+,w,-,+,-,+,w,+,w,,+,-,+,+,-,+,w,+,-,-,-,-,-,-,-,+,+,+,,,-,-,+,+,+,,+,+,,,,,
UFT.2014(L)6872,,+,+,+,+,+,+,-,+,+,+,-,w,+,+,w,+,w,,+,-,+,+,+,+,+,+,-,w,+,+,-,-,w,+,w,+,-,+,+,+,+,,,-,-,+,+,-,-,-,-,-,-,+,+,-
UFT.2014(L)6881,,+,-,+,-,+,+,-,-,-,+,-,-,+,+,-,-,-,-,+,-,,-,+,+,+,+,+,,+,+,-,-,-,+,-,-,-,-,-,-,+,,,-,-,+,+,-,-,-,-,+,-,+,+,-
UFT.2014(L)6882,,+,+,+,+,+,+,-,+,+,+,-,-,+,,,,,,,,,,,,,,,,,,,,,,,,,,,,,,,-,-,,,,,,,,,,,
UFT.2014(L)6883,,+,+,+,+,+,+,-,+,+,+,+,-,+,,,,,,,,,,,,,,,,,,,,,,,,,,,,,,,-,-,,,,,,,,,,,
UFT.2014(L)6884,,-,-,-,-,+,-,-,-,-,-,-,-,-,,,,,,,,,,,,,,,,,,,,,,,,,,,,,,,-,-,,,,,,,,,,,
UFT.2014(L)6885,,+,+,+,+,+,+,-,w,+,+,-,-,+,,,,,,,,,,,,,,,,,,,,,,,,,,,,,,,-,-,,,,,,,,,,,
UFT.2014(L)6886,,-,+,-,+,-,-,-,-,-,-,-,-,+,,,,,,,,,,,,,,,,,,,,,,,,,,,,,,,-,-,,,,,,,,,,,
UFT.2014(L)6887,,-,+,-,-,-,-,-,-,-,-,w,-,+,-,-,-,-,+,w,-,-,,-,-,,w,+,+,+,+,-,-,-,+,-,-,-,-,-,-,+,,,-,-,+,+,+,-,-,-,+,-,+,-,-
UFT.2014(L)6888,,-,-,-,-,-,-,-,-,-,-,-,-,-,-,-,-,-,+,-,-,-,-,-,-,-,-,+,+,+,+,-,-,+,-,-,-,-,-,-,-,+,,,-,-,+,+,-,+,-,-,-,-,+,-,-
UFT.2014(L)6889,,-,+,-,-,+,-,-,-,-,-,-,-,+,-,-,-,-,+,+,-,+,-,-,-,-,-,+,+,+,+,-,-,-,+,-,-,-,-,-,-,+,,,-,+,+,+,-,-,-,-,-,-,+,+,+
UFT.2014(L)6890,,-,+,-,-,+,-,-,-,-,-,-,-,+,-,-,-,-,+,-,-,-,-,-,-,-,+,-,+,+,+,-,-,-,+,-,-,-,-,-,+,+,,,-,-,+,+,+,-,-,-,+,-,+,-,-
UFT.2014(L)6891,,+,+,-,-,+,-,-,-,-,-,-,-,-,-,-,-,-,+,+,-,-,-,+,+,-,+,+,+,+,+,-,-,-,-,-,-,-,+,+,+,+,,,-,-,+,+,-,-,-,-,-,+,+,+,-
UFT.2014(L)6892,,+,+,+,+,+,+,-,w,+,+,-,-,+,,,,,,,,,,,,,,,,,,,,,,,,,,,,,,,-,-,,,,,,,,,,,
UFT.2014(L)6893,,+,+,+,+,+,+,-,-,-,+,-,-,+,+,+,+,-,-,+,-,+,+,+,+,+,+,-,-,+,-,-,-,-,+,-,+,-,+,+,+,+,,,-,-,+,+,-,-,+,-,+,+,+,+,+
UFT.2014(L)6894,,-,-,-,-,+,-,-,-,w,-,-,-,-,,,,,,,,,,,,,,,,,,,,,,,,,,,,,,,-,-,,,,,,,,,,,
UFT.2014(L)6895,,+,+,+,+,+,+,-,+,+,+,w,-,+,,,,,,,,,,,,,,,,,,,,,,,,,,,,,,,-,-,,,,,,,,,,,
UFT.2014(L)6901,,-,+,-,-,-,-,-,-,-,-,-,-,+,,,,,,,,,,,,,,,,,,,,,,,,,,,,,,,-,-,,,,,,,,,,,
UFT.2014(L)6902,,+,+,+,+,+,+,-,+,+,+,-,-,+,,,,,,,,,,,,,,,,,,,,,,,,,,,,,,,-,-,,,,,,,,,,,
UFT.2014(L)6942,,+,+,+,+,+,+,-,-,+,+,-,-,+,,,,,,,,,,,,,,,,,,,,,,,,,,,,,,,-,-,,,,,,,,,,,
UFT.2014(L)6944,,-,-,-,-,w,-,-,-,-,-,-,-,-,-,-,-,-,-,-,-,-,-,-,-,-,w,-,-,-,-,-,-,-,-,-,-,-,-,-,+,+,,,-,-,+,+,+,-,-,-,-,-,-,-,-
UFT.2014(L)6948,,+,+,+,+,+,+,-,-,+,+,-,-,+,+,,-,+,+,-,-,-,-,+,+,-,+,-,+,+,+,-,-,-,+,-,-,-,-,+,-,+,,,-,-,+,+,+,-,-,-,+,-,+,+,
UFT.2014(L)6950,,+,+,+,+,+,+,-,-,-,+,-,-,+,+,+,-,-,-,+,-,+,+,+,+,+,+,+,+,+,+,-,-,-,-,-,-,-,+,+,+,+,,,-,-,+,+,-,-,+,+,+,+,+,-,-
UFT.2014(L)6957,,+,+,+,+,+,+,-,+,-,+,-,-,+,+,+,+,-,-,+,-,+,+,+,+,+,+,-,-,+,-,-,-,-,+,-,+,-,+,+,+,+,,,-,-,+,+,-,-,+,-,+,-,+,+,+
UFT.2014(L)6978,,+,+,+,+,+,+,-,+,-,+,-,-,+,-,-,-,-,-,+,+,+,+,+,+,+,+,+,+,+,+,-,-,-,+,-,+,-,+,+,-,+,,,-,-,+,+,-,-,-,-,+,+,+,+,-
UFT.2014(L)6982,,+,w,+,+,+,-,,-,-,+,-,-,+,+,w,-,-,,+,-,+,w,+,+,-,+,+,-,+,+,-,-,-,-,,,,-,+,+,+,,,-,-,+,+,-,,+,+,,,,,
UFT.2014(L)6986,,+,w,+,,+,+,-,-,+,+,,+,+,+,-,-,-,-,w,-,+,w,,+,-,+,w,-,+,+,-,-,-,-,-,-,-,-,+,+,+,,,-,-,+,+,+,,+,+,,,,,
UFT.2014(L)6990,,+,-,+,+,+,+,-,-,+,+,+,-,+,-,-,+,+,+,+,+,+,-,+,+,+,+,-,+,+,+,+,+,+,+,-,-,-,-,+,+,+,,,,,,,,,,,,,,,
UFT.2014(L)6996,,-,-,-,-,w,-,-,-,-,-,-,-,-,-,-,-,-,-,-,-,-,,-,-,,w,+,+,-,-,-,-,-,-,-,-,-,w,-,+,+,,,-,-,+,+,+,-,-,-,-,-,w,-,-
UFT.2014(L)7006,,-,-,-,-,-,-,-,-,-,-,-,,+,-,-,-,-,-,+,-,-,-,-,-,-,-,-,-,+,+,-,-,-,-,-,-,-,-,-,-,+,,,-,-,+,+,+,-,-,-,+,-,+,+,+
UFT.2014(L)7019,,-,-,-,+,-,-,-,-,-,-,-,-,-,,,,,,,,,,,,,,,,,,,,,,,,,,,,,,,-,-,,,,,,,,,,,
UFT.2014(L)7021,,+,w,+,+,+,+,-,-,-,+,-,+,+,-,-,+,+,+,+,+,+,-,+,+,+,+,+,-,+,+,-,-,-,+,-,-,-,+,+,-,+,,,+,-,+,+,-,-,-,-,-,-,+,,
UFT.2014(L)7031,,+,+,+,+,+,+,-,-,-,+,-,-,+,+,+,-,-,-,-,-,+,+,+,+,+,+,-,-,+,+,-,-,-,+,-,+,-,+,+,+,+,,,-,-,+,+,-,-,+,+,+,+,+,+,+
UFT.2014(L)7049,,-,-,-,-,+,-,-,-,-,-,-,-,-,-,-,-,-,-,-,-,-,-,-,-,-,+,+,-,-,-,-,-,-,-,-,-,-,-,-,+,+,,,-,-,+,+,-,,-,,,,,,
UFT.2014(L)7052,,+,+,-,-,w,-,-,-,w,-,-,w,+,-,-,w,-,+,-,-,-,+,-,-,-,+,+,+,+,+,-,-,+,+,+,-,-,-,+,-,+,,,-,-,+,+,+,-,-,-,+,+,+,-,-
UFT.2014(L)7053,,-,+,-,-,-,-,-,-,+,w,w,+,+,-,+,-,-,+,+,+,-,-,+,-,-,+,+,+,+,+,+,+,+,+,-,-,-,-,+,-,+,,,-,-,+,+,+,-,-,-,+,-,+,-,-
UFT.2014(L)7054,,+,+,+,+,+,+,-,-,+,+,-,-,+,,,,,,,,,,,,,,,,,,,,,,,,,,,,,,,-,-,,,,,,,,,,,
UFT.2014(L)7057,,+,+,+,+,+,+,-,+,+,+,-,-,+,,,,,,,,,,,,,,,,,,,,,,,,,,,,,,,-,-,,,,,,,,,,,
UFT.2014(L)7098,,+,+,+,+,+,+,-,-,+,+,-,-,+,+,+,+,-,+,+,-,+,w,+,+,+,+,+,-,+,+,-,-,+,+,-,w,-,+,+,+,+,,,-,-,+,+,-,-,+,+,-,+,+,+,-
UFT.2014(L)7099,,+,+,+,+,+,+,-,-,-,-,-,-,+,,,,,,,,,,,,,,,,,,,,,,,,,,,,,,,-,-,,,,,,,,,,,
UFT.2014(L)7153,,-,-,+,+,+,+,-,-,-,+,-,-,+,+,-,-,+,-,+,-,-,+,+,+,+,+,+,+,+,+,+,-,-,+,-,-,-,+,-,-,+,,,-,-,+,+,-,-,-,-,+,+,+,-,-
UFT.2014(L)7154,,+,+,+,+,+,-,-,-,-,+,-,-,+,+,w,-,-,,+,-,+,-,+,+,-,+,-,-,+,+,-,-,-,-,,,,w,+,+,+,,,-,-,+,+,-,,+,+,,,,,
UFT.2014(L)7156,,-,+,-,-,+,-,-,-,-,-,-,-,+,-,-,-,-,+,+,-,-,-,-,-,-,-,-,+,+,+,-,-,-,-,-,-,-,-,-,-,+,,,-,-,+,+,-,-,-,-,-,+,+,+,-
UFT.2014(L)7157,,w,-,w,-,-,-,+,-,-,-,-,-,-,-,-,-,-,,+,-,-,-,-,-,-,+,+,+,+,+,-,-,+,-,,,,-,-,-,+,,,-,-,+,+,-,,-,-,,,,,
UFT.2014(L)7158,,+,+,+,+,+,+,-,w,+,+,-,-,+,+,w,w,w,,+,-,+,+,+,+,+,+,+,+,+,+,-,-,+,+,-,+,-,+,+,+,+,,,,,,,,,,,,,,,
UFT.2014(L)7159,,w,+,+,+,+,+,-,-,-,+,,-,+,-,-,-,-,-,+,-,+,-,,+,w,+,+,-,+,+,+,w,-,-,-,-,-,+,,-,+,,,-,-,+,+,-,,-,-,,,,,
UFT.2014(L)7160,,+,+,+,+,+,+,-,-,-,+,-,-,+,+,+,-,-,-,+,-,+,+,+,+,+,-,-,-,+,-,-,-,-,+,-,+,-,+,+,+,+,,,-,-,+,+,-,-,+,-,+,+,+,+,+
UFT.2014(L)7162,,+,+,+,+,+,+,-,+,+,+,w,-,+,,,,,,,,,,,,,,,,,,,,,,,,,,,,,,,-,-,,,,,,,,,,,
UFT.2014(L)7179,,+,+,+,+,+,+,-,-,+,+,w,-,+,,,,,,,,,,,,,,,,,,,,,,,,,,,,,,,-,-,,,,,,,,,,,
UFT.2014(L)7188,,-,+,-,-,-,-,-,-,-,-,-,-,-,-,-,-,-,-,+,-,-,-,-,-,-,-,-,+,+,+,-,-,-,-,-,+,-,-,+,-,+,,,-,-,+,+,-,-,-,-,+,-,+,+,+
UFT.2014(L)7189,,-,-,-,+,-,-,-,-,-,-,-,-,+,-,-,+,-,-,+,+,+,-,+,+,+,-,+,+,+,-,w,+,-,+,-,-,-,-,+,+,+,,,+,+,+,+,-,-,-,-,+,+,+,-,+
UFT.2014(L)7191,,-,+,-,-,-,-,-,-,-,-,-,-,+,w,-,-,-,+,w,-,-,,-,-,,+,+,+,+,+,-,-,-,+,-,-,-,-,-,-,+,,,-,-,+,+,+,-,-,-,+,-,+,-,-
UFT.2014(L)7192,,+,+,+,+,+,+,+,+,-,+,-,-,+,+,w,-,-,,+,-,+,-,+,+,-,+,+,-,+,+,-,-,-,-,,,,w,+,+,+,,,-,-,+,+,-,,-,+,,,,,
UFT.2014(L)7193,,+,+,+,+,+,+,-,+,+,+,-,-,+,,,,,,,,,,,,,,,,,,,,,,,,,,,,,,,-,-,,,,,,,,,,,
UFT.2014(L)7194,,+,+,+,+,+,+,-,+,+,+,-,-,+,,,,,,,,,,,,,,,,,,,,,,,,,,,,,,,-,-,,,,,,,,,,,
UFT.2014(L)7195,,-,+,-,-,-,-,-,-,-,-,-,-,+,-,-,-,-,+,+,-,-,-,-,-,-,-,-,+,+,+,-,-,-,-,-,-,-,-,-,-,+,,,-,-,+,+,-,-,-,-,-,+,+,-,-
UFT.2014(L)7196,,-,+,+,-,w,+,-,-,+,+,+,,+,-,-,-,-,-,+,-,-,-,+,-,+,-,+,+,+,+,-,-,+,+,-,-,-,-,-,+,+,,,-,-,+,+,+,-,-,-,+,-,+,-,-
UFT.2014(L)7197,,+,+,+,+,+,+,-,+,+,+,-,-,+,,,,,,,,,,,,,,,,,,,,,,,,,,,,,,,-,-,,,,,,,,,,,
UFT.2014(L)7198,,w,-,-,-,-,-,-,-,-,-,-,-,-,-,-,-,-,-,+,-,-,-,-,-,-,-,-,+,+,+,-,-,-,-,-,-,-,-,+,-,+,,,-,-,+,+,-,-,-,-,+,-,+,+,+
UFT.2014(L)7199,,+,+,+,+,+,+,-,+,+,+,-,-,+,,,,,,,,,,,,,,,,,,,,,,,,,,,,,,,-,-,,,,,,,,,,,
UFT.2014(L)7200,,+,+,+,+,+,+,-,+,+,+,-,-,+,,,,,,,,,,,,,,,,,,,,,,,,,,,,,,,-,-,,,,,,,,,,,
UFT.2014(L)7235,,+,+,+,+,+,+,-,+,+,+,-,-,+,,,,,,,,,,,,,,,,,,,,,,,,,,,,,,,-,-,,,,,,,,,,,
UFT.2014(L)7236,,+,+,+,+,+,+,-,w,+,+,-,-,+,+,w,+,-,,+,-,+,+,+,+,+,+,w,w,+,+,-,-,-,+,-,+,-,w,+,+,+,,,-,-,+,+,-,-,-,-,-,-,+,+,-
UFT.2014(L)7238,,+,+,+,+,+,+,-,+,+,+,w,-,+,,,,,,,,,,,,,,,,,,,,,,,,,,,,,,,-,-,,,,,,,,,,,
UFT.2014(L)7240,,+,+,+,+,+,+,-,+,+,+,-,-,+,,,,,,,,,,,,,,,,,,,,,,,,,,,,,,,-,-,,,,,,,,,,,
UFT.2014(L)7242,,-,+,-,+,+,-,-,-,w,-,+,+,+,-,+,-,-,+,+,w,-,-,-,-,-,-,+,+,+,+,-,+,+,+,-,-,-,-,+,-,+,,,-,-,+,+,+,-,-,-,+,-,+,-,-
UFT.2014(L)7248,,+,+,+,+,+,-,+,-,-,+,-,-,+,+,w,-,-,,+,-,+,-,+,+,w,+,+,-,+,+,-,-,-,-,,,,w,+,-,+,,,-,-,+,+,-,,-,-,,,,,
UFT.2014(L)7249,,+,+,+,+,+,+,-,+,+,+,-,-,+,,,,,,,,,,,,,,,,,,,,,,,,,,,,,,,-,-,,,,,,,,,,,
UFT.2014(L)7251,,+,+,+,+,-,+,-,-,-,+,-,-,+,,,,,,,,,,,,,,,,,,,,,,,,,,,,,,,-,-,,,,,,,,,,,
UFT.2014(L)7252,,+,+,+,+,+,+,-,+,+,+,-,-,+,,,,,,,,,,,,,,,,,,,,,,,,,,,,,,,-,-,,,,,,,,,,,
UFT.2014(L)7254,,-,+,-,+,-,-,-,-,w,-,+,+,+,-,+,-,-,+,+,w,-,-,-,-,-,-,+,+,+,+,-,+,+,+,-,-,-,-,+,-,+,,,-,-,+,+,+,-,-,-,+,-,+,-,-
UFT.2014(L)7255,,+,+,+,+,+,+,-,+,-,+,-,-,+,,,,,,,,,,,,,,,,,,,,,,,,,,,,,,,-,-,,,,,,,,,,,
UFT.2014(L)7257,,+,+,+,+,+,+,-,+,+,+,-,-,+,,,,,,,,,,,,,,,,,,,,,,,,,,,,,,,-,-,,,,,,,,,,,
UFT.2014(L)7258,,w,+,+,+,+,+,+,-,-,+,-,-,w,+,+,+,+,,+,+,+,+,+,w,-,w,+,-,+,-,+,-,-,-,,,,+,-,-,+,,,+,+,+,+,-,,-,-,,,,,
UFT.2014(L)7259,,+,+,+,+,+,+,-,-,+,+,-,-,+,,,,,,,,,,,,,,,,,,,,,,,,,,,,,,,-,-,,,,,,,,,,,
UFT.2014(L)7260,,+,+,+,+,+,+,-,+,+,+,-,-,+,,,,,,,,,,,,,,,,,,,,,,,,,,,,,,,-,-,,,,,,,,,,,
UFT.2014(L)7263,,+,+,+,+,+,+,-,-,-,+,-,-,+,-,-,-,+,-,-,-,+,-,+,+,+,+,+,-,+,+,-,-,-,+,-,+,-,+,+,-,+,,,-,-,+,+,-,-,-,+,+,-,+,-,+
UFT.2014(L)7264,,+,+,+,+,+,+,-,-,-,+,-,-,+,,,,,,,,,,,,,,,,,,,,,,,,,,,,,,,-,-,,,,,,,,,,,
UFT.2014(L)7266,,+,+,+,+,+,+,-,-,-,+,-,-,+,-,-,-,+,-,-,-,-,-,+,+,-,+,+,-,+,-,-,-,-,+,-,-,-,-,+,-,+,,,-,-,+,+,-,+,-,-,+,-,+,-,+
UFT.2014(L)7268,,+,+,+,+,+,+,-,+,+,+,-,-,+,,,,,,,,,,,,,,,,,,,,,,,,,,,,,,,-,-,,,,,,,,,,,
UFT.2014(L)7269,,+,+,+,+,+,+,-,-,+,+,-,-,+,,,,,,,,,,,,,,,,,,,,,,,,,,,,,,,-,-,,,,,,,,,,,
UFT.2014(L)7271,,+,-,+,+,+,+,-,-,-,+,-,-,+,-,-,-,+,-,-,-,+,-,+,+,+,+,+,-,+,-,-,-,-,+,-,+,-,-,+,-,+,,,-,-,+,+,-,-,-,+,+,-,+,-,+
UFT.2014(L)7272,,+,+,+,+,+,+,-,,+,+,-,w,+,+,w,-,w,,+,-,+,w,+,+,+,+,w,w,+,+,-,-,+,+,-,+,-,+,+,+,+,,,-,-,+,+,-,-,-,-,-,-,+,+,-
UFT.2014(L)7275,,-,+,-,-,-,-,-,-,-,-,-,-,+,-,-,-,-,-,-,-,-,-,-,-,-,+,-,+,+,+,-,-,+,+,-,-,-,-,-,-,+,,,-,-,+,+,+,-,-,-,+,+,-,-,-
UFT.2014(L)7277,,+,+,+,+,+,+,-,+,+,+,-,-,+,,,,,,,,,,,,,,,,,,,,,,,,,,,,,,,-,-,,,,,,,,,,,
UFT.2014(L)7278,,+,+,+,+,+,+,+,+,+,+,-,+,+,,,,,,,,,,,,,,,,,,,,,,,,,,,,,,,+,+,,,,,,,,,,,
UFT.2014(L)7281,,+,+,+,+,+,+,-,-,-,+,-,-,+,+,+,-,-,-,+,-,+,+,+,+,+,+,+,-,+,+,-,-,+,-,-,-,-,w,+,+,+,,,-,-,+,+,-,-,+,+,+,+,+,+,-
UFT.2014(L)7299,,+,+,+,+,+,+,-,+,+,+,-,-,+,,,,,,,,,,,,,,,,,,,,,,,,,,,,,,,-,-,,,,,,,,,,,
UFT.2014(L)7301,,+,+,+,+,+,+,+,-,+,+,-,+,+,,,,,,,,,,,,,,,,,,,,,,,,,,,,,,,+,+,,,,,,,,,,,
UFT.2014(L)7328,,+,+,+,+,+,+,-,-,-,+,-,-,+,,,,,,,,,,,,,,,,,,,,,,,,,,,,,,,-,-,,,,,,,,,,,
UFT.2014(L)7332,,+,+,+,+,-,+,-,-,-,+,-,-,+,,,,,,,,,,,,,,,,,,,,,,,,,,,,,,,-,-,,,,,,,,,,,
UFT.2014(L)7333,,+,+,+,+,+,+,-,w,+,+,-,-,+,,,,,,,,,,,,,,,,,,,,,,,,,,,,,,,-,-,,,,,,,,,,,
UFT.2014(L)7353,,-,-,-,-,-,-,-,-,-,,-,-,-,-,-,-,-,-,-,-,-,-,-,-,-,+,+,-,-,-,,-,-,-,-,-,-,+,-,+,+,,,-,-,+,+,+,-,-,-,-,-,+,-,-
UFT.2014(L)7355,,+,-,+,+,+,+,-,-,+,+,+,-,+,-,-,-,+,-,-,-,+,-,+,+,+,+,-,+,+,+,-,-,+,+,-,-,-,-,+,-,+,,,-,-,+,+,+,-,+,-,-,+,+,-,-
UFT.2014(L)7356,,+,+,+,-,+,+,-,-,-,+,-,-,+,-,-,+,+,-,+,+,,+,+,+,+,+,+,,+,+,-,-,-,+,-,-,-,-,+,-,+,,,-,-,+,+,+,-,-,-,-,+,+,-,+
UFT.2014(L)7358,,+,+,+,+,+,+,+,+,+,+,-,+,+,+,+,+,-,-,-,+,+,-,w,+,+,-,+,-,+,+,+,-,+,+,-,-,-,+,+,+,+,,,+,+,+,+,+,-,-,-,-,-,+,-,-
UFT.2014(L)7359,,+,+,+,+,+,+,-,-,-,+,-,-,+,-,-,-,-,,+,-,+,-,+,+,-,+,+,-,+,+,-,-,-,-,,,,w,+,-,+,,,-,-,+,+,-,-,-,-,+,+,-,-,-
UFT.2014(L)7362,,+,+,+,+,+,+,-,+,+,+,-,-,+,,,,,,,,,,,,,,,,,,,,,,,,,,,,,,,-,-,,,,,,,,,,,
UFT.2014(L)7363,,+,+,+,+,+,+,-,+,-,+,-,-,+,+,-,+,-,-,+,-,+,+,+,+,+,+,+,-,+,+,-,-,+,-,-,+,-,-,+,+,+,,,-,-,+,+,-,-,+,+,+,+,+,+,-
UFT.2014(L)7364,,+,+,+,+,+,+,-,-,-,+,-,-,+,+,+,+,-,-,+,+,+,+,+,+,+,+,+,+,+,+,-,-,-,+,-,+,-,+,+,+,,,,+,-,+,+,-,-,+,-,+,+,+,+,+
UFT.2014(L)7365,,+,+,+,+,+,+,+,-,+,+,+,+,+,+,+,-,+,+,+,+,+,w,+,+,+,+,+,-,+,+,+,+,+,+,-,-,-,-,+,+,+,,,-,-,+,+,+,-,+,-,-,+,+,-,-
UFT.2014(L)7366,,-,-,-,-,-,-,-,-,-,-,-,,-,-,-,-,-,-,-,-,-,-,-,-,-,-,-,-,-,-,-,-,-,-,-,-,-,-,-,+,+,,,-,-,+,+,+,-,-,-,+,+,+,-,-
UFT.2014(L)7381,,-,+,-,-,+,+,-,-,-,+,-,-,+,-,-,-,-,-,-,-,-,-,-,-,-,-,+,+,+,+,-,-,-,+,-,-,-,-,+,-,+,,,-,-,+,+,+,-,-,-,+,-,+,-,-
UFT.2014(L)7382,,+,-,+,+,+,+,-,-,-,+,-,-,+,-,-,-,+,-,-,-,+,-,+,+,+,+,+,-,+,+,-,-,+,-,-,-,-,-,+,-,+,,,-,-,+,+,-,-,+,+,+,+,+,-,-
UFT.2014(L)7383,,+,+,+,+,+,+,-,-,-,+,-,-,+,+,+,+,-,-,+,+,+,+,+,+,+,+,+,+,+,+,-,-,-,+,-,+,-,+,+,+,+,,,-,-,,,,,,,,,,,
UFT.2014(L)7384,,+,+,+,+,+,+,-,-,-,+,w,-,+,,,,,,,,,,,,,,,,,,,,,,,,,,,,,,,-,-,,,,,,,,,,,
UFT.2014(L)7387,,+,+,+,+,+,+,-,+,+,+,-,-,+,,,,,,,,,,,,,,,,,,,,,,,,,,,,,,,-,-,,,,,,,,,,,
UFT.2014(L)7389,,-,-,-,-,+,-,-,-,-,-,-,-,-,-,-,-,-,,-,-,-,-,-,-,-,+,+,-,-,-,-,-,-,-,,,,-,-,-,-,,,-,-,+,+,-,,-,-,,,,,
UFT.2014(L)7390,,-,+,-,+,+,-,-,-,-,-,-,-,+,-,,-,-,+,-,-,-,-,-,-,-,+,-,+,+,+,-,-,-,-,+,-,-,-,-,-,+,,,-,-,+,+,+,-,-,-,+,-,+,-,
UFT.2014(L)7391,,-,-,-,-,+,-,-,-,-,-,-,-,-,-,-,-,-,-,-,-,-,-,-,-,-,-,-,-,-,-,-,-,-,-,-,-,-,-,-,-,+,,,-,-,+,+,-,-,-,-,-,+,+,,
UFT.2014(L)7392,,-,-,-,+,-,-,-,-,-,-,-,-,+,-,,-,-,+,-,-,-,-,-,-,-,-,-,+,+,+,-,-,-,-,-,-,-,-,-,-,+,,,-,-,+,+,+,-,-,-,+,-,+,-,
UFT.2014(L)7393,,-,-,-,-,-,-,-,-,-,-,w,-,-,-,-,-,-,-,-,-,-,,-,-,,w,w,-,-,-,-,-,-,-,-,-,-,-,-,+,+,,,-,-,+,+,+,-,-,-,-,-,+,-,-
UFT.2014(L)7394,,+,+,+,-,+,+,+,-,-,+,-,+,+,+,+,+,-,+,+,-,w,w,+,+,-,w,+,+,,,-,-,-,,-,-,-,+,+,+,+,,,-,-,,,,,,,,,,,
UFT.2014(L)7395,,+,-,+,+,+,-,-,-,-,+,-,-,+,-,-,-,+,,-,-,+,-,+,+,-,+,-,-,+,+,-,-,-,-,,,,-,+,-,+,,,-,-,+,+,-,,-,-,,,,,
UFT.2014(L)7397,,w,+,-,-,+,-,,-,-,-,-,-,+,-,-,-,-,,w,-,-,-,-,-,-,-,w,+,+,+,-,-,-,-,,,,-,-,-,-,,,-,-,+,+,-,,-,-,,,,,
UFT.2014(L)7398,,+,+,+,+,+,+,+,w,-,+,,-,+,+,+,-,-,-,+,-,+,w,,+,w,+,+,-,+,+,+,w,-,-,-,-,-,+,,+,+,,,-,-,+,+,-,,+,+,,,,,
UFT.2014(L)7399,,+,+,+,+,+,+,-,+,+,+,-,-,+,,,,,,,,,,,,,,,,,,,,,,,,,,,,,,,-,-,,,,,,,,,,,
UFT.2014(L)7500,,+,+,+,+,+,+,-,+,+,+,-,-,+,,,,,,,,,,,,,,,,,,,,,,,,,,,,,,,-,-,,,,,,,,,,,
UFT.2014(L)7501,,+,+,+,-,+,+,-,-,-,+,-,-,+,,,,,,,,,,,,,,,,,,,,,,,,,,,,,,,-,-,,,,,,,,,,,
UFT.2014(L)7503,,+,+,+,+,+,+,-,-,-,+,-,-,+,,,,,,,,,,,,,,,,,,,,,,,,,,,,,,,-,-,,,,,,,,,,,
UFT.2014(L)7505,,-,-,-,-,+,-,-,-,-,-,-,-,-,,,,,,,,,,,,,,,,,,,,,,,,,,,,,,,-,-,,,,,,,,,,,
UFT.2014(L)7507,,-,-,-,-,+,-,-,-,-,-,-,-,-,,,,,,,,,,,,,,,,,,,,,,,,,,,,,,,-,-,,,,,,,,,,,
UFT.2014(L)7508,,-,-,-,-,-,-,-,-,-,-,-,-,+,,,,,,,,,,,,,,,,,,,,,,,,,,,,,,,-,-,,,,,,,,,,,
UFT.2014(L)7512,,-,-,-,-,+,-,-,-,-,-,-,-,-,,,,,,,,,,,,,,,,,,,,,,,,,,,,,,,-,-,,,,,,,,,,,
UFT.2014(L)7513,,-,-,-,+,-,-,-,-,-,-,-,-,w,,,,,,,,,,,,,,,,,,,,,,,,,,,,,,,-,-,,,,,,,,,,,
UFT.2014(L)7514,,+,+,+,+,+,+,-,+,+,+,-,-,+,,,,,,,,,,,,,,,,,,,,,,,,,,,,,,,-,-,,,,,,,,,,,
UFT.2014(L)7515,,-,+,-,-,-,-,-,-,-,-,-,-,+,,,,,,,,,,,,,,,,,,,,,,,,,,,,,,,-,-,,,,,,,,,,,
UFT.2014(L)7516,,-,-,-,-,+,-,-,-,-,-,-,-,+,,,,,,,,,,,,,,,,,,,,,,,,,,,,,,,-,-,,,,,,,,,,,
UFT.2014(L)7517,,+,+,+,+,+,+,+,-,+,+,-,+,+,,,,,,,,,,,,,,,,,,,,,,,,,,,,,,,-,+,,,,,,,,,,,
UFT.2014(L)7519,,+,+,+,+,+,+,-,+,+,+,-,-,+,,,,,,,,,,,,,,,,,,,,,,,,,,,,,,,-,-,,,,,,,,,,,
UFT.2014(L)7520,,+,+,+,+,+,+,-,-,+,+,-,-,+,,,,,,,,,,,,,,,,,,,,,,,,,,,,,,,-,-,,,,,,,,,,,
UFT.2014(L)7524,,+,+,+,+,+,+,-,+,+,+,-,-,+,,,,,,,,,,,,,,,,,,,,,,,,,,,,,,,-,-,,,,,,,,,,,
UFT.2014(L)7525,,+,+,+,+,+,+,-,+,+,+,-,-,+,,,,,,,,,,,,,,,,,,,,,,,,,,,,,,,-,-,,,,,,,,,,,
UFT.2014(L)7526,,+,+,+,+,+,+,-,+,+,+,-,-,+,,,,,,,,,,,,,,,,,,,,,,,,,,,,,,,-,-,,,,,,,,,,,
UFT.2014(L)7527,,+,+,+,+,+,+,-,+,+,+,-,-,+,,,,,,,,,,,,,,,,,,,,,,,,,,,,,,,-,-,,,,,,,,,,,
UFT.2014(L)7528,,+,+,+,+,+,+,-,-,-,+,-,-,+,+,+,+,-,-,+,+,+,+,+,+,+,+,+,+,+,+,-,-,-,+,-,-,-,+,+,+,+,,,-,-,+,+,-,-,-,-,+,+,+,-,+
UFT.2014(L)7529,,-,+,-,-,-,-,-,-,-,-,-,-,+,,,,,,,,,,,,,,,,,,,,,,,,,,,,,,,-,-,,,,,,,,,,,
UFT.2014(L)7531,,-,-,-,-,-,-,-,-,-,-,-,-,-,,,,,,,,,,,,,,,,,,,,,,,,,,,,,,,-,-,,,,,,,,,,,
UFT.2014(L)7532,,+,+,+,+,+,+,-,+,+,+,-,-,+,,,,,,,,,,,,,,,,,,,,,,,,,,,,,,,-,-,,,,,,,,,,,
UFT.2014(L)7533,,+,+,+,+,+,+,-,+,+,+,-,-,+,,,,,,,,,,,,,,,,,,,,,,,,,,,,,,,-,-,,,,,,,,,,,
UFT.2014(L)7534,,-,-,-,-,+,-,-,-,-,-,-,-,-,,,,,,,,,,,,,,,,,,,,,,,,,,,,,,,-,-,,,,,,,,,,,
UFT.2014(L)7535,,-,-,-,-,-,-,-,-,-,-,-,-,-,-,-,-,-,+,+,-,-,-,+,+,-,-,-,+,+,-,-,-,-,-,-,-,-,-,+,-,+,,,-,-,+,+,-,,-,,,,,,
UFT.2014(L)7536,,+,-,-,-,+,-,-,-,-,-,-,-,-,-,-,w,+,-,-,-,-,-,-,-,-,+,+,-,-,-,-,-,-,+,-,-,-,+,-,+,+,,,-,-,+,+,-,-,-,-,+,+,+,+,+
UFT.2014(L)7537,,-,+,-,+,-,-,-,-,+,-,+,-,+,+,-,-,-,-,-,-,-,-,-,-,-,-,-,+,+,-,-,-,-,-,-,+,-,-,+,-,+,,,,,,,,,,,,,,,
UFT.2014(L)7538,,+,+,+,+,+,+,-,-,-,+,-,-,+,+,-,+,+,-,+,+,+,-,+,+,+,+,+,-,+,+,-,-,+,+,-,-,-,+,+,-,+,,,-,-,+,+,-,,-,,,,,,
UFT.2014(L)7539,,+,+,+,+,+,+,-,+,+,+,-,-,+,+,+,+,-,+,+,-,+,+,+,+,+,-,+,-,-,+,-,-,-,+,-,-,-,-,+,+,+,,,+,-,+,+,-,-,+,-,-,-,w,+,+
UFT.2014(L)7540,,-,-,-,-,-,-,-,-,-,-,-,-,w,-,-,-,-,+,+,-,-,-,-,-,-,-,-,-,+,+,-,-,-,-,-,-,-,-,-,-,+,,,-,-,+,+,+,-,-,-,+,-,w,-,-
UFT.2014(L)7541,,+,-,+,-,+,+,-,-,-,+,-,-,+,-,-,+,+,-,+,+,+,-,+,+,+,+,+,+,+,+,-,+,-,+,-,-,-,-,+,+,+,,,+,+,+,+,-,-,-,-,+,-,+,-,-
UFT.2014(L)7542,,-,-,-,-,+,-,-,-,-,-,-,-,-,-,-,-,-,+,-,-,-,-,-,-,-,+,+,-,+,+,-,-,-,-,-,-,-,+,-,-,+,,,-,-,+,+,-,-,-,-,-,+,+,+,+
UFT.2014(L)7543,,+,+,+,+,+,+,-,-,-,+,-,-,+,+,-,+,+,-,+,+,+,+,+,+,+,+,+,+,+,+,+,-,-,+,-,+,-,+,+,-,+,,,-,-,+,+,-,-,+,-,+,+,+,+,+
UFT.2014(L)7546,,-,-,-,-,-,-,-,-,-,-,-,-,-,-,-,-,-,+,+,-,-,-,-,-,-,-,-,+,+,+,-,-,-,-,-,-,-,-,+,-,+,,,-,-,+,+,-,-,-,-,-,+,+,+,+
UFT.2014(L)7547,,+,-,+,-,+,+,-,-,-,+,-,-,+,-,-,+,+,-,+,+,+,+,+,+,+,+,+,+,+,+,-,+,+,+,-,-,-,+,+,+,+,,,+,+,+,+,-,-,-,-,+,-,+,-,-
UFT.2014(L)7548,,+,-,+,+,+,+,+,-,-,+,-,-,+,w,-,-,+,,-,-,+,-,+,+,-,+,+,-,+,+,-,-,-,-,,,,-,+,-,+,,,-,-,+,+,-,,-,-,,,,,
UFT.2014(L)7549,,-,+,+,+,+,+,-,-,-,+,-,-,+,-,-,+,+,-,+,+,+,-,+,+,+,+,+,-,+,+,-,-,-,+,-,-,-,+,+,-,+,,,-,-,+,+,+,-,-,-,-,-,w,-,-
UFT.2014(L)7550,,-,-,-,-,+,-,-,-,-,-,,-,-,-,-,-,-,-,-,-,-,-,,-,-,+,+,-,-,-,-,-,-,-,-,-,-,-,,-,-,,,-,-,+,+,-,,-,-,,,,,
UFT.2014(L)7551,,+,+,+,+,+,+,-,-,-,+,-,-,+,-,-,-,-,+,+,-,+,-,+,+,+,+,+,-,+,+,-,+,-,+,-,-,-,+,+,-,+,,,-,-,+,+,-,-,-,-,-,-,+,-,-
UFT.2014(L)7552,,+,+,+,+,+,+,-,+,-,+,-,-,+,+,+,-,-,-,+,-,+,-,+,+,+,+,+,-,+,+,-,-,-,-,-,+,-,+,+,+,+,,,-,-,+,+,-,-,+,+,+,+,+,+,-
UFT.2014(L)7553,,w,-,+,+,+,+,-,-,-,+,-,-,+,+,-,-,-,-,+,-,+,-,+,+,-,+,+,+,+,+,-,-,-,-,-,+,-,+,+,-,+,,,-,-,+,+,-,-,-,-,+,-,+,+,-
UFT.2014(L)7554,,-,-,-,,w,-,-,-,-,-,,-,-,-,-,-,-,-,-,-,-,-,,-,-,+,w,-,+,-,-,-,-,-,-,-,-,-,-,+,-,,,-,-,+,+,+,-,-,-,-,+,+,-,-
UFT.2014(L)7555,,+,+,+,+,+,+,-,-,-,+,-,-,+,+,+,-,-,-,+,+,+,+,+,+,+,+,+,+,+,+,-,-,-,+,-,+,-,+,+,+,+,,,-,-,+,+,-,-,-,-,+,+,+,+,+
UFT.2014(L)7556,,+,+,+,+,+,+,-,-,-,+,-,-,+,+,+,+,-,-,+,-,+,+,+,+,+,+,+,-,+,-,-,-,-,+,-,+,-,+,+,+,+,,,-,-,+,+,-,-,+,+,+,+,+,+,-
UFT.2014(L)7557,,,-,-,-,+,-,-,-,-,-,-,-,-,-,-,-,-,,-,-,-,-,-,-,-,+,+,-,-,-,-,-,-,-,,,,-,-,-,-,,,-,-,+,+,-,,-,-,,,,,
UFT.2014(L)7558,,+,+,+,+,+,+,-,-,-,+,-,-,+,+,+,-,-,-,+,+,+,+,+,+,+,+,+,+,+,+,+,-,-,+,-,+,-,+,+,+,+,,,-,-,+,+,-,-,+,-,+,+,+,+,+
UFT.2014(L)7587,,+,+,+,+,+,+,-,+,+,+,-,-,+,+,+,+,-,+,+,-,+,+,+,+,+,+,+,w,+,+,-,-,+,+,-,w,-,+,+,+,+,,,-,-,+,+,-,-,+,-,-,+,+,+,-
UFT.2014(L)7588,,-,-,-,-,-,-,-,-,-,-,-,-,-,-,-,-,-,+,-,-,-,-,+,+,-,-,-,+,+,+,-,-,-,-,-,+,-,-,-,-,+,,,-,-,+,+,+,-,-,-,+,-,w,-,-
UFT.2014(L)7589,,+,-,+,+,+,+,+,-,-,+,-,-,+,-,-,-,+,,-,-,+,-,+,+,-,+,+,-,+,+,w,-,-,-,-,-,-,-,+,-,+,,,-,-,+,+,+,-,+,-,-,+,+,-,-
UFT.2014(L)7590,,+,+,+,+,+,+,-,w,-,+,,-,+,+,+,-,-,-,+,-,+,w,,+,w,+,+,-,+,+,+,w,w,-,-,-,-,-,,+,+,,,-,-,+,+,+,-,+,-,-,+,+,-,-
UFT.2014(L)7719,,-,-,-,+,-,-,-,-,-,-,-,-,-,-,,-,-,+,-,-,-,-,-,-,-,-,-,+,+,+,-,-,-,-,-,-,-,-,+,-,+,,,-,-,+,+,+,-,-,-,+,+,-,-,
UFT.2014(L)7720,,-,-,-,-,-,-,-,-,-,-,-,-,-,-,-,-,-,+,-,-,-,+,-,-,-,-,-,+,+,w,-,+,-,-,-,-,-,w,+,-,+,,,-,-,+,+,+,-,-,-,+,-,-,-,-
UFT.2014(L)7724,,-,+,-,-,-,-,-,-,-,-,+,+,+,-,+,-,-,+,+,-,-,-,-,-,-,-,+,+,+,+,-,-,-,+,-,-,-,-,+,-,+,,,-,-,+,+,+,-,-,-,+,+,+,-,-
UFT.2014(L)7725,,+,+,+,+,+,+,-,-,-,+,-,-,+,+,+,+,-,-,+,+,+,+,+,+,+,+,+,+,+,+,-,-,-,+,-,+,-,+,+,+,+,,,-,-,,,,,,,,,,,
UFT.2014(L)7726,,+,+,+,+,+,+,-,-,-,+,-,-,+,+,+,-,-,-,+,+,+,+,+,+,+,+,+,-,+,+,-,+,+,-,-,-,-,+,+,+,+,,,+,-,+,+,-,-,+,+,+,+,+,+,-
UFT.2014(L)7729,,+,+,+,+,+,+,-,-,+,+,-,-,+,,,,,,,,,,,,,,,,,,,,,,,,,,,,,,,-,-,,,,,,,,,,,
UFT.2014(L)7730,,+,+,+,+,+,+,-,,+,+,-,w,+,+,w,w,-,,+,-,+,+,+,+,+,+,w,+,+,+,-,-,+,+,-,+,-,+,+,+,+,,,-,-,+,+,-,-,-,-,-,-,+,+,-
UFT.2014(L)7733,,+,+,+,+,+,+,-,-,-,+,-,-,+,w,-,-,-,,+,-,+,w,+,+,+,+,+,w,+,+,-,-,-,+,-,-,-,w,+,-,+,,,-,-,+,+,-,-,-,-,-,-,+,-,-
UFT.2014(L)7734,,+,-,-,-,-,-,-,-,-,-,-,-,-,-,-,-,-,,w,-,-,-,-,-,-,-,-,+,+,+,-,-,-,-,-,+,-,-,-,-,+,,,-,-,+,+,-,-,-,-,-,-,-,+,+
UFT.2014(L)7735,,-,-,-,-,-,-,-,-,-,-,,-,-,-,-,-,-,-,-,-,-,-,,-,-,-,w,+,+,+,+,-,-,-,-,-,-,,,-,-,,,-,-,+,+,-,,-,-,,,,,
UFT.2014(L)7737,,+,+,+,+,+,+,-,-,w,+,-,-,+,+,-,+,-,+,+,-,+,-,+,+,+,+,+,-,+,+,-,-,w,+,-,-,-,+,+,+,+,,,-,-,+,+,-,-,+,-,-,+,-,-,-
UFT.2014(L)7738,,+,+,+,+,+,+,-,-,-,+,w,-,+,w,-,-,-,,+,-,+,w,+,+,+,+,+,w,+,+,-,-,w,+,-,-,-,+,+,-,+,,,-,-,+,+,-,-,-,-,-,-,+,-,-
UFT.2014(L)7739,,+,+,+,+,+,+,-,w,+,+,,-,+,+,+,w,-,-,+,-,+,+,,+,+,+,+,-,+,+,+,w,+,-,-,-,-,,,+,+,,,-,-,+,+,-,,+,-,,,,,
UFT.2014(L)7742,,+,+,+,+,+,+,-,w,+,+,-,-,+,,,,,,,,,,,,,,,,,,,,,,,,,,,,,,,-,-,,,,,,,,,,,
UFT.2014(L)7743,,+,+,+,+,+,+,-,w,+,+,-,-,+,,,,,,,,,,,,,,,,,,,,,,,,,,,,,,,-,-,,,,,,,,,,,
UFT.2014(L)7744,,+,+,+,,+,+,-,-,+,+,,+,+,+,w,-,-,-,+,-,+,-,,+,-,+,w,-,+,+,-,-,-,-,-,-,-,-,+,+,+,,,-,-,+,+,+,,+,+,,,,,
UFT.2014(L)7747,,+,+,+,+,+,+,+,-,-,+,-,-,+,-,-,-,+,,+,+,+,-,+,+,-,+,+,-,+,+,w,-,-,-,,,,w,+,-,+,,,-,-,+,+,-,,-,-,,,,,
UFT.2014(L)7748,,+,+,+,+,+,+,-,-,-,+,-,-,+,-,-,-,+,-,+,+,+,+,+,+,+,+,+,+,+,+,+,-,-,+,-,+,-,+,+,-,+,,,-,-,+,+,-,-,-,-,+,-,+,+,+
UFT.2014(L)7749,,+,+,+,+,+,-,-,-,-,+,-,-,+,+,w,w,-,,+,-,+,w,+,+,-,w,w,-,+,+,-,-,-,-,,,,-,+,+,+,,,-,-,+,+,-,,+,+,,,,,
UFT.2014(L)7750,,-,-,-,,+,-,-,-,-,-,,-,-,-,-,-,-,-,-,-,-,-,,-,-,+,+,-,-,-,-,-,-,-,-,-,-,-,-,+,-,,,+,-,+,+,+,,-,-,,,,,
UFT.2014(L)7751,,+,+,+,+,+,+,-,w,+,+,-,-,+,,,,,,,,,,,,,,,,,,,,,,,,,,,,,,,-,-,,,,,,,,,,,
UFT.2014(L)7752,,+,+,+,+,+,+,-,+,+,+,w,-,+,,,,,,,,,,,,,,,,,,,,,,,,,,,,,,,-,-,,,,,,,,,,,
UFT.2014(L)7756,,+,+,+,+,+,+,-,+,+,+,-,-,+,,,,,,,,,,,,,,,,,,,,,,,,,,,,,,,-,-,,,,,,,,,,,
UFT.2014(L)7760,,+,+,+,+,+,+,-,+,+,+,-,-,+,,,,,,,,,,,,,,,,,,,,,,,,,,,,,,,-,-,,,,,,,,,,,
UFT.2014(L)7761,,+,+,+,+,+,+,-,+,+,+,-,-,+,,,,,,,,,,,,,,,,,,,,,,,,,,,,,,,-,-,,,,,,,,,,,
UFT.2014(L)7764,,+,+,+,+,+,+,-,+,+,+,-,-,+,,,,,,,,,,,,,,,,,,,,,,,,,,,,,,,-,-,,,,,,,,,,,
UFT.2014(L)7765,,+,+,+,+,+,+,-,w,+,+,-,-,+,+,+,-,-,+,+,-,+,-,+,+,+,+,+,+,+,+,-,+,+,+,-,-,-,+,+,+,+,,,-,-,+,+,+,-,+,-,+,+,+,-,+
UFT.2014(L)7766,,-,+,-,-,-,-,-,-,-,-,-,-,+,-,-,-,-,-,-,-,-,-,-,-,-,-,-,+,+,+,-,-,-,+,-,-,-,-,-,-,+,,,-,-,+,+,+,-,-,-,+,+,+,-,-
UFT.2014(L)7767,,-,-,-,-,-,-,-,-,-,-,-,-,-,,,,,,,,,,,,,,,,,,,,,,,,,,,,,,,-,-,,,,,,,,,,,
UFT.2014(L)7768,,+,+,+,+,+,+,-,+,+,+,+,-,+,,,,,,,,,,,,,,,,,,,,,,,,,,,,,,,-,-,,,,,,,,,,,
UFT.2014(L)7769,,-,-,-,+,-,-,-,-,+,-,-,+,+,+,+,+,-,+,+,+,+,-,+,+,+,-,+,+,+,+,+,+,-,+,-,-,-,-,+,+,+,,,+,+,+,+,+,-,-,-,+,-,w,+,+
UFT.2014(L)7770,,+,+,-,+,+,+,-,-,-,-,-,-,+,,,,,,,,,,,,,,,,,,,,,,,,,,,,,,,-,-,,,,,,,,,,,
UFT.2014(L)7771,,-,-,-,-,+,-,-,-,-,-,-,-,-,,,,,,,,,,,,,,,,,,,,,,,,,,,,,,,-,-,,,,,,,,,,,
UFT.2014(L)7772,,+,+,+,+,+,+,-,+,+,+,-,-,+,,,,,,,,,,,,,,,,,,,,,,,,,,,,,,,-,-,,,,,,,,,,,
UFT.2014(L)7773,,-,-,-,-,-,-,-,-,-,-,-,-,-,,,,,,,,,,,,,,,,,,,,,,,,,,,,,,,-,-,,,,,,,,,,,
UFT.2014(L)7774,,+,+,+,+,+,+,-,-,+,+,-,-,+,+,+,+,-,+,+,+,+,,+,+,,+,+,+,+,+,-,-,+,+,-,-,-,-,-,+,+,,,+,+,+,+,+,-,+,+,+,+,+,+,-
UFT.2014(L)7775,,-,+,-,w,-,-,-,-,-,-,-,-,+,,,,,,,,,,,,,,,,,,,,,,,,,,,,,,,-,-,,,,,,,,,,,
UFT.2014(L)7776,,-,+,-,-,-,-,-,-,-,-,-,-,+,-,-,-,-,-,+,-,-,-,-,-,-,-,+,+,+,-,-,-,-,+,-,-,-,-,+,-,+,,,-,-,+,+,-,-,-,-,+,+,+,-,+
UFT.2014(L)7777,,+,-,+,-,+,+,-,-,-,+,-,-,+,-,-,+,+,-,+,+,+,-,+,+,+,+,+,+,+,+,-,+,-,+,-,-,-,-,+,+,+,,,+,+,+,+,-,-,-,-,+,-,+,-,-
UFT.2014(L)7778,,-,-,-,-,+,-,-,-,-,-,-,-,-,,,,,,,,,,,,,,,,,,,,,,,,,,,,,,,-,-,,,,,,,,,,,
UFT.2014(L)7779,,+,-,+,-,+,+,-,-,-,+,-,-,+,-,w,-,+,-,-,-,+,-,+,+,+,+,+,w,+,+,-,-,+,+,-,-,-,-,+,-,+,,,-,-,+,+,-,-,+,-,+,-,+,-,-
UFT.2014(L)7780,,-,+,-,w,-,-,-,-,-,-,-,-,+,,,,,,,,,,,,,,,,,,,,,,,,,,,,,,,-,-,,,,,,,,,,,
UFT.2014(L)7781,,+,+,+,+,+,+,-,+,+,+,-,-,+,,,,,,,,,,,,,,,,,,,,,,,,,,,,,,,-,-,,,,,,,,,,,
UFT.2014(L)7782,,+,+,+,+,+,+,-,-,-,+,-,-,+,-,-,+,+,-,-,+,+,-,+,+,+,+,+,+,+,+,-,+,-,+,-,+,-,+,+,+,+,,,+,+,+,+,-,-,-,+,+,-,+,-,+
UFT.2014(L)7783,,+,+,+,+,+,+,-,-,-,+,-,-,+,,,,,,,,,,,,,,,,,,,,,,,,,,,,,,,-,-,,,,,,,,,,,
UFT.2014(L)7784,,+,+,+,+,+,+,-,-,+,+,-,-,+,,,,,,,,,,,,,,,,,,,,,,,,,,,,,,,-,-,,,,,,,,,,,
UFT.2014(L)7785,,-,+,-,+,-,-,-,-,-,-,-,-,+,,,,,,,,,,,,,,,,,,,,,,,,,,,,,,,-,-,,,,,,,,,,,
UFT.2014(L)7786,,-,-,-,-,+,-,-,-,-,-,-,-,+,,,,,,,,,,,,,,,,,,,,,,,,,,,,,,,-,-,,,,,,,,,,,
UFT.2014(L)7787,,+,+,+,+,+,+,-,+,+,+,-,-,+,,,,,,,,,,,,,,,,,,,,,,,,,,,,,,,-,-,,,,,,,,,,,
UFT.2014(L)7788,,+,w,+,+,+,+,-,+,+,+,-,-,+,,,,,,,,,,,,,,,,,,,,,,,,,,,,,,,-,-,,,,,,,,,,,
UFT.2014(L)7789,,+,+,+,+,+,+,-,-,+,+,-,-,+,,,,,,,,,,,,,,,,,,,,,,,,,,,,,,,-,-,,,,,,,,,,,
UFT.2014(L)7798,,+,+,+,+,+,+,-,+,+,+,-,-,+,,,,,,,,,,,,,,,,,,,,,,,,,,,,,,,-,-,,,,,,,,,,,
UFT.2014(L)7799,,+,-,+,+,+,+,-,-,+,+,-,-,+,-,,-,+,+,-,-,+,-,+,+,+,+,-,-,+,+,-,-,-,-,-,-,-,-,+,-,+,,,-,-,+,+,+,-,+,-,-,+,+,-,
UFT.2014(L)7800,,+,-,+,+,+,+,-,-,-,+,-,-,+,,,,,,,,,,,,,,,,,,,,,,,,,,,,,,,-,-,,,,,,,,,,,
UFT.2014(L)7801,,+,-,+,+,+,+,-,-,-,+,-,-,+,,,,,,,,,,,,,,,,,,,,,,,,,,,,,,,-,-,,,,,,,,,,,
UFT.2014(L)7802,,-,-,-,-,-,-,-,-,-,-,-,-,-,-,,-,-,-,-,-,-,-,-,-,-,+,-,-,-,-,-,-,-,-,-,-,-,-,-,+,+,,,-,-,+,+,+,-,-,-,-,-,+,-,
UFT.2014(L)7803,,-,+,-,-,-,-,-,-,-,-,-,-,+,-,-,-,-,+,w,-,-,,-,-,,w,+,+,+,+,-,-,-,+,-,+,-,-,-,-,+,,,-,-,+,+,+,-,-,-,+,-,+,-,-
UFT.2014(L)7804,,+,+,+,+,+,+,+,+,+,+,+,+,+,+,+,+,+,+,+,+,+,+,+,+,+,+,+,+,+,+,+,+,+,+,-,-,-,+,+,+,+,,,+,+,+,+,-,-,-,-,-,-,+,,
UFT.2014(L)7805,,+,+,+,,+,+,-,+,+,+,,-,+,+,-,-,-,-,+,w,+,-,,+,-,+,+,+,+,+,+,-,-,-,-,-,-,-,+,+,+,,,+,-,+,+,+,,+,+,,,,,
UFT.2014(L)7806,,+,+,+,+,+,+,-,-,-,+,-,-,+,+,+,-,-,-,+,-,+,+,+,+,+,-,-,-,+,-,-,-,-,+,-,-,-,-,+,+,+,,,-,-,+,+,-,-,+,+,+,+,+,+,+
UFT.2014(L)7807,,+,+,+,+,+,+,-,w,+,+,w,-,+,,,,,,,,,,,,,,,,,,,,,,,,,,,,,,,-,-,,,,,,,,,,,
UFT.2014(L)7808,,+,+,+,+,+,+,-,-,+,+,+,-,+,,,,,,,,,,,,,,,,,,,,,,,,,,,,,,,-,-,,,,,,,,,,,
UFT.2014(L)7809,,+,+,+,+,+,+,-,+,+,+,+,-,+,,,,,,,,,,,,,,,,,,,,,,,,,,,,,,,-,-,,,,,,,,,,,
UFT.2014(L)7811,,+,+,+,+,+,+,-,+,+,+,-,-,+,,,,,,,,,,,,,,,,,,,,,,,,,,,,,,,-,-,,,,,,,,,,,
UFT.2014(L)7812,,+,+,+,+,+,+,-,w,+,+,w,-,+,,,,,,,,,,,,,,,,,,,,,,,,,,,,,,,-,-,,,,,,,,,,,
UFT.2014(L)7813,,+,+,+,-,+,+,-,+,+,+,-,-,+,,,,,,,,,,,,,,,,,,,,,,,,,,,,,,,-,-,,,,,,,,,,,
UFT.2014(L)7817,,+,+,+,+,+,+,-,+,+,+,-,-,+,,,,,,,,,,,,,,,,,,,,,,,,,,,,,,,-,-,,,,,,,,,,,
UFT.2014(L)7818,,-,-,-,-,-,-,-,-,-,-,-,-,-,-,-,-,-,-,+,-,-,-,-,-,-,-,-,-,+,+,-,-,-,-,-,-,-,-,-,-,+,,,-,-,+,+,+,-,-,-,-,-,+,-,-
UFT.2014(L)7818b,,+,+,+,+,+,+,-,-,+,+,-,-,+,,,,,,,,,,,,,,,,,,,,,,,,,,,,,,,-,-,,,,,,,,,,,
UFT.2014(L)7819,,+,+,+,+,+,+,-,+,+,+,-,-,+,,,,,,,,,,,,,,,,,,,,,,,,,,,,,,,-,-,,,,,,,,,,,
UFT.2014(L)7821,,+,+,+,+,+,+,-,+,+,+,-,-,+,,,,,,,,,,,,,,,,,,,,,,,,,,,,,,,-,-,,,,,,,,,,,
UFT.2014(L)7823,,+,-,+,+,+,+,-,-,-,+,-,-,+,-,+,-,+,-,+,+,+,-,+,+,+,+,+,+,+,+,-,-,-,-,-,+,-,-,+,-,+,,,-,-,+,+,-,-,-,-,+,-,+,-,+
UFT.2014(L)7824,,+,+,+,+,+,+,-,-,-,+,-,-,+,-,-,+,+,-,+,+,+,-,+,+,+,+,+,-,+,+,-,-,-,-,-,-,-,+,+,-,+,,,-,-,+,+,-,-,-,-,+,-,+,-,-
UFT.2014(L)7825,,+,+,+,+,+,+,w,+,+,+,-,-,+,+,w,-,w,,+,-,+,+,+,+,+,+,w,-,+,+,-,-,w,+,-,+,-,+,+,+,+,,,-,-,+,+,-,-,-,-,-,-,+,+,-
UFT.2014(L)7826,,+,-,+,+,+,+,-,-,+,+,+,-,+,+,-,+,+,+,+,-,+,-,+,+,+,-,+,-,+,+,-,-,+,+,-,-,-,+,+,+,+,,,-,-,+,+,-,-,-,-,-,+,+,+,+
UFT.2014(L)7827,,+,+,+,+,+,+,-,-,-,+,-,-,+,-,-,+,+,-,+,+,+,-,+,+,+,+,+,-,+,+,-,-,+,+,-,-,-,+,+,-,+,,,-,-,+,+,-,,-,,,,,,
UFT.2014(L)7832,,+,+,+,+,+,+,-,+,+,+,-,-,+,,,,,,,,,,,,,,,,,,,,,,,,,,,,,,,-,-,,,,,,,,,,,
UFT.2014(L)7833,,+,-,+,+,+,+,-,-,+,+,-,-,+,,,,,,,,,,,,,,,,,,,,,,,,,,,,,,,-,-,,,,,,,,,,,
UFT.2014(L)7834,,-,+,-,-,-,-,-,-,-,-,-,-,+,,,,,,,,,,,,,,,,,,,,,,,,,,,,,,,-,-,,,,,,,,,,,
UFT.2014(L)7835,,+,+,+,+,+,+,-,+,-,+,-,-,+,+,+,-,-,-,+,-,+,+,+,+,-,+,+,-,+,+,-,-,+,-,-,-,-,+,+,+,+,,,-,-,+,+,-,-,+,+,+,+,+,+,-
UFT.2014(L)7836,,+,-,+,-,+,+,-,-,-,+,-,-,+,+,-,+,-,-,+,+,+,-,+,+,+,+,+,+,+,+,-,+,-,+,-,-,-,+,+,+,+,,,+,+,+,+,-,-,-,-,+,-,+,+,+
UFT.2014(L)7837,,+,+,+,+,+,+,-,+,+,+,-,-,+,,,,,,,,,,,,,,,,,,,,,,,,,,,,,,,-,-,,,,,,,,,,,
UFT.2014(L)7838,,+,+,+,+,+,+,-,+,+,+,-,-,+,,,,,,,,,,,,,,,,,,,,,,,,,,,,,,,-,-,,,,,,,,,,,
UFT.2014(L)7839,,+,+,+,+,+,+,-,+,+,+,-,-,+,,,,,,,,,,,,,,,,,,,,,,,,,,,,,,,-,-,,,,,,,,,,,
UFT.2014(L)7840,,+,+,+,+,+,+,-,+,-,+,,-,+,+,+,-,-,-,+,-,+,-,,+,w,+,+,-,+,+,+,w,w,-,-,-,-,-,,+,+,,,,,,,,,,,,,,,
UFT.2014(L)7841,,-,+,-,-,-,-,-,-,-,-,-,-,+,,,,,,,,,,,,,,,,,,,,,,,,,,,,,,,-,-,,,,,,,,,,,
UFT.2014(L)7842,,+,-,+,-,+,+,-,-,-,+,-,-,+,-,-,-,+,-,-,-,,-,+,+,+,+,+,,+,+,-,-,+,+,-,-,-,+,+,-,+,,,-,-,+,+,-,-,+,-,+,-,+,-,-
UFT.2014(L)7843,,+,-,+,+,+,+,-,-,+,+,+,-,+,,,,,,,,,,,,,,,,,,,,,,,,,,,,,,,-,-,,,,,,,,,,,
UFT.2014(L)7844,,-,-,-,-,w,-,-,-,-,-,-,-,-,-,-,-,-,-,-,-,-,-,-,-,-,-,-,-,-,-,-,-,-,-,-,-,-,-,-,+,+,,,-,-,+,+,+,-,-,-,-,-,+,-,-
UFT.2014(L)7845,,+,-,+,+,+,-,-,-,-,+,-,-,+,+,w,-,-,,+,+,+,+,+,+,-,w,+,+,+,+,-,-,-,-,,,,+,+,+,+,,,+,+,+,+,-,,+,+,,,,,
UFT.2014(L)7846,,-,-,-,,-,-,-,-,+,-,,-,-,-,-,-,-,-,+,-,-,-,,+,-,+,+,+,+,+,-,+,-,-,-,-,-,-,-,-,-,,,+,-,+,+,+,,-,-,,,,,
UFT.2014(L)7847,,-,+,-,+,-,-,-,-,-,-,-,-,+,-,-,-,-,+,+,-,-,-,-,-,-,-,-,+,+,+,-,-,-,+,-,-,-,-,+,-,+,,,-,-,+,+,-,,-,,,,,,
UFT.2014(L)7848,,+,+,+,-,+,+,-,-,-,+,-,-,+,+,-,-,-,-,+,-,,-,+,+,+,+,+,,+,+,-,-,+,+,-,-,-,+,+,+,+,,,-,-,+,+,-,-,+,+,+,+,+,+,-
UFT.2014(L)7849,,+,w,+,-,+,+,-,-,-,+,-,-,+,-,-,-,+,-,+,-,+,+,+,+,+,+,+,-,+,+,+,-,-,+,-,-,-,-,+,+,+,,,-,-,+,+,-,-,+,-,+,-,+,+,-
UFT.2014(L)7850,,-,-,-,-,+,-,-,+,-,-,-,-,+,+,+,+,-,+,-,-,+,+,+,+,+,-,+,-,+,+,-,-,-,+,-,-,-,+,+,+,+,,,-,-,+,+,-,-,-,-,-,-,+,+,+
UFT.2014(L)7851,,+,-,+,+,+,+,-,-,-,+,-,-,+,-,-,-,+,-,+,+,+,-,+,+,+,+,+,+,+,+,-,-,-,+,-,+,-,-,+,-,+,,,-,-,+,+,-,-,+,-,+,+,+,-,+
UFT.2014(L)7852,,-,-,-,-,-,-,-,-,-,-,-,,+,-,-,-,-,-,+,-,-,-,-,-,-,-,-,-,+,+,-,-,-,-,-,-,-,-,-,-,+,,,-,-,+,+,+,-,-,-,+,-,+,-,+
UFT.2014(L)7853,,-,-,-,-,-,-,-,-,-,-,-,,+,-,-,-,-,-,+,-,-,-,-,-,-,-,-,+,+,+,-,-,-,-,-,+,+,-,+,-,+,,,-,-,+,+,+,-,-,-,+,-,+,+,+
UFT.2014(L)7854,,+,-,+,-,+,+,-,-,-,+,-,-,+,-,-,-,+,-,+,-,,+,+,+,+,+,+,,+,+,-,-,+,+,-,-,-,+,+,-,+,,,-,-,+,+,-,-,-,-,+,-,+,-,-
UFT.2014(L)7855,,-,-,-,-,-,-,-,-,-,-,-,-,-,-,-,-,-,-,,-,-,-,+,-,-,-,+,-,-,-,-,-,-,-,-,-,-,-,-,-,+,,,-,-,+,+,+,-,-,+,-,-,+,-,-
UFT.2014(L)7856,,+,+,+,+,+,+,-,-,-,+,-,-,+,+,+,-,-,-,+,-,+,+,+,+,+,+,+,+,+,+,-,-,-,-,-,-,-,+,+,+,+,,,-,-,+,+,-,-,+,+,+,+,+,-,-
UFT.2014(L)7857,,-,+,-,w,-,-,-,-,w,-,,-,+,-,w,-,-,-,+,-,-,-,,-,-,-,+,+,+,+,-,-,-,-,-,-,-,-,,-,-,,,-,-,+,+,+,-,-,-,+,+,+,-,-
UFT.2014(L)7858,,+,+,+,+,+,-,-,-,-,+,-,-,+,-,-,+,+,-,+,+,+,+,+,+,+,+,+,-,+,-,-,-,-,+,-,+,-,+,+,-,+,,,-,-,+,+,-,-,-,+,+,-,+,-,+
UFT.2014(L)7859,,-,-,-,-,+,-,-,-,-,-,,-,-,-,-,-,-,-,-,-,-,-,,-,-,+,+,-,-,-,-,-,-,-,-,-,-,-,,+,-,,,-,-,+,+,-,,-,-,,,,,
UFT.2014(L)7860,,+,+,+,+,+,+,-,-,-,+,-,-,+,-,-,+,+,-,+,+,+,-,+,+,+,+,+,-,+,+,-,-,-,-,-,-,-,+,+,-,+,,,-,-,+,+,+,-,-,-,-,+,+,-,-
UFT.2014(L)7861,,+,+,+,+,+,+,-,-,-,+,-,-,+,-,-,-,+,-,+,+,+,-,+,+,-,+,-,-,+,+,-,-,-,+,-,-,-,+,+,-,+,,,-,-,+,+,+,-,-,-,-,+,+,-,-
UFT.2014(L)7862,,-,-,-,-,+,-,-,-,-,-,-,+,-,-,w,-,-,-,-,-,-,-,-,-,-,-,+,-,-,-,-,-,-,-,-,-,-,-,+,+,+,,,-,-,+,+,+,-,-,-,-,+,+,-,-
UFT.2014(L)7864,,+,+,+,+,+,+,-,+,+,+,-,-,+,,,,,,,,,,,,,,,,,,,,,,,,,,,,,,,-,-,,,,,,,,,,,
UFT.2014(L)7865,,+,+,+,-,+,+,-,-,-,+,-,-,+,+,-,-,-,-,+,-,,+,+,+,+,+,+,,+,+,-,-,+,+,-,-,-,+,+,+,+,,,-,-,+,+,-,-,+,-,+,+,+,+,+
UFT.2014(L)7867,,+,+,+,+,+,+,-,w,+,+,w,-,+,,,,,,,,,,,,,,,,,,,,,,,,,,,,,,,-,-,,,,,,,,,,,
UFT.2014(L)7868,,+,+,+,+,+,+,w,-,-,+,-,+,+,,,,,,,,,,,,,,,,,,,,,,,,,,,,,,,-,-,,,,,,,,,,,
UFT.2014(L)7869,,+,+,+,+,+,+,-,+,+,+,-,-,+,,,,,,,,,,,,,,,,,,,,,,,,,,,,,,,-,-,,,,,,,,,,,
UFT.2014(L)7870,,-,-,-,-,+,-,-,-,-,-,-,-,-,-,-,-,-,-,-,-,-,-,-,-,-,+,+,-,-,-,-,-,-,-,-,-,-,-,-,+,+,,,-,-,+,+,-,,-,,,,,,
UFT.2014(L)7871,,-,-,-,-,w,-,-,-,-,-,-,-,-,-,-,-,-,-,-,-,-,-,-,-,-,-,-,-,-,-,-,-,-,-,-,-,-,-,-,+,+,,,-,-,+,+,+,-,-,-,-,+,+,-,-
UFT.2014(L)7872,,w,-,w,+,-,-,+,-,-,-,-,-,+,+,-,+,-,,-,+,w,-,-,-,-,-,-,-,-,-,w,-,-,-,,,,-,w,-,+,,,-,-,+,+,-,,+,-,,,,,
UFT.2014(L)7873,,+,+,+,,+,+,-,+,w,+,,w,+,+,w,-,-,-,+,-,+,w,,+,-,+,w,-,+,+,-,-,-,-,-,-,-,-,+,+,+,,,+,-,+,+,+,,+,+,,,,,
UFT.2014(L)7876,,-,+,-,-,-,-,-,-,-,-,,-,+,-,-,-,-,-,+,-,-,-,,-,-,-,w,+,+,+,+,-,-,-,-,-,-,-,,-,-,,,-,-,+,+,-,,-,-,,,,,
UFT.2014(L)7877,,+,+,+,,+,+,-,-,-,+,,-,+,-,-,-,-,-,+,w,+,-,,+,-,+,+,+,+,+,+,-,-,-,-,-,-,-,+,-,+,,,+,-,+,+,+,,-,-,,,,,
UFT.2014(L)7878,,+,+,+,+,+,+,-,+,+,+,-,-,+,,,,,,,,,,,,,,,,,,,,,,,,,,,,,,,-,-,,,,,,,,,,,
UFT.2014(L)7880,,-,+,-,,-,-,-,-,-,-,,-,w,-,-,-,+,-,w,-,-,-,,-,-,+,-,-,+,w,-,-,-,-,-,-,-,-,w,-,+,,,-,-,+,+,+,,-,-,,,,,
UFT.2014(L)7881,,+,+,+,,+,+,w,-,w,+,,-,+,+,+,+,-,-,+,w,+,+,,+,-,-,+,-,+,+,+,-,-,-,-,-,-,+,w,-,+,,,+,+,+,+,+,,+,-,,,,,
UFT.2014(L)7882,,+,+,+,+,+,+,-,+,+,+,-,-,+,+,w,w,-,,+,-,+,+,+,+,+,+,+,w,+,+,-,-,+,+,-,+,-,w,+,+,+,,,-,-,+,+,-,-,-,-,-,+,-,+,-
UFT.2014(L)7883,,-,-,-,+,-,-,-,-,+,-,,-,-,-,w,-,-,-,+,-,-,-,,-,-,-,+,+,+,+,+,-,-,-,-,-,-,,,-,-,,,-,-,+,+,-,,-,-,,,,,
UFT.2014(L)7887,,+,+,+,+,+,+,-,+,+,+,-,-,+,,,,,,,,,,,,,,,,,,,,,,,,,,,,,,,-,-,,,,,,,,,,,
UFT.2014(L)7888,,+,+,+,+,+,+,-,w,+,+,-,-,+,,,,,,,,,,,,,,,,,,,,,,,,,,,,,,,-,-,,,,,,,,,,,
UFT.2014(L)7889,,+,+,+,+,+,+,-,+,+,+,-,-,+,,,,,,,,,,,,,,,,,,,,,,,,,,,,,,,-,-,,,,,,,,,,,
UFT.2014(L)7890,,-,-,-,,+,-,-,-,-,-,,-,-,-,-,-,-,-,-,-,-,-,,-,-,w,+,-,-,-,-,-,-,-,-,-,-,-,-,+,-,,,-,-,+,+,+,,-,-,,,,,
UFT.2014(L)7891,,+,+,+,+,+,+,-,-,-,+,-,-,+,+,+,+,-,-,+,-,+,+,+,+,+,+,-,-,+,-,-,-,-,+,-,+,-,+,+,+,+,,,-,-,+,+,-,-,+,-,+,+,+,+,+
UFT.2014(L)7892,,+,+,+,+,+,+,-,-,-,+,-,-,+,+,+,-,-,-,+,+,+,+,+,+,+,+,+,+,+,+,w,-,-,+,-,+,-,+,+,+,,,,-,-,+,+,-,-,+,-,+,+,+,+,+
UFT.2014(L)7893,,+,+,+,+,+,+,-,-,-,+,-,-,+,+,+,+,-,-,+,-,+,+,+,+,+,+,-,-,+,-,-,-,-,+,-,+,-,+,+,+,+,,,-,-,+,+,-,-,+,-,+,+,+,+,+
UFT.2014(L)7894,,+,+,+,+,+,+,-,+,+,+,w,-,+,,,,,,,,,,,,,,,,,,,,,,,,,,,,,,,-,-,,,,,,,,,,,
UFT.2014(L)7896,,+,+,+,+,+,+,-,-,-,+,-,-,+,,,,,,,,,,,,,,,,,,,,,,,,,,,,,,,-,-,,,,,,,,,,,
UFT.2014(L)7897,,+,+,+,+,+,+,-,+,+,+,-,-,+,,,,,,,,,,,,,,,,,,,,,,,,,,,,,,,-,-,,,,,,,,,,,
UFT.2014(L)7898,,+,+,+,+,+,+,-,+,+,+,-,-,+,,,,,,,,,,,,,,,,,,,,,,,,,,,,,,,-,-,,,,,,,,,,,
UFT.2014(L)7899,,+,+,+,+,+,+,-,-,+,+,+,-,+,,,,,,,,,,,,,,,,,,,,,,,,,,,,,,,-,-,,,,,,,,,,,
UFT.2014(L)7900,,+,+,+,+,+,+,-,+,+,+,-,-,+,,,,,,,,,,,,,,,,,,,,,,,,,,,,,,,-,-,,,,,,,,,,,
UFT.2014(L)7901,,+,+,+,+,+,+,-,+,+,+,-,-,+,,,,,,,,,,,,,,,,,,,,,,,,,,,,,,,-,-,,,,,,,,,,,
UFT.2014(L)7902,,+,-,+,+,+,+,-,-,+,+,+,-,+,,,,,,,,,,,,,,,,,,,,,,,,,,,,,,,-,-,,,,,,,,,,,
UFT.2014(L)7904,,+,+,+,+,+,+,-,+,+,+,w,-,+,,,,,,,,,,,,,,,,,,,,,,,,,,,,,,,-,-,,,,,,,,,,,
UFT.2014(L)7905,,+,+,+,+,+,+,-,+,+,+,-,-,+,,,,,,,,,,,,,,,,,,,,,,,,,,,,,,,-,-,,,,,,,,,,,
UFT.2014(L)7906,,+,-,+,+,+,+,-,-,+,+,+,-,+,,,,,,,,,,,,,,,,,,,,,,,,,,,,,,,-,-,,,,,,,,,,,
UFT.2014(L)7907,,+,+,+,+,+,+,-,+,+,+,-,-,+,,,,,,,,,,,,,,,,,,,,,,,,,,,,,,,-,-,,,,,,,,,,,
UFT.2014(L)7908,,-,-,-,-,-,-,-,-,-,-,-,-,-,,,,,,,,,,,,,,,,,,,,,,,,,,,,,,,-,-,,,,,,,,,,,
UFT.2014(L)7909,,-,+,-,+,+,-,-,-,-,-,-,-,+,,,,,,,,,,,,,,,,,,,,,,,,,,,,,,,-,-,,,,,,,,,,,
UFT.2014(L)7910,,+,+,-,+,-,-,-,-,-,-,-,-,-,w,-,+,-,,w,-,-,w,-,-,-,-,-,+,+,-,-,-,-,-,-,+,-,-,+,-,+,,,-,-,+,+,-,-,-,-,+,-,-,-,-
UFT.2014(L)7916,,+,+,+,+,+,+,-,+,+,+,-,-,+,,,,,,,,,,,,,,,,,,,,,,,,,,,,,,,-,-,,,,,,,,,,,
UFT.2014(L)7917,,+,+,+,+,+,+,-,+,+,+,w,-,+,,,,,,,,,,,,,,,,,,,,,,,,,,,,,,,-,-,,,,,,,,,,,
UFT.2014(L)7918,,+,+,+,+,+,+,-,+,+,+,-,-,+,,,,,,,,,,,,,,,,,,,,,,,,,,,,,,,-,-,,,,,,,,,,,
UFT.2014(L)7919,,+,+,+,+,+,+,-,+,+,+,-,-,+,,,,,,,,,,,,,,,,,,,,,,,,,,,,,,,-,-,,,,,,,,,,,
UFT.2014(L)7920,,+,+,+,+,+,+,-,w,+,+,-,-,+,,,,,,,,,,,,,,,,,,,,,,,,,,,,,,,-,-,,,,,,,,,,,
UFT.2014(L)7921,,-,+,-,+,+,+,+,-,+,+,+,+,+,+,+,+,+,+,+,+,+,+,+,+,+,+,+,+,+,+,+,+,+,+,-,-,-,-,+,-,+,,,-,-,+,+,+,-,-,-,+,+,+,+,+
UFT.2014(L)7922,,-,-,-,-,+,+,-,-,-,+,-,-,+,,,,,,,,,,,,,,,,,,,,,,,,,,,,,,,-,-,,,,,,,,,,,
UFT.2014(L)7923,,+,+,+,+,+,+,-,+,+,+,-,-,+,,,,,,,,,,,,,,,,,,,,,,,,,,,,,,,-,-,,,,,,,,,,,
UFT.2014(L)7924,,+,+,+,+,+,+,-,-,-,+,-,-,+,,,,,,,,,,,,,,,,,,,,,,,,,,,,,,,-,-,,,,,,,,,,,
UFT.2014(L)7925,,+,+,+,+,+,+,-,+,+,+,-,-,+,,,,,,,,,,,,,,,,,,,,,,,,,,,,,,,-,-,,,,,,,,,,,
UFT.2014(L)7928,,+,+,+,+,+,+,-,+,+,+,-,-,+,,,,,,,,,,,,,,,,,,,,,,,,,,,,,,,-,-,,,,,,,,,,,
UFT.2014(L)7930,,+,+,+,+,+,+,-,+,+,+,-,-,+,,,,,,,,,,,,,,,,,,,,,,,,,,,,,,,-,-,,,,,,,,,,,
UFT.2014(L)7931,,-,-,-,-,+,-,-,-,-,-,-,-,-,,,,,,,,,,,,,,,,,,,,,,,,,,,,,,,-,-,,,,,,,,,,,
UFT.2014(L)7932,,-,+,-,+,-,-,-,-,-,-,-,-,+,,,,,,,,,,,,,,,,,,,,,,,,,,,,,,,-,-,,,,,,,,,,,
UFT.2014(L)7933,,+,+,+,+,+,+,-,+,+,+,+,-,+,,,,,,,,,,,,,,,,,,,,,,,,,,,,,,,-,-,,,,,,,,,,,
UFT.2014(L)7934,,-,-,-,-,+,-,-,-,-,-,-,-,-,-,-,-,-,-,-,-,-,-,-,-,-,-,-,-,-,-,-,-,-,-,-,-,-,+,-,-,+,,,-,-,+,+,-,-,-,-,-,-,+,+,-
UFT.2014(L)7935,,+,-,+,+,+,+,-,-,-,+,-,-,+,-,-,+,+,+,+,+,+,-,+,+,+,+,+,-,+,+,-,-,+,+,-,-,-,+,+,-,+,,,-,-,+,+,-,-,-,-,-,+,+,+,-
UFT.2014(L)7936,,-,+,-,-,-,-,-,-,-,-,-,-,+,-,-,-,-,+,+,-,-,-,-,-,-,-,w,+,+,+,-,-,-,+,-,+,-,-,-,-,+,,,-,-,+,+,-,-,+,-,-,+,-,-,-
UFT.2014(L)7937,,-,-,-,-,+,-,-,-,-,-,+,-,-,-,-,-,-,+,-,-,-,-,-,-,-,+,+,-,-,-,-,-,-,-,-,-,-,-,-,+,+,,,-,-,+,+,-,,-,,,,,,
UFT.2014(L)7938,,-,-,-,-,+,-,-,-,-,-,-,-,-,-,-,-,-,-,-,-,-,-,-,-,-,+,+,+,-,-,-,-,-,-,-,-,-,-,-,+,+,,,-,-,+,+,-,,-,,,,,,
UFT.2014(L)7939,,-,-,-,-,-,-,-,-,-,-,-,-,-,-,-,-,-,-,-,-,-,-,-,-,-,+,+,-,+,+,-,-,-,-,-,-,-,-,-,+,+,,,-,-,+,+,+,-,-,-,-,-,+,-,-
UFT.2014(L)7940,,-,-,-,-,-,-,-,-,-,-,-,-,+,-,-,+,-,-,+,+,+,-,+,+,+,-,+,+,+,-,-,+,-,+,-,+,-,-,+,+,+,,,+,-,+,+,-,-,-,-,+,+,+,-,-
UFT.2014(L)7941,,+,+,+,+,+,+,-,-,-,+,-,-,+,+,+,-,-,-,+,-,+,+,+,+,+,+,+,-,+,+,-,-,-,-,-,+,-,+,+,+,+,,,-,-,+,+,-,-,+,+,+,+,+,+,-
UFT.2014(L)7942,,-,-,-,-,-,-,-,-,-,-,-,-,w,-,-,+,-,,-,+,+,-,+,+,-,-,+,+,+,+,-,-,-,-,,,,-,+,+,+,,,+,+,+,+,-,,-,-,,,,,
UFT.2014(L)7943,,-,+,-,+,-,-,-,-,-,-,-,-,-,-,-,-,-,+,-,-,-,-,-,-,-,-,-,+,+,-,-,-,-,-,-,-,-,-,+,-,+,,,,,,,,,,,,,,,
UFT.2014(L)7944,,+,+,+,+,+,+,-,-,-,+,-,-,+,,,,,,,,,,,,,,,,,,,,,,,,,,,,,,,-,-,,,,,,,,,,,
UFT.2014(L)7945,,+,-,+,+,+,+,-,-,+,+,-,-,+,-,,-,+,+,-,-,+,-,+,+,+,+,-,-,+,+,-,-,-,-,-,-,-,-,+,+,+,,,-,-,+,+,+,-,-,-,-,+,+,-,
UFT.2014(L)7946,,-,-,-,-,-,-,-,-,-,-,-,-,+,-,-,+,-,-,,+,+,-,+,+,-,-,+,,+,-,-,-,-,+,-,-,-,-,-,+,+,,,+,+,+,+,+,-,-,-,+,+,+,-,-
UFT.2014(L)7947,,+,+,+,+,+,+,-,w,-,+,,-,+,+,+,-,-,-,+,-,+,w,,+,w,+,+,-,+,+,+,w,w,-,-,-,-,-,,+,+,,,-,-,+,+,-,,+,+,,,,,
UFT.2014(L)7949,,+,+,+,+,+,+,-,-,-,+,-,-,+,+,+,+,-,-,+,+,+,+,+,+,+,+,+,+,+,+,-,-,-,+,-,-,-,+,+,+,,,,+,-,+,+,-,-,+,-,+,+,+,+,+
UFT.2014(L)7950,,+,+,+,+,+,+,-,+,+,+,-,-,+,,,,,,,,,,,,,,,,,,,,,,,,,,,,,,,-,-,,,,,,,,,,,
UFT.2014(L)7951,,-,-,-,-,-,-,-,-,-,-,-,-,-,-,-,-,-,-,+,-,-,-,-,-,-,-,-,-,+,+,-,-,-,-,-,-,-,-,-,-,+,,,-,-,+,+,+,-,-,-,+,-,w,-,+
UFT.2014(L)7952,,+,+,+,+,+,+,-,+,+,+,w,-,+,,,,,,,,,,,,,,,,,,,,,,,,,,,,,,,-,-,,,,,,,,,,,
UFT.2014(L)7953,,+,+,+,+,+,+,-,-,-,+,-,-,+,,,,,,,,,,,,,,,,,,,,,,,,,,,,,,,-,-,,,,,,,,,,,
UFT.2014(L)7954,,+,+,+,+,+,+,-,w,-,+,-,-,+,,,,,,,,,,,,,,,,,,,,,,,,,,,,,,,-,-,,,,,,,,,,,
UFT.2014(L)7956,,w,-,-,-,-,-,-,-,-,-,-,-,+,-,-,+,-,-,-,+,+,-,+,+,+,+,+,+,+,+,-,+,-,-,-,-,-,+,+,+,+,,,+,+,+,+,-,-,-,-,+,-,+,-,-
UFT.2014(L)7957,,-,+,-,-,-,+,-,-,-,-,-,-,+,-,-,+,-,-,-,+,+,-,+,+,+,-,+,+,+,-,-,+,-,+,-,-,-,-,+,+,+,,,+,+,+,+,-,-,-,-,+,-,+,-,+
UFT.2014(L)7958,,+,+,+,+,+,+,-,-,-,+,-,-,+,+,w,+,-,-,+,+,+,+,+,+,+,+,+,+,+,+,-,+,-,-,-,+,-,+,+,+,+,,,+,+,+,+,-,-,-,+,+,+,+,+,-
UFT.2014(L)7959,,-,+,+,-,+,+,-,-,-,+,-,-,+,-,-,+,-,-,-,+,+,-,+,+,-,-,-,+,+,+,-,-,-,+,-,-,-,+,+,+,+,,,+,+,+,+,+,-,-,-,+,+,+,-,-
UFT.2014(L)7961,,-,+,-,-,-,-,-,-,-,-,w,-,+,w,-,-,-,+,w,-,-,,-,-,,w,+,+,+,+,-,-,-,+,-,-,-,-,-,-,+,,,-,-,+,+,+,-,-,-,+,-,+,-,-
UFT.2014(L)7962,,+,+,+,+,+,+,-,-,-,+,-,-,+,,,,,,,,,,,,,,,,,,,,,,,,,,,,,,,-,-,,,,,,,,,,,
UFT.2014(L)7963,,-,+,-,-,-,-,-,-,-,,-,-,+,-,-,-,-,-,-,-,-,-,-,-,-,-,-,+,+,+,-,-,-,+,-,-,-,-,-,-,+,,,-,-,+,+,+,-,-,-,+,-,+,-,-
UFT.2014(L)7964,,+,+,+,+,+,+,-,+,+,+,-,-,+,,,,,,,,,,,,,,,,,,,,,,,,,,,,,,,-,-,,,,,,,,,,,
UFT.2014(L)7965,,-,-,-,-,-,-,-,-,-,-,-,-,-,-,-,-,-,-,-,-,-,-,-,-,-,+,-,-,-,-,-,-,-,-,-,-,-,-,-,+,+,,,-,-,+,+,+,,-,-,,,,,
UFT.2014(L)7966,,+,+,+,,+,-,-,-,w,+,,+,+,+,-,-,-,-,+,-,+,-,,+,-,+,+,-,w,+,-,-,-,-,-,-,-,-,+,-,+,,,-,-,+,+,+,,+,+,,,,,
UFT.2014(L)7967,,+,-,+,+,+,+,+,-,-,+,-,-,+,+,-,-,+,-,+,+,+,+,+,+,+,+,+,+,+,-,-,-,-,+,-,-,-,-,+,-,+,,,-,-,+,+,-,-,+,-,+,+,+,+,+
UFT.2014(L)7968,,+,-,+,+,+,+,-,-,-,-,-,-,+,,,,,,,,,,,,,,,,,,,,,,,,,,,,,,,-,-,,,,,,,,,,,
UFT.2014(L)7969,,-,-,-,-,w,-,-,-,-,-,-,-,-,-,+,-,-,-,-,-,-,-,-,-,-,+,-,-,-,-,-,-,-,-,-,-,-,-,-,+,+,,,-,-,+,+,+,-,+,-,-,+,w,-,-
UFT.2014(L)7970,,+,+,+,+,+,+,-,-,-,+,-,-,+,+,+,-,-,-,+,-,+,+,+,+,+,+,+,-,+,+,-,-,-,-,-,-,-,+,+,+,+,,,-,-,+,+,-,-,+,+,+,+,+,+,-
UFT.2014(L)7971,,-,-,-,,+,-,-,-,-,-,,-,+,+,-,-,-,-,-,-,-,-,,-,-,+,+,-,-,-,-,-,-,-,-,-,-,-,-,+,+,,,+,-,+,+,+,,+,+,,,,,
UFT.2014(L)7972,,-,+,-,-,-,-,-,-,-,-,,-,+,-,-,-,-,-,+,-,-,-,,-,-,-,w,+,+,+,+,-,-,-,-,-,-,-,,-,-,,,-,-,+,+,-,,-,-,,,,,
UFT.2014(L)7973,,+,+,+,+,+,+,-,,+,+,-,w,+,+,w,w,-,,+,-,+,w,+,+,+,+,w,w,+,+,-,-,w,+,-,+,-,+,+,+,+,,,-,-,+,+,-,-,-,-,-,-,+,+,-
UFT.2014(L)7974,,-,-,-,-,-,-,-,-,-,-,-,-,+,-,-,+,-,,-,+,+,-,+,+,-,-,-,+,+,-,-,-,-,-,,,,-,+,+,-,,,+,+,+,+,-,,-,+,,,,,
UFT.2014(L)7977,,+,+,+,,+,+,-,-,w,+,,-,+,-,-,+,-,-,+,-,+,-,,+,-,+,+,-,+,+,-,+,-,-,-,-,-,-,+,+,+,,,+,+,+,+,+,,-,-,,,,,
UFT.2014(L)7980,,+,-,-,+,-,w,-,-,w,-,-,-,+,+,-,w,-,,+,-,-,w,-,-,-,-,+,+,+,+,-,-,+,-,-,+,-,-,+,-,+,,,-,-,+,+,-,-,-,-,-,+,+,-,-
UFT.2014(L)7982,,+,w,+,+,+,+,-,+,+,+,,-,+,+,w,w,-,-,w,-,+,+,,+,+,+,+,-,+,+,+,w,-,-,-,-,-,,,+,+,,,-,-,+,+,-,,+,+,,,,,
UFT.2014(L)7983,,+,+,+,+,+,+,-,+,+,+,-,-,+,,,,,,,,,,,,,,,,,,,,,,,,,,,,,,,-,-,,,,,,,,,,,
UFT.2014(L)7984,,w,+,+,+,+,+,-,-,+,+,,-,+,+,+,+,+,-,+,+,+,+,,+,-,+,+,-,+,-,+,-,-,-,-,-,-,-,,-,+,,,-,-,+,+,-,,-,-,,,,,
UFT.2014(L)7985,,+,+,+,+,+,+,-,-,-,+,,-,+,+,+,w,-,-,+,-,+,w,,+,w,+,+,-,+,+,+,w,-,-,-,-,-,-,,+,+,,,-,-,+,+,-,,+,+,,,,,
UFT.2014(L)7987,,+,+,+,+,+,+,-,+,+,+,w,-,+,,,,,,,,,,,,,,,,,,,,,,,,,,,,,,,-,-,,,,,,,,,,,
UFT.2014(L)7988,,+,-,+,+,+,+,-,-,+,+,+,-,+,+,-,-,+,+,+,-,+,+,+,+,+,+,+,+,+,+,-,-,+,-,-,-,-,-,+,-,+,,,-,-,+,+,-,-,-,-,-,+,+,-,-
UFT.2014(L)7989,,-,-,-,-,-,-,-,-,-,-,-,,+,-,-,-,-,-,+,-,-,-,-,-,-,-,-,-,+,+,-,-,-,-,-,-,-,-,-,-,+,,,-,-,+,+,+,-,-,-,+,-,+,+,+
UFT.2014(L)7991,,+,+,+,+,+,+,-,+,+,+,-,-,+,,,,,,,,,,,,,,,,,,,,,,,,,,,,,,,-,-,,,,,,,,,,,
UFT.2014(L)7992,,+,+,+,+,+,+,-,-,-,+,-,-,+,,,,,,,,,,,,,,,,,,,,,,,,,,,,,,,-,-,,,,,,,,,,,
UFT.2014(L)7993,,+,+,+,+,+,+,-,+,+,+,w,-,+,,,,,,,,,,,,,,,,,,,,,,,,,,,,,,,-,-,,,,,,,,,,,
UFT.2014(L)7995,,+,+,+,+,+,+,-,+,+,+,w,-,+,,,,,,,,,,,,,,,,,,,,,,,,,,,,,,,-,-,,,,,,,,,,,
UFT.2014(L)7996,,+,+,+,+,+,+,-,-,-,+,-,-,+,,,,,,,,,,,,,,,,,,,,,,,,,,,,,,,-,-,,,,,,,,,,,
UFT.2014(L)7997,,+,+,+,+,+,+,-,+,+,+,-,-,+,,,,,,,,,,,,,,,,,,,,,,,,,,,,,,,-,-,,,,,,,,,,,
UFT.2014(L)7999,,+,+,+,+,+,+,+,-,+,+,+,+,+,,,,,,,,,,,,,,,,,,,,,,,,,,,,,,,w,+,,,,,,,,,,,
UFT.2014(L)8000,,+,+,+,+,+,+,-,-,-,+,-,-,+,,,,,,,,,,,,,,,,,,,,,,,,,,,,,,,-,-,,,,,,,,,,,
UFT.2014(L)8001,,+,+,+,+,+,+,-,+,+,+,-,-,+,,,,,,,,,,,,,,,,,,,,,,,,,,,,,,,-,-,,,,,,,,,,,
UFT.2014(L)8002,,-,-,-,-,-,-,-,-,-,-,-,-,-,,,,,,,,,,,,,,,,,,,,,,,,,,,,,,,-,-,,,,,,,,,,,
UFT.2014(L)8003,,+,+,+,+,+,+,-,+,+,+,-,-,+,,,,,,,,,,,,,,,,,,,,,,,,,,,,,,,-,-,,,,,,,,,,,
UFT.2014(L)8004,,+,+,+,+,+,+,-,w,+,+,-,-,+,,,,,,,,,,,,,,,,,,,,,,,,,,,,,,,-,-,,,,,,,,,,,
UFT.2014(L)8022,,+,+,+,+,+,+,-,-,-,+,-,-,+,,,,,,,,,,,,,,,,,,,,,,,,,,,,,,,-,-,,,,,,,,,,,
UFT.2014(L)8023,,+,-,+,+,+,+,-,-,-,+,-,-,+,-,-,-,+,-,-,-,+,-,+,+,-,+,+,-,+,+,-,-,+,-,-,-,-,-,+,-,+,,,-,-,+,+,-,-,-,-,+,+,+,-,-
UFT.2014(L)8024,,-,-,-,-,+,-,-,-,-,-,-,,+,-,-,+,-,-,+,+,+,-,+,+,-,+,+,+,+,+,-,-,-,+,-,-,-,-,+,+,+,,,+,+,+,+,+,-,-,-,+,+,+,-,-
UFT.2014(L)8026,,+,w,w,,w,-,-,-,-,-,,-,+,w,-,-,-,-,+,-,+,-,,w,-,w,-,+,+,+,-,-,-,-,-,-,-,-,w,-,+,,,+,-,+,+,+,,-,+,,,,,
UFT.2014(L)8027,,-,-,-,+,-,-,-,-,-,-,-,-,-,,,,,,,,,,,,,,,,,,,,,,,,,,,,,,,-,-,,,,,,,,,,,
UFT.2014(L)8028,,-,-,-,-,-,-,-,-,-,-,-,-,-,,,,,,,,,,,,,,,,,,,,,,,,,,,,,,,-,-,,,,,,,,,,,
UFT.2014(L)8029,,+,+,+,+,+,+,-,+,+,+,+,-,+,,,,,,,,,,,,,,,,,,,,,,,,,,,,,,,-,-,,,,,,,,,,,
UFT.2014(L)816,,-,+,-,-,-,-,-,-,-,-,-,-,+,,,,,,,,,,,,,,,,,,,,,,,,,,,,,,,-,-,,,,,,,,,,,
UFT.2015(L)7561,,+,+,+,+,+,+,+,+,+,+,+,-,+,+,+,+,+,-,-,+,+,+,+,+,+,+,+,,+,+,-,-,+,+,-,-,-,+,-,-,,+,-,+,+,+,+,-,-,-,+,-,-,,-,-
UFT.2015(L)7562,+,+,+,+,+,+,+,+,+,+,+,-,-,+,+,+,+,+,-,+,+,+,+,+,+,-,+,+,-,+,-,-,-,-,+,-,-,-,+,-,-,,+,-,+,+,+,+,-,-,-,-,-,-,,-,-
UFT.2015(L)7570,,+,+,+,-,+,+,+,+,+,+,-,+,+,+,-,-,+,-,-,-,+,+,+,-,-,+,-,-,+,+,+,,-,+,-,-,-,+,-,-,,+,-,+,-,-,-,-,,-,-,-,-,,-,-
UFT.2015(L)7572,,-,-,-,-,-,-,-,-,-,-,-,-,-,-,-,-,-,-,-,-,-,-,-,-,-,-,-,-,-,-,-,-,-,-,-,-,-,-,+,-,,+,-,-,-,-,-,-,-,-,-,-,-,,-,-
UFT.2015(L)7574,-,+,+,+,+,+,+,+,+,+,+,-,-,-,-,+,-,-,-,-,+,+,+,+,+,+,+,+,,+,-,-,-,-,+,-,-,-,+,+,+,,+,-,-,-,-,-,-,-,-,-,-,-,,-,-
UFT.2015(L)7575,+,+,+,+,+,+,+,+,+,+,+,-,-,+,+,-,-,+,-,+,+,+,+,+,+,-,+,+,+,+,+,-,-,+,+,+,-,-,-,+,-,,+,-,-,-,+,+,-,-,-,-,-,-,,+,+
UFT.2015(L)7576,s,+,+,+,+,+,+,+,+,-,-,-,-,-,-,-,-,-,-,-,+,-,-,-,-,-,-,+,-,+,-,-,-,-,-,-,-,-,-,-,-,,-,-,-,-,-,-,-,-,-,-,-,-,,-,-
UFT.2015(L)7577,s,+,+,+,+,+,+,+,+,+,+,-,-,+,+,+,+,+,-,+,+,+,+,+,+,+,+,+,-,+,+,+,-,-,+,-,-,-,+,+,-,,+,-,+,-,+,+,-,-,+,+,-,-,,-,-
UFT.2015(L)7578,-,+,+,+,+,+,+,+,+,+,+,-,-,-,-,+,-,-,-,+,+,+,+,+,+,+,+,+,,+,-,-,-,-,+,-,-,-,+,+,+,,+,-,-,-,-,-,-,-,-,-,-,-,,-,-
UFT.2015(L)7579,-,+,+,+,+,+,+,+,+,+,+,-,-,-,-,+,-,-,-,-,-,+,+,+,+,+,+,+,,+,-,-,-,-,+,-,-,-,-,+,+,,+,-,-,-,-,-,-,-,-,-,-,-,,-,-
UFT.2015(L)7580,,+,+,-,+,+,+,-,-,+,-,-,-,+,+,-,-,-,-,-,-,+,+,+,+,-,+,+,-,+,,+,,-,+,-,-,-,+,-,+,,+,-,+,+,+,-,-,,-,-,-,-,,-,-
UFT.2015(L)7594,,+,-,+,+,+,+,+,+,+,+,-,-,+,+,+,+,+,-,-,+,-,+,+,+,-,-,+,-,+,,+,,+,+,-,-,-,+,+,-,,+,-,+,+,+,+,-,,-,-,-,-,,-,-
UFT.2015(L)7700,s,+,+,+,+,+,+,+,+,+,+,-,-,+,+,+,+,+,-,+,+,+,+,+,+,+,+,+,-,+,+,+,-,-,+,-,-,-,+,+,-,,+,-,+,-,+,+,-,-,+,+,-,-,,-,-
UFT.2015(L)7704,s,+,+,+,+,+,+,+,+,+,+,-,-,+,+,+,+,+,-,+,-,+,+,+,+,+,+,+,-,+,-,+,+,-,+,-,-,-,+,+,-,,+,-,+,+,+,+,-,+,+,+,-,+,,-,-
UFT.2015(L)7706,w,+,+,+,+,+,+,+,+,+,+,-,-,+,+,-,-,-,-,+,-,+,-,+,+,-,+,+,-,+,-,-,-,-,-,-,-,-,+,+,+,,+,-,-,-,+,+,-,-,-,-,-,-,,-,-
UFT.2015(L)7710,,+,+,+,+,+,+,+,+,+,+,-,-,+,+,+,+,-,-,-,+,+,+,+,+,+,-,+,-,+,,+,,-,+,-,-,-,+,-,-,,+,-,+,+,+,-,-,,-,-,-,-,,-,-
UFT.2015(L)7713,s,+,+,+,+,+,+,-,,+,,-,-,+,+,+,+,+,-,-,+,+,+,+,+,-,-,+,-,+,+,+,-,+,-,-,+,-,+,+,-,,+,-,-,+,+,+,-,-,-,-,-,-,,-,-
UFT.2015(L)7787,+,+,+,+,+,+,+,-,-,+,+,-,-,+,-,-,-,+,-,-,-,-,-,+,+,+,+,+,-,+,+,-,-,-,-,-,-,+,-,+,-,,+,-,-,-,+,+,-,-,+,+,-,-,,+,+
UFT.2015(L)7788,+,+,+,+,+,+,+,-,-,+,+,-,-,+,+,-,-,+,-,-,-,+,-,+,+,+,+,+,-,+,+,-,-,-,+,-,-,-,-,+,+,,+,-,-,-,+,+,-,-,+,+,-,+,,+,+
UFT.2015(L)7789,s,-,-,-,-,-,-,-,-,+,-,-,-,-,-,-,-,-,-,-,-,-,-,-,,-,-,-,-,+,+,-,-,-,-,-,-,+,-,+,-,,+,-,-,-,+,+,-,-,-,-,-,-,,+,+
UFT.2015(L)7791,s,+,+,+,+,+,+,-,+,+,+,-,-,+,+,+,+,+,-,-,+,+,+,+,+,-,+,+,-,+,+,+,-,+,+,-,-,-,+,+,-,,+,-,-,+,+,+,-,-,+,-,-,-,,-,-
UFT.2015(L)7792,+,-,-,-,+,-,-,-,-,+,-,-,-,-,-,-,-,-,-,-,-,-,-,-,-,-,-,-,-,+,+,-,-,-,-,-,-,+,+,+,-,,+,-,-,+,+,+,-,-,-,-,-,-,,+,+
UFT.2015(L)7793,w,+,+,+,+,+,+,+,+,+,+,-,-,+,+,+,+,+,-,+,+,+,-,+,+,+,+,+,-,+,+,+,-,-,+,-,-,-,+,+,-,,+,-,+,+,+,+,-,-,-,-,-,+,,-,-
UFT.2015(L)7794,s,+,+,+,+,+,+,+,+,+,+,-,-,+,+,+,+,+,-,+,+,+,+,+,+,+,+,+,-,+,-,+,+,+,+,-,-,-,+,+,-,,+,-,+,+,+,+,-,+,+,+,-,+,,-,-
UFT.2015(L)7795,w,+,+,+,+,+,+,+,+,+,+,-,-,+,+,+,+,+,-,+,+,+,+,+,+,+,+,+,-,+,+,+,-,-,+,-,-,-,+,+,-,,+,-,+,+,+,+,-,+,+,+,-,+,,-,-
UFT.2015(L)7796,+,+,+,+,+,+,+,+,+,+,+,-,+,+,+,+,+,+,-,-,+,+,+,+,+,+,+,+,-,+,-,+,+,-,+,-,-,-,+,+,-,,+,-,-,+,+,+,-,+,+,+,-,+,,-,-
UFT.2015(L)7874,,+,+,+,+,+,+,-,+,+,-,-,-,+,-,-,-,-,-,-,-,+,-,+,+,-,+,-,-,+,,+,,-,-,-,-,-,-,+,-,,+,-,-,-,+,+,-,,-,-,-,-,,+,-
UFT.2015(L)7913,,+,-,+,+,+,+,-,+,+,-,-,-,+,-,-,-,-,-,-,-,+,-,+,+,-,+,-,-,+,,+,,-,-,-,-,-,-,+,-,,+,-,-,-,+,+,-,,-,-,-,-,,+,-
UFT.2015(L)7914,,+,-,+,+,+,+,-,+,+,-,-,-,+,-,-,-,-,-,-,-,+,-,+,+,-,+,-,-,+,,+,,-,-,-,-,-,-,+,-,,+,-,-,-,+,+,-,,-,-,-,-,,+,-
UFT.2015(L)8007,+,-,+,-,-,-,-,-,-,+,-,-,-,-,-,-,+,-,-,+,-,-,-,+,+,-,-,+,-,+,-,-,-,-,+,-,-,-,-,+,-,,+,-,-,-,+,+,-,-,+,+,-,-,,-,-
UFT.2015(L)8012,+,+,+,+,+,+,+,+,+,+,-,-,-,+,+,+,-,+,-,-,-,-,+,+,+,-,-,+,-,+,+,-,-,+,-,-,-,-,+,+,-,,+,-,+,+,+,+,,-,+,+,-,-,,+,-
UFT.2015(L)8015,s,+,+,+,+,+,+,+,+,+,+,-,-,+,+,+,+,+,-,+,+,+,+,+,+,+,+,-,-,+,-,+,-,-,+,+,+,-,+,-,-,,+,-,-,-,+,+,-,-,-,-,-,-,,-,-
UFT.2015(L)8019,,+,-,+,+,+,+,+,+,+,+,-,-,+,+,+,+,+,-,-,+,+,+,+,+,,-,-,-,-,,+,,-,+,-,-,-,+,+,-,,+,-,-,-,+,-,-,,-,-,-,-,,-,-
UFT.2015(L)8046,,+,+,+,+,+,+,-,+,+,+,-,+,-,+,+,+,+,-,-,+,+,+,+,+,+,-,+,-,+,,-,,+,-,-,-,-,+,+,-,,+,-,-,+,+,+,-,,-,+,-,-,,+,-
UFT.2015(L)8057,,+,-,+,+,-,+,+,+,+,+,-,+,+,+,+,+,+,-,-,+,+,+,+,+,-,-,+,-,+,,+,,-,+,-,-,-,+,+,-,,+,-,-,+,+,+,-,,-,+,-,-,,-,-
UFT.2015(L)8065,+,+,+,+,+,+,+,+,+,+,-,-,-,+,+,-,-,-,-,-,-,+,-,+,+,+,-,-,-,+,-,-,-,-,-,-,-,-,+,+,+,,+,-,-,-,+,+,,-,-,+,-,+,,+,-
UFT.2015(L)8067,,+,+,+,+,,+,-,-,+,+,-,-,+,+,-,-,-,-,-,-,+,-,+,+,+,-,-,-,+,,-,,-,+,-,-,-,-,+,-,,+,-,-,+,+,+,-,,-,-,-,+,,+,-
UFT.2015(L)8079,,+,-,+,+,+,+,-,+,+,+,-,-,+,+,+,+,-,-,-,-,+,+,+,-,+,-,+,-,+,,-,,-,+,-,-,-,-,-,-,,+,-,+,+,+,+,-,,-,-,-,w,,+,-
UFT.2015(L)8082,,+,-,+,+,+,+,-,-,+,+,-,-,+,+,+,+,+,-,-,-,+,+,+,-,+,-,+,-,+,,-,,-,+,-,-,-,+,-,+,,+,-,+,+,+,+,-,,-,+,-,-,,-,-
UFT.2015(L)8083,+,+,+,+,+,+,+,+,+,+,-,-,-,+,+,-,-,-,-,-,-,-,-,+,+,+,-,+,-,+,-,-,,-,-,-,-,-,-,+,+,,+,-,-,-,+,+,,-,-,+,-,+,,+,-
UFT.2015(L)8085,,+,+,+,+,+,+,-,-,+,+,-,-,+,+,-,-,+,-,-,-,+,-,+,+,+,+,-,-,+,,+,,+,+,-,-,-,-,+,+,,+,-,-,-,+,+,-,,-,+,-,-,,+,-
UFT.2015(L)8086,-,+,-,-,-,-,-,+,-,-,-,-,-,-,-,-,-,-,-,-,-,-,-,-,-,-,-,-,-,-,-,-,-,-,-,-,-,-,-,-,-,,-,-,+,+,-,-,,-,-,-,-,-,,-,-
UFT.2015(L)8087,,+,-,+,+,-,+,-,-,-,+,-,-,-,+,-,-,-,-,-,-,+,+,+,+,-,-,+,-,+,,-,,+,+,-,-,-,+,+,-,,+,-,-,-,+,+,-,,-,+,-,-,,+,-
UFT.2015(L)8501,,+,+,-,-,+,+,-,-,-,+,-,-,+,+,+,+,+,+,+,+,+,-,+,+,+,-,,,,,,,,,,,,,,,,,,,,,,,,,,,,,,
UFT.2015(L)8503,,+,+,+w,+,+,-+,-,+w,+w,-+,-c,-c,+,+,-+,+w,-c,+,+,-,+w,+w,-+,-+,+,+,,,,,,,,,,,,,,,,,,,,,,,,,,,,,,
UFT.2015(L)8505,,-+,+,-+,-+,-,+,-+,-,-,+,-,-,+,+,-+,-+,-,+,+,-,+,-,+,+,+,-,,,,,,,,,,,,,,,,,,,,,,,,,,,,,,
UFT.2015(L)8506,,-c,-c,-,-,+,-,-,-,-,-,-,c,-,-,-,-,-,-,-c,-,-,-,-,-c,-,+,,,,,,,,,,,,,,,,,,,,,,,,,,,,,,
UFT.2015(L)8507,,+,+,+,+,+,+,-,-,-,+,-,-,+,-,-,+,c,+,+,+,+,-,+,+,+,+,,,,,,,,,,,,,,,,,,,,,,,,,,,,,,
UFT.2015(L)8509,,+,+,+w,+,+,-+,-,+w,+w,-+,-c,-c,+,+,-+,+w,-c,+,+,-,+w,+w,-+,-+,+,+,,,,,,,,,,,,,,,,,,,,,,,,,,,,,,
UFT.2015(L)8510,,+,+,+w,+,+,-+,-,+w,+w,-+,-c,-c,+,+,-+,+w,-c,+,+,-,+w,+w,-+,-+,+,+,,,,,,,,,,,,,,,,,,,,,,,,,,,,,,
UFT.2015(L)8511,,+,+,+,c,c,+,-,-,c,+,-,+,+,c,c,-,-,d,+,c,+,-,c,+,-,+,,,,,,,,,,,,,,,,,,,,,,,,,,,,,,
UFT.2015(L)8512,,-c,-c,-,-,+,-,-,-,-,-,-,c,-,-,-,-,-,-,-c,-,-,-,-,-c,-,+,,,,,,,,,,,,,,,,,,,,,,,,,,,,,,
UFT.2015(L)8514,,-c,-c,-,-,+,-,-,-,-,-,-,c,-,-,-,-,-,-,-c,-,-,-,-,-c,-,+,,,,,,,,,,,,,,,,,,,,,,,,,,,,,,
UFT.2015(L)8515,,+,+,+w,+,+,-+,-,+w,+w,-+,-c,-c,+,+,-+,+w,-c,+,+,-,+w,+w,-+,-+,+,+,,,,,,,,,,,,,,,,,,,,,,,,,,,,,,
UFT.2015(L)8516,,-c,-c,-,-,+,-,-,-,-,-,-,c,-,-,-,-,-,-,-c,-,-,-,-,-c,-,+,,,,,,,,,,,,,,,,,,,,,,,,,,,,,,
UFT.2015(L)8517,,-c,+,+,+,+,+,+,-,-,+,-,-,+,+,-,+,-,+,+,+,+,-,+,+,+,+,,,,,,,,,,,,,,,,,,,,,,,,,,,,,,
UFT.2015(L)8519,,-c,-c,-,-,+,-,-,-,-,-,-,c,-,-,-,-,-,-,-c,-,-,-,-,-c,-,+,,,,,,,,,,,,,,,,,,,,,,,,,,,,,,
UFT.2015(L)8521,,-c,-c,-,-,+,-,-,-,-,-,-,c,-,-,-,-,-,-,-c,-,-,-,-,-c,-,+,,,,,,,,,,,,,,,,,,,,,,,,,,,,,,
UFT.2015(L)8522,,-w,+w,+,+,-+,+,-,-,+,+,+,-,+,-,d,-w,+,+,+,-,+,-,+,+,+,+,+,-,+,+,-,-,+,+w,,,-,+,+,,,,,,,,,,,,,,,,,
UFT.2015(L)8523,,+,+,+,+,+,-,-,-,-,+,-,-,+,-,-+,-+,-,+,+,-,+,-,+,+,-+,+,,,,,,,,,,,,,,,,,,,,,,,,,,,,,,
UFT.2015(L)8524,,-c,-c,-,-,+,-,-,-,-,-,-,c,-,-,-,-,-,-,-c,-,-,-,-,-c,-,+,,,,,,,,,,,,,,,,,,,,,,,,,,,,,,
UFT.2015(L)8525,,+,+,+,c,c,+,-,-,c,+,-,+,+,c,c,-,-,d,+,c,+,-,c,+,-,+,,,,,,,,,,,,,,,,,,,,,,,,,,,,,,
UFT.2015(L)8529,,+,+,+w,+,+,-+,-,+w,+w,-+,-c,-c,+,+,-+,+w,-c,+,+,-,+w,+w,-+,-+,+,+,,,,,,,,,,,,,,,,,,,,,,,,,,,,,,
UFT.2015(L)8530,,+,+,+w,+,+,-+,-,+w,+w,-+,-c,-c,+,+,-+,+w,-c,+,+,-,+w,+w,-+,-+,+,+,,,,,,,,,,,,,,,,,,,,,,,,,,,,,,
UFT.2015(L)8531,,+,-+,+,+,+,+,-,-c,c,-,-,+,+,c,-+,+w,-,-+,-c,-,+,-c,-c,+,+,-,,,,,,,,,,,,,,,,,,,,,,,,,,,,,,
UFT.2015(L)8532,,+,+,+w,+,+,-+,-,+w,+w,-+,-c,-c,+,+,-+,+w,-c,+,+,-,+w,+w,-+,-+,+,+,,,,,,,,,,,,,,,,,,,,,,,,,,,,,,
UFT.2015(L)8535,,-c,-c,-,-,+,-,-,-,-,-,-,c,-,-,-,-,-,-,-c,-,-,-,-,-c,-,+,,,,,,,,,,,,,,,,,,,,,,,,,,,,,,
UFT.2015(L)8536,,+w,-,+,+,+w,+w,-,-,+w,+w,-,+w,+w,-,-,-,-,+,+,+w,-,-,+w,+w,+w,+w,-,+,+,-,-,-,-,+w,,,+w,-,-,,,,,,,,,,,,,,,,,
UFT.2015(L)8538,,-c,-c,-,-,+,-,-,-,-,-,-,c,-,-,-,-,-,-,-c,-,-,-,-,-c,-,+,,,,,,,,,,,,,,,,,,,,,,,,,,,,,,
UFT.2015(L)8539,,-c,-c,-,-,+,-,-,-,-,-,-,c,-,-,-,-,-,-,-c,-,-,-,-,-c,-,+,,,,,,,,,,,,,,,,,,,,,,,,,,,,,,
UFT.2015(L)8540,,+w,-,+,+,+w,+w,-,-,+w,+w,-,+w,+w,-,-,-,-,+,+,+w,-,-,+w,+w,+w,+w,-,+,+,-,-,-,-,+w,,,+w,-,-,,,,,,,,,,,,,,,,,
UFT.2015(L)8541,,-c,-c,-,-,+,-,-,-,-,-,-,c,-,-,-,-,-,-,-c,-,-,-,-,-c,-,+,,,,,,,,,,,,,,,,,,,,,,,,,,,,,,
UFT.2015(L)8542,,-c,-c,-,-,+,-,-,-,-,-,-,c,-,-,-,-,-,-,-c,-,-,-,-,-c,-,+,,,,,,,,,,,,,,,,,,,,,,,,,,,,,,
UFT.2015(L)8543,,+,+,+,c,c,+,-,-,c,+,-,+,+,c,c,-,-,d,+,c,+,-,c,+,-,+,,,,,,,,,,,,,,,,,,,,,,,,,,,,,,
UFT.2015(L)8544,,+,+,+,+,+,+,-+,+,+,+,+,+,+,+,+,+,+,+,+,+,+,-+,+,+,-+,-+,+,-+,+,+,+,-,+,,,,,,,,,,,,,,,,,,,,,,,
UFT.2015(L)8545,,+,+,+,c,c,+,-,-,c,+,-,+,+,c,c,-,-,d,+,c,+,-,c,+,-,+,,,,,,,,,,,,,,,,,,,,,,,,,,,,,,
UFT.2015(L)8546,,+,+,+,c,c,+,-,-,c,+,-,+,+,c,c,-,-,d,+,c,+,-,c,+,-,+,,,,,,,,,,,,,,,,,,,,,,,,,,,,,,
UFT.2015(L)8547,,-,-,-,+,+,+,-,-,+,+,,,,,,,,,,,,,,,,,,,,,,,,,,,,,,,,,,,,,,,,,,,,,,
UFT.2015(L)8548,,+,+,+w,+,+,-+,-,+w,+w,-+,-c,-c,+,+,-+,+w,-c,+,+,-,+w,+w,-+,-+,+,+,,,,,,,,,,,,,,,,,,,,,,,,,,,,,,
UFT.2015(L)8549,,+,-+,-+,+,+,+,-,-,-,+,-,-,+,+,+,+,-,+,+,+,+,-,+,+,+,+,+,-,+,+,-,-,,,,,,,,,,,,,,,,,,,,,,,,
UFT.2015(L)8550,,+,+w,+,+,+w,+,-,-+,+,+,+w,-c,+,+,+w,+w,-c,+,+w,-+,+,-+,+w,-+,+,+w,,,,,,,,,,,,,,,,,,,,,,,,,,,,,,
UFT.2015(L)8551,,+,+,+w,+,+,-+,-,+w,+w,-+,-c,-c,+,+,-+,+w,-c,+,+w,-,+w,+w,-+,-+,+,+,,,,,,,,,,,,,,,,,,,,,,,,,,,,,,
UFT.2015(L)8553,,+,+,+,c,c,+,-,-,c,+,-,+,+,c,c,-,-,d,+,c,+,-,c,+,-,+,,,,,,,,,,,,,,,,,,,,,,,,,,,,,,
UFT.2015(L)8554,,+,+,+,+,c,+,-,-,-,+,-,-,+,-,-,-,-,+,+,-,+,-,+,+,+,,,,,,,,,,,,,,,,,,,,,,,,,,,,,,,
UFT.2015(L)8555,,+,+,+w,+,+,-+,-,+w,+w,-+,-c,-c,+,+,-+,+w,-c,+,+,-,+w,+w,-+,-+,+,+,,,,,,,,,,,,,,,,,,,,,,,,,,,,,,
UFT.2015(L)8557,,+,+,+w,+,+,-+,-,+w,+w,-+,-c,-c,+,+,-+,+w,-c,+,+,-,+w,+w,-+,-+,+,+,,,,,,,,,,,,,,,,,,,,,,,,,,,,,,
UFT.2015(L)8558,,+,+,+w,+,+,-+,-,+w,+w,-+,-c,-c,+,+,-+,+w,-c,+,+,-,+w,+w,-+,-+,+,+,,,,,,,,,,,,,,,,,,,,,,,,,,,,,,
UFT.2015(L)8559,,+,+,+w,+,+,-+,-,+w,+w,-+,-c,-c,+,+,-+,+w,-c,+,+,-,+w,+w,-+,-+,+,+,,,,,,,,,,,,,,,,,,,,,,,,,,,,,,
UFT.2015(L)8560,,+,+,+,c,c,+,-,-,c,+,-,+,+,c,c,-,-,d,+,c,+,-,c,+,-,+,,,,,,,,,,,,,,,,,,,,,,,,,,,,,,
UFT.2015(L)8561,,-,-,-,-,+,-,-,-,-,-,-,-,-,-,-,-,-,-,-,-,-,-,-,-+,-,+,-+,-,-,-,-,-,,,,,,,,,,,,,,,,,,,,,,,,
UFT.2015(L)8562,,-c,-c,-,-,+,-,-,-,-,-,-,c,-,-,-,-,-,-,-c,-,-,-,-,-c,-,+,,,,,,,,,,,,,,,,,,,,,,,,,,,,,,
UFT.2015(L)8563,,+,+w,+,+,+w,+,-,-+,+,+,+w,-c,+,+,+w,+w,-c,+,+w,-+,+,-+,+w,-+,+,+w,,,,,,,,,,,,,,,,,,,,,,,,,,,,,,
UFT.2015(L)8565,,-c,-c,-,-,+,-,-,-,-,-,-,c,-,-,-,-,-,-,-c,-,-,-,-,-c,-,+,,,,,,,,,,,,,,,,,,,,,,,,,,,,,,
UFT.2015(L)8566,,-c,-c,-,-,+,-,-,-,-,-,-,c,-,-,-,-,-,-,-c,-,-,-,-,-c,-,+,,,,,,,,,,,,,,,,,,,,,,,,,,,,,,
UFT.2015(L)8567,,+w,-,+,+,+w,+w,-,-,+w,+w,-,+w,+w,-,-,-,-,+,+,+w,-,-,+w,+w,+w,+w,-,+,+,-,-,-,-,+w,,,+w,-,-,,,,,,,,,,,,,,,,,
UFT.2015(L)8569,,+,+,+w,+,+,-+,-,+w,+w,-+,-c,-c,+,+,-+,+w,-c,+,+,-,+w,+w,-+,-+,+,+,,,,,,,,,,,,,,,,,,,,,,,,,,,,,,
UFT.2015(L)8570,,+,+,+w,+,+,-+,-,+w,+w,-+,-c,-c,+,+,-+,+w,-c,+,+,-,+w,+w,-+,-+,+,+,,,,,,,,,,,,,,,,,,,,,,,,,,,,,,
UFT.2015(L)8571,,+,+,+w,+,+,-+,-,+w,+w,-+,-c,-c,+,+,-+,+w,-c,+,+,-,+w,+w,-+,-+,+,+,,,,,,,,,,,,,,,,,,,,,,,,,,,,,,
UFT.2015(L)8572,,+,+,+w,+,+,-+,-,+w,+w,-+,-c,-c,+,+,-+,+w,-c,+,+,-,+w,+w,-+,-+,+,+,,,,,,,,,,,,,,,,,,,,,,,,,,,,,,
UFT.2015(L)8573,,+,-c,+,+,+,+,-,-,-,+w,-,-,+,-,-,+w,-,+,+,+,+,-,+,+,d,+,,,,,,,,,,,,,,,,,,,,,,,,,,,,,,
UFT.2015(L)8574,,-,-,-,-,-,-,-,-,-,-,-,-,-+,-,-,-,-,+,+,-,-,-,-,-,-,-,-,,,,,,,,,,,,,,,,,,,,,,,,,,,,,
UFT.2015(L)8576,,+,+,+w,+,+,-+,-,+w,+w,-+,-c,-c,+,+,-+,+w,-c,+,+,-,+w,+w,-+,-+,+,+,,,,,,,,,,,,,,,,,,,,,,,,,,,,,,
UFT.2015(L)8577,,+,+,+w,+,+,-+,-,+w,+w,-+,-c,-c,+,+,-+,+w,-c,+,+,-,+w,+w,-+,-+,+,+,,,,,,,,,,,,,,,,,,,,,,,,,,,,,,
UFT.2015(L)8578,,-,-,-,-,-,-,-,-,-,-,-,-,-+,-,-,-,-,+,+,-,-,-,-,-,-,-,-,,,,,,,,,,,,,,,,,,,,,,,,,,,,,
UFT.2015(L)8579,,+,+,+w,+,+,-+,-,+w,+w,-+,-c,-c,+,+,-+,+w,-c,+,+,-,+w,+w,-+,-+,+,+,,,,,,,,,,,,,,,,,,,,,,,,,,,,,,
UFT.2015(L)8580,,+,+,+w,+,+,-+,-,+w,+w,-+,-c,-c,+,+,-+,+w,-c,+,+,-,+w,+w,-+,-+,+,+,,,,,,,,,,,,,,,,,,,,,,,,,,,,,,
